Date,Open,High,Low,Close,Volume,Dividends,Stock Splits
2017-04-03 00:00:00-04:00,69.40677536357256,69.88927315265845,68.69002592555951,69.29395065307617,3786820.0,0.0,0.0
2017-04-04 00:00:00-04:00,69.23834847596802,69.51707433428435,68.80004478295902,69.17957572937011,3448060.0,0.0,0.0
2017-04-05 00:00:00-04:00,69.25865545664092,70.058933511677,68.88001575472563,69.0289077758789,2644060.0,0.0,0.0
2017-04-06 00:00:00-04:00,69.17537265322963,69.94346323929497,69.09432582283021,69.58740539550782,2875880.0,0.0,0.0
2017-04-07 00:00:00-04:00,69.57390905599449,70.23395267816878,69.49340819066634,69.97469482421874,2301620.0,0.0,0.0
2017-04-10 00:00:00-04:00,70.00565917235511,70.96202937875572,69.79756342439937,70.47442398071288,2730520.0,0.0,0.0
2017-04-11 00:00:00-04:00,70.33045489705071,70.80829005371498,69.84867578210842,70.5156681060791,2400520.0,0.0,0.0
2017-04-12 00:00:00-04:00,70.31985773740986,70.59752954438915,69.7612105720962,70.20725021362304,2815800.0,0.0,0.0
2017-04-13 00:00:00-04:00,70.09454522451453,70.38960256764221,69.35876968243609,69.47049942016602,2553040.0,0.0,0.0
2017-04-17 00:00:00-04:00,69.48871259075344,70.19395748242326,69.16715633800334,70.04688682556153,2148860.0,0.0,0.0
2017-04-18 00:00:00-04:00,69.89498571995361,70.39443490093007,69.75072832510837,70.15713119506836,1946640.0,0.0,0.0
2017-04-19 00:00:00-04:00,70.39671347721801,70.9104278289833,69.9552027135989,70.47232322692871,2608280.0,0.0,0.0
2017-04-20 00:00:00-04:00,71.23149862713069,72.10907966573151,70.66238270108457,71.7347599029541,3545980.0,0.0,0.0
2017-04-21 00:00:00-04:00,71.67900349293701,72.21476042951016,71.33183023549667,72.05923576354981,3069580.0,0.0,0.0
2017-04-24 00:00:00-04:00,72.81026829713085,73.21977443409337,71.71221280562627,72.2317928314209,3544140.0,0.35,0.0
2017-04-25 00:00:00-04:00,72.6947932593101,73.3938303732559,72.15752927268166,72.86894302368164,3604480.0,0.0,0.0
2017-04-26 00:00:00-04:00,72.89095353840227,73.5049718127981,72.43583631801287,73.14169425964356,2963560.0,0.195,0.0
2017-04-27 00:00:00-04:00,66.14421372038323,67.27553201154288,65.6668653164367,67.0054235458374,4340183.333333333,0.0,0.0
2017-04-28 00:00:00-04:00,67.01760194106217,67.3125097993537,66.14032425712128,66.97948773701985,2673866.6666666665,0.0,0.0
2017-05-01 00:00:00-04:00,66.89398784324088,68.14036740520807,66.32228470564966,66.83347638448079,2334350.0,0.0,0.0
2017-05-02 00:00:00-04:00,67.06157068056258,67.93240719513477,66.71003220183249,67.59474595362224,2428283.3333333335,0.0,0.0
2017-05-03 00:00:00-04:00,67.5903496986465,68.74139819037993,67.15309850452424,67.97480805714925,1738133.3333333333,0.0,0.0
2017-05-04 00:00:00-04:00,68.1130231251467,68.6746724676231,67.53371484481082,68.2768627802531,1963716.6666666667,0.0,0.0
2017-05-05 00:00:00-04:00,68.53168685308053,68.73754345014191,67.77813990454636,68.43177445729573,1644450.0,0.0,0.0
2017-05-08 00:00:00-04:00,68.46852663018261,69.18165844293617,67.84555169610856,68.75231965382893,2488400.0,0.0,0.0
2017-05-09 00:00:00-04:00,69.85793773667923,71.4845895041231,69.46772111504653,70.78876145680745,4282616.666666667,0.0,0.0
2017-05-10 00:00:00-04:00,70.8035136755788,71.67188134626986,70.32497264764801,71.41445382436116,2508616.6666666665,0.0,0.0
2017-05-11 00:00:00-04:00,70.75824022587383,71.53543918560523,69.66456513815947,70.73623752593994,3222666.6666666665,0.0,0.0
2017-05-12 00:00:00-04:00,70.11840336728275,70.80472271612325,69.61230361949723,70.17947196960449,2806633.3333333335,0.0,0.0
2017-05-15 00:00:00-04:00,70.41145794909484,71.26358026771348,70.0549082111811,70.43848514556885,3306183.3333333335,0.0,0.0
2017-05-16 00:00:00-04:00,71.00648990127537,71.49667116252986,69.985204508855,70.4895585378011,3818483.3333333335,0.0,0.0
2017-05-17 00:00:00-04:00,70.41621473952968,70.71937698216402,69.18809422131335,69.58978907267253,2916550.0,0.283333,0.0
2017-05-18 00:00:00-04:00,69.33919398625603,70.64522791452602,69.0825873882334,70.17011133829753,2620266.6666666665,0.0,0.0
2017-05-19 00:00:00-04:00,70.21655162730285,70.85005240625138,69.62995742718742,70.05408096313477,2471283.3333333335,0.0,0.0
2017-05-22 00:00:00-04:00,70.26854314469178,70.72762298435484,69.52595175045654,70.09159056345622,3033583.3333333335,0.0,0.0
2017-05-23 00:00:00-04:00,70.18939756277106,70.60792472113918,69.44475967720969,69.843430519104,3394533.3333333335,0.0,0.0
2017-05-24 00:00:00-04:00,69.38972038464844,70.11935620750201,68.57905819546461,69.74026616414388,5433716.666666667,0.0,0.0
2017-05-25 00:00:00-04:00,70.30744877108296,70.99596540291664,69.32758319497121,70.12269751230876,5186166.666666667,0.0,0.0
2017-05-26 00:00:00-04:00,70.26354747017237,71.32874701756748,69.45969753015466,70.8559726079305,2893566.6666666665,0.0,0.0
2017-05-30 00:00:00-04:00,70.54373930978939,70.95437992544993,69.51046357484809,69.92682266235352,3460933.3333333335,0.89,0.0
2017-05-31 00:00:00-04:00,69.91772255882712,70.12163409350065,68.91952226097682,69.33590030670166,4104466.6666666665,0.0,0.0
2017-06-01 00:00:00-04:00,69.38938015763523,71.162125965485,69.10487883342707,70.94257005055745,3035500.0,0.0,0.0
2017-06-02 00:00:00-04:00,71.11042660117502,72.01107043310316,70.72699109152079,71.56668249766032,2614500.0,0.0,0.0
2017-06-05 00:00:00-04:00,71.66078742338193,72.11012255409835,70.71932206065291,71.41223239898682,2386516.6666666665,0.0,0.0
2017-06-06 00:00:00-04:00,71.28943306422832,71.79853045258328,70.66687301990018,71.0896364847819,3418850.0,0.0,0.0
2017-06-07 00:00:00-04:00,71.23021829550757,71.67626706142083,70.43749781583806,70.95771312713623,2559816.6666666665,0.0,0.0
2017-06-08 00:00:00-04:00,71.10982361555834,72.54076148800279,70.72951531932809,71.89620272318523,3569100.0,0.0,0.0
2017-06-09 00:00:00-04:00,71.95755200238749,72.99426334769805,71.09218597919843,71.90771706899007,3828066.6666666665,0.0,0.0
2017-06-12 00:00:00-04:00,71.73171599365237,72.3822829834499,70.22569596145138,71.46198081970215,3788316.6666666665,0.0,0.0
2017-06-13 00:00:00-04:00,71.63778638651333,72.6389825653687,71.30982124220101,72.07003529866536,2292433.3333333335,0.0,0.0
2017-06-14 00:00:00-04:00,72.37541484976398,73.4527713122034,71.63104825043865,72.9568977355957,2935850.0,0.0,0.0
2017-06-15 00:00:00-04:00,72.42553828155211,73.58973797259746,71.8811476943377,73.19042873382568,2836833.3333333335,0.0,0.0
2017-06-16 00:00:00-04:00,73.03829822207969,73.78148529046597,72.38162233127227,73.3151445388794,4558600.0,0.0,0.0
2017-06-19 00:00:00-04:00,73.61368501825523,75.06710336888774,72.7650514229837,74.14251708984375,2919683.3333333335,0.0,0.0
2017-06-20 00:00:00-04:00,74.32527151114871,75.29495802436848,73.85975901464465,74.15818341573079,2467400.0,0.0,0.0
2017-06-21 00:00:00-04:00,74.26243959132775,75.2443847029402,73.69507168971977,74.23318036397298,2404566.6666666665,0.0,0.0
2017-06-22 00:00:00-04:00,74.25361197460664,74.66385114397532,73.33787469305689,73.82005945815918,2725800.0,0.0,0.0
2017-06-23 00:00:00-04:00,73.76243878853126,74.3384900917769,71.9279232031219,72.6839758552539,6572016.666666667,0.0,0.0
2017-06-26 00:00:00-04:00,73.03789270755429,73.78819654706635,72.4309516790199,73.11608155593994,2483900.0,0.0,0.0
2017-06-27 00:00:00-04:00,72.81269839371281,73.84680316168242,72.34231732133593,72.99093023935954,2949500.0,0.0,0.0
2017-06-28 00:00:00-04:00,73.20663335269244,73.81150683333823,72.64897582466743,73.33344078063965,2509183.3333333335,0.0,0.0
2017-06-29 00:00:00-04:00,73.23675659206425,73.43178393456556,71.53958355439221,72.09432474772136,2202216.6666666665,0.0,0.0
2017-06-30 00:00:00-04:00,72.21344560233312,73.2372315975029,71.70051889119001,72.5360266365039,2549650.0,0.0,0.0
2017-07-03 00:00:00-04:00,72.88290711594867,73.30404801775725,71.83260881628847,72.31551202138265,1255166.6666666667,0.0,0.0
2017-07-05 00:00:00-04:00,72.31947456102618,72.72748001357739,71.13553151548443,71.93389892578125,2577066.6666666665,0.0,0.0
2017-07-06 00:00:00-04:00,71.60799564167846,72.11382394743084,70.91901291468709,71.55515766143799,2339283.3333333335,0.0,0.0
2017-07-07 00:00:00-04:00,71.57022401847264,72.45633098518685,71.25960622040331,71.88278770446777,2211733.3333333335,0.0,0.0
2017-07-10 00:00:00-04:00,71.87544878555543,72.12931829259995,70.98258840506406,71.34769630432129,2953683.3333333335,0.0,0.0
2017-07-11 00:00:00-04:00,71.36134999413933,71.94987226584753,70.85536611295977,71.4308894475301,2668366.6666666665,0.0,0.0
2017-07-12 00:00:00-04:00,71.80483487447057,72.36881064088071,71.27954853553724,71.8756612141927,2302900.0,0.0,0.0
2017-07-13 00:00:00-04:00,72.16839032090412,73.07510511499571,71.89548936837905,72.47622299194336,2223000.0,0.0,0.0
2017-07-14 00:00:00-04:00,72.493149831964,73.00510655436415,71.72181605062394,72.32615407307942,2252116.6666666665,0.0,0.0
2017-07-17 00:00:00-04:00,72.33531704271108,73.03739185906495,71.92886138452329,72.37309296925862,2589183.3333333335,0.0,0.0
2017-07-18 00:00:00-04:00,71.83840723035131,72.62723007885317,71.31530129924397,72.02802499135335,2510800.0,0.0,0.0
2017-07-19 00:00:00-04:00,72.35361156276873,73.29468147065087,72.04532665368612,72.75477536519368,2189416.6666666665,0.195,0.0
2017-07-20 00:00:00-04:00,71.96239589139611,72.59382406187346,69.27227447092324,70.61029847462972,10491416.666666666,0.0,0.0
2017-07-21 00:00:00-04:00,70.5334507390334,71.07705902266979,69.82561589955705,70.51258532206218,4706483.333333333,0.0,0.0
2017-07-24 00:00:00-04:00,70.66703512199699,71.05900731481717,69.91819714360533,70.36571057637532,3439266.6666666665,0.41,0.0
2017-07-25 00:00:00-04:00,70.71106261678888,71.51730738882644,70.22858102048974,71.21235084533691,2878850.0,0.0,0.0
2017-07-26 00:00:00-04:00,71.28579179089058,72.07904677806016,70.61969835056533,71.37653350830078,2087866.6666666667,0.0,0.0
2017-07-27 00:00:00-04:00,71.33102449056861,72.21935643487654,70.04556960482574,71.20886007944743,3357366.6666666665,0.0,0.0
2017-07-28 00:00:00-04:00,70.91291009455767,71.6344674617912,70.0551037582957,70.76327228546143,2768450.0,0.0,0.0
2017-07-31 00:00:00-04:00,70.7053080040283,71.26945849424264,69.60593401783198,70.3833548227946,3321633.3333333335,0.0,0.0
2017-08-01 00:00:00-04:00,70.63672442647454,70.97707000166741,69.55777193445611,70.4148546854655,2569483.3333333335,0.0,0.0
2017-08-02 00:00:00-04:00,70.39098413861983,70.81557890657517,69.48548458731265,69.94465001424153,2397483.3333333335,0.0,0.0
2017-08-03 00:00:00-04:00,70.03622365903094,71.08849724687889,69.49055100878734,70.37625916798909,2575716.6666666665,0.0,0.0
2017-08-04 00:00:00-04:00,70.62480006548981,71.67339764513237,70.25984300514627,71.42948055267334,1986216.6666666667,0.0,0.0
2017-08-07 00:00:00-04:00,71.6047838131127,72.4043854007052,70.8793731511005,71.69533697764079,2671666.6666666665,0.0,0.0
2017-08-08 00:00:00-04:00,71.60060403473419,71.98385247877569,69.91822601752159,70.57174714406331,2855333.3333333335,0.0,0.0
2017-08-09 00:00:00-04:00,70.17942507634439,71.52971779742658,69.71528270151477,70.69766203562419,2258516.6666666665,0.0,0.0
2017-08-10 00:00:00-04:00,70.36902058843235,70.66464089821297,69.11084552893772,69.28358777364095,2755533.3333333335,0.0,0.0
2017-08-11 00:00:00-04:00,69.268388854609,70.41438962373653,69.08333165274688,69.89847819010417,1966783.3333333333,0.0,0.0
2017-08-14 00:00:00-04:00,70.34920610971807,70.83613309483515,69.67134417006686,70.3125508626302,2756300.0,0.0,0.0
2017-08-15 00:00:00-04:00,70.3152266209252,70.41414317396546,68.17087787733576,68.60702355677165,5072766.666666667,0.0,0.0
2017-08-16 00:00:00-04:00,68.86436278009826,69.5285299400248,68.6258035695703,69.18044726053874,2646750.0,0.283333,0.0
2017-08-17 00:00:00-04:00,68.98027590821742,69.26432831597221,67.60179400568107,67.84220790863037,2641333.3333333335,0.0,0.0
2017-08-18 00:00:00-04:00,67.83767879665591,68.01065577298631,66.81391324371091,67.17928218841553,3324283.3333333335,0.0,0.0
2017-08-21 00:00:00-04:00,67.14035501005826,67.90915874904931,66.58046701098156,67.28898652394612,3281300.0,0.0,0.0
2017-08-22 00:00:00-04:00,67.50073140094106,68.74261861020959,67.26535444056728,68.49821662902832,3486283.3333333335,0.0,0.0
2017-08-23 00:00:00-04:00,67.5211090186779,68.19190789198815,66.75669670474183,67.82749716440837,7360783.333333333,0.0,0.0
2017-08-24 00:00:00-04:00,68.20620678174153,68.68883556076464,67.26291396339788,67.79312960306804,5071616.666666667,0.0,0.0
2017-08-25 00:00:00-04:00,68.25060497924852,69.1490068440041,67.74852054773001,68.61493682861328,2899433.3333333335,0.0,0.0
2017-08-28 00:00:00-04:00,69.10839448500573,69.74647993947903,68.45872500001677,69.06706364949544,3125216.6666666665,0.0,0.0
2017-08-29 00:00:00-04:00,68.53699254623679,69.25889288180605,67.96695522458309,68.65486399332683,3112650.0,0.89,0.0
2017-08-30 00:00:00-04:00,68.70234369954993,69.49773997132401,68.30503687444609,69.11589908599854,2560666.6666666665,0.0,0.0
2017-08-31 00:00:00-04:00,69.44109277191211,69.96974407348067,69.04730433982276,69.4886023203532,3590283.3333333335,0.0,0.0
2017-09-01 00:00:00-04:00,69.67452187361,70.4967746494607,69.28002319399951,70.22503821055095,2277033.3333333335,0.0,0.0
2017-09-05 00:00:00-04:00,70.42642658631588,71.62180563987057,70.2104962452765,71.08613872528076,3582766.6666666665,0.0,0.0
2017-09-06 00:00:00-04:00,71.74630500419254,72.6000507565783,71.0274430372598,71.86637687683105,3540866.6666666665,0.0,0.0
2017-09-07 00:00:00-04:00,72.48679187082996,73.05459718209597,71.49187863335833,72.26817321777344,4048250.0,0.0,0.0
2017-09-08 00:00:00-04:00,72.72049207863883,73.99536517480729,72.10293099724099,73.59737968444824,4847916.666666667,0.0,0.0
2017-09-11 00:00:00-04:00,73.22931621627724,73.80474436939447,72.42106116386422,73.39627933502197,3867983.3333333335,0.0,0.0
2017-09-12 00:00:00-04:00,73.69561568281226,75.33725565655278,73.43532789679786,74.8943468729655,3562950.0,0.0,0.0
2017-09-13 00:00:00-04:00,74.97092783931997,75.53926189816661,74.00189437375175,74.36605707804362,3477800.0,0.0,0.0
2017-09-14 00:00:00-04:00,74.30705027129159,74.64682125851034,73.52949544220635,73.94997533162434,2988850.0,0.0,0.0
2017-09-15 00:00:00-04:00,74.02183202522492,74.18332168064312,73.02787488334332,73.45612239837646,5457833.333333333,0.0,0.0
2017-09-18 00:00:00-04:00,73.56053366705261,73.95704094911784,72.89224728840684,73.26631291707356,3081016.6666666665,0.0,0.0
2017-09-19 00:00:00-04:00,73.33664247017852,73.89221992347895,72.81752527412856,73.37810770670573,2685233.3333333335,0.0,0.0
2017-09-20 00:00:00-04:00,73.24972803484708,74.73580151658992,73.04967193794405,74.46092542012532,3333533.3333333335,0.0,0.0
2017-09-21 00:00:00-04:00,74.53809568862935,74.88836059482458,73.7110625757967,74.2296743390389,2732200.0,0.0,0.0
2017-09-22 00:00:00-04:00,74.154991323853,74.53866027231325,72.53052515441485,73.27432123819987,2977283.3333333335,0.0,0.0
2017-09-25 00:00:00-04:00,73.15404628611564,74.19407018769049,72.34687540153573,73.42026011149089,3625866.6666666665,0.0,0.0
2017-09-26 00:00:00-04:00,73.71742640436572,74.34219834462493,72.57406462581419,72.89047463734944,2947066.6666666665,0.0,0.0
2017-09-27 00:00:00-04:00,73.08440048841551,73.68828240040845,72.1021606771243,72.91251977284749,3116350.0,0.0,0.0
2017-09-28 00:00:00-04:00,72.61940518824865,73.9334694372214,72.3576181036841,73.59747886657715,2932750.0,0.0,0.0
2017-09-29 00:00:00-04:00,73.55688621100664,74.30539547243347,72.8359100961465,73.35043780008952,2420616.6666666665,0.0,0.0
2017-10-02 00:00:00-04:00,73.44057278196476,74.05465510061761,72.90894865516137,73.65617561340332,2888550.0,0.0,0.0
2017-10-03 00:00:00-04:00,74.70863345680792,75.65174587203921,74.13103372358293,75.30847422281902,2926650.0,0.0,0.0
2017-10-04 00:00:00-04:00,75.24796197557443,75.9620023657291,74.77609892703377,75.3919719060262,2050333.3333333333,0.0,0.0
2017-10-05 00:00:00-04:00,75.64022434046413,76.21532400926542,74.86223044776364,75.5675745010376,2534966.6666666665,0.0,0.0
2017-10-06 00:00:00-04:00,75.41649730601928,76.09529969981187,74.73584627863976,75.34625053405762,2493666.6666666665,0.0,0.0
2017-10-09 00:00:00-04:00,75.39817147744033,75.66629338073113,74.73295953069525,75.12293179829915,1902000.0,0.0,0.0
2017-10-10 00:00:00-04:00,75.28626650685582,75.45656657603077,74.11779225429862,74.5119530359904,2033716.6666666667,0.0,0.0
2017-10-11 00:00:00-04:00,74.50729966634843,74.97949756048405,74.0907482712473,74.64220650990804,2095183.3333333333,0.0,0.0
2017-10-12 00:00:00-04:00,74.40131018228402,75.29314896907972,74.04258865720861,74.99140326182048,2547583.3333333335,0.0,0.0
2017-10-13 00:00:00-04:00,75.21602226774168,76.18114022613885,74.90334168347057,75.58503754933675,2987950.0,0.0,0.0
2017-10-16 00:00:00-04:00,75.80963665330358,75.93847792856657,74.5045585988389,75.1653356552124,2263133.3333333335,0.0,0.0
2017-10-17 00:00:00-04:00,75.21234494192561,75.4853273326333,74.03172195194813,74.57770188649495,2709750.0,0.0,0.0
2017-10-18 00:00:00-04:00,74.39912525575583,75.26448426796539,73.9881395784477,74.71532948811848,2278300.0,0.0,0.0
2017-10-19 00:00:00-04:00,74.65441500547966,75.3198864981055,74.25300372271383,74.88768037160237,1744350.0,0.0,0.0
2017-10-20 00:00:00-04:00,75.25094510409657,75.671950889357,74.61147356070282,75.13839658101399,2901200.0,0.0,0.0
2017-10-23 00:00:00-04:00,75.22320178515653,75.79196100969344,74.45389342508399,75.05613390579101,2954200.0,0.0,0.0
2017-10-24 00:00:00-04:00,74.85597161181525,76.22586163489306,74.5664145781426,75.66358057657878,2538566.6666666665,0.41,0.0
2017-10-25 00:00:00-04:00,75.78754897024308,76.22204583943117,74.62380857068497,75.30639012654622,2501250.0,0.0,0.0
2017-10-26 00:00:00-04:00,75.44176350112744,76.21156442423776,74.96559795964906,75.64596112569173,2351983.3333333335,0.195,0.0
2017-10-27 00:00:00-04:00,75.50696268466727,76.72950794338243,74.96340276160159,76.11161390940349,3025850.0,0.0,0.0
2017-10-30 00:00:00-04:00,75.97760517432027,76.81217631911731,75.30615448944765,75.85215791066487,2938250.0,0.0,0.0
2017-10-31 00:00:00-04:00,75.85581555123014,76.37299917120903,75.55716857398939,75.98688920338948,2128166.6666666665,0.0,0.0
2017-11-01 00:00:00-04:00,76.04737001596915,77.25941687097588,75.67031591892956,76.88710848490398,2639666.6666666665,0.0,0.0
2017-11-02 00:00:00-04:00,74.28137797616587,75.12137754451993,71.99325962194315,73.677840868632,6524816.666666667,0.0,0.0
2017-11-03 00:00:00-04:00,74.31467586834025,76.40865923479193,73.81193933928263,75.68630727132161,3495900.0,0.0,0.0
2017-11-06 00:00:00-05:00,75.35330854748558,75.87036277941904,74.2833426535038,74.72057183583577,2323283.3333333335,0.0,0.0
2017-11-07 00:00:00-05:00,74.81710277060064,75.1787009586947,73.46016787299739,73.82863267262776,2735716.6666666665,0.0,0.0
2017-11-08 00:00:00-05:00,73.68604681720268,74.34132058546906,72.86416854443327,73.8129784266154,2413833.3333333335,0.0,0.0
2017-11-09 00:00:00-05:00,73.6113615087741,73.97028644224623,72.32856831471476,73.25789006551106,2219666.6666666665,0.0,0.0
2017-11-10 00:00:00-05:00,73.22281472176854,74.3991251295086,72.93767743237599,74.00450801849365,2888466.6666666665,0.0,0.0
2017-11-13 00:00:00-05:00,73.90151437167164,74.8655447660357,73.42954450895402,74.28522618611653,3531300.0,0.0,0.0
2017-11-14 00:00:00-05:00,73.81821210899962,75.4120621040373,73.34788284819706,75.22572580973308,3741683.3333333335,0.0,0.0
2017-11-15 00:00:00-05:00,74.76806542387855,74.92361386021562,73.56895554424928,73.90047868092854,2838116.6666666665,0.0,0.0
2017-11-16 00:00:00-05:00,74.2776152492121,75.59608570484083,73.9919929452393,75.45250511169434,3899833.3333333335,0.283333,0.0
2017-11-17 00:00:00-05:00,74.75836876430152,75.86409876135154,74.21797829378583,75.05271848042806,7827966.666666667,0.0,0.0
2017-11-20 00:00:00-05:00,75.24107302907653,76.19906902884567,74.89630181657282,75.85845788319905,3778100.0,0.0,0.0
2017-11-21 00:00:00-05:00,75.72362076019125,76.80084601340896,75.33685752589687,76.39794667561848,4605516.666666667,0.0,0.0
2017-11-22 00:00:00-05:00,76.4874061695461,76.76166109488874,75.66349490495641,76.05291589101155,2807683.3333333335,0.0,0.0
2017-11-24 00:00:00-05:00,76.1779297005237,76.71399929033508,75.82678489317622,76.3789758682251,1210866.6666666667,0.0,0.0
2017-11-27 00:00:00-05:00,76.62716563577499,77.2802796796618,75.97536479854473,76.51682917277019,2916000.0,0.0,0.0
2017-11-28 00:00:00-05:00,76.71346839650015,77.97964765729098,76.16592132499521,77.80293305740479,3474466.6666666665,0.0,0.0
2017-11-29 00:00:00-05:00,78.17414260793767,79.54368470326956,77.0193351867422,78.01896985371907,4616633.333333333,0.89,0.0
2017-11-30 00:00:00-05:00,78.16775252199885,80.11011086278306,77.95937587994582,79.25010363260905,4656916.666666667,0.0,0.0
2017-12-01 00:00:00-05:00,79.23348034923137,80.01752269495462,77.49387836286998,79.43494192759196,3000383.3333333335,0.0,0.0
2017-12-04 00:00:00-05:00,80.39810887424078,83.05129126639629,80.16483227940037,82.10320886001709,5217283.333333333,0.0,0.0
2017-12-05 00:00:00-05:00,81.75158502673368,82.72530775984875,80.98803955601728,81.59165954589844,3826850.0,0.0,0.0
2017-12-06 00:00:00-05:00,80.6613254101501,82.0145300709139,79.78380906349939,80.43508179982503,4311983.333333333,0.0,0.0
2017-12-07 00:00:00-05:00,80.36388322648581,81.69840016981415,80.20097986650323,81.36319510142009,3742566.6666666665,0.0,0.0
2017-12-08 00:00:00-05:00,81.59423160726908,82.8530935715485,81.10166718209295,82.042223294576,3294033.3333333335,0.0,0.0
2017-12-11 00:00:00-05:00,81.93101079322265,82.413069933448,81.28663690506029,81.76057529449463,3343200.0,0.0,0.0
2017-12-12 00:00:00-05:00,81.76299459145069,82.01516476181585,80.897599835994,80.997327486674,2964316.6666666665,0.0,0.0
2017-12-13 00:00:00-05:00,81.2541887687842,82.28314457585529,80.91509928206993,81.80743567148845,2845783.3333333335,0.0,0.0
2017-12-14 00:00:00-05:00,82.15396193014625,82.90664025890439,81.06689771837348,81.45879141489665,2454616.6666666665,0.0,0.0
2017-12-15 00:00:00-05:00,81.79638976511593,82.70163077911576,81.25663956038441,82.33833471934001,4195483.333333333,0.0,0.0
2017-12-18 00:00:00-05:00,82.83783457983218,84.18208940248883,82.55586588200542,83.77457396189372,3129583.3333333335,0.0,0.0
2017-12-19 00:00:00-05:00,83.97791898903317,84.73813701227466,83.3112645310179,84.16667842890543,2602950.0,0.0,0.0
2017-12-20 00:00:00-05:00,84.56915772946682,85.31956423903627,83.96897324156065,84.73662344614665,2979083.3333333335,0.0,0.0
2017-12-21 00:00:00-05:00,84.82343729705639,85.24865485743418,83.61498749507213,84.34394423166911,3044783.3333333335,0.0,0.0
2017-12-22 00:00:00-05:00,84.47429295141815,85.07079518612885,83.82220839896723,84.59409777323405,1974750.0,0.0,0.0
2017-12-26 00:00:00-05:00,84.70181317257396,85.61816731393901,84.44300996954469,85.35940456390381,1581466.6666666667,0.0,0.0
2017-12-27 00:00:00-05:00,85.53009798777164,86.58632265000512,85.08801785399886,85.87586212158203,2415533.3333333335,0.0,0.0
2017-12-28 00:00:00-05:00,86.05161108107158,86.48631266794435,85.30571996177768,86.10009225209554,1823300.0,0.0,0.0
2017-12-29 00:00:00-05:00,86.37472912946383,86.62551148888618,85.42845097387233,85.60122140248616,2142000.0,0.0,0.0
2018-01-02 00:00:00-05:00,85.75140826139942,86.32424344392193,84.56922772223758,85.16331672668457,3048700.0,0.0,0.0
2018-01-03 00:00:00-05:00,84.81738802142398,85.41800062947597,83.7656991397008,84.77254390716553,3122266.6666666665,0.0,0.0
2018-01-04 00:00:00-05:00,85.12986147492241,86.04310076947228,84.08400015000271,85.36155891418457,2450016.6666666665,0.0,0.0
2018-01-05 00:00:00-05:00,86.0061842742216,86.93410446460143,85.4202145177,86.63014539082845,2557516.6666666665,0.0,0.0
2018-01-08 00:00:00-05:00,86.72048106183856,87.78686355025586,86.30010416645534,87.01422278086345,2561316.6666666665,0.0,0.0
2018-01-09 00:00:00-05:00,87.27731796140256,87.75330929202232,86.35520710018538,86.92037836710612,2011166.6666666667,0.0,0.0
2018-01-10 00:00:00-05:00,86.68400108034251,87.31166286237607,86.11045147485015,86.72839132944743,1759883.3333333333,0.0,0.0
2018-01-11 00:00:00-05:00,86.86591389498092,88.41553293378708,86.70841748030567,88.26016426086426,2068616.6666666667,0.0,0.0
2018-01-12 00:00:00-05:00,88.49864334204256,91.03463925365689,88.10694118375837,89.91760730743408,4744416.666666667,0.0,0.0
2018-01-16 00:00:00-05:00,90.5306214793117,91.75656416562553,88.75938593434974,89.11729049682617,4496000.0,0.0,0.0
2018-01-17 00:00:00-05:00,89.47345669074643,90.76227760664324,88.90464764958575,90.28184700012207,2618200.0,0.0,0.0
2018-01-18 00:00:00-05:00,90.4177660717259,91.11162116724687,89.7019396192353,90.2837479909261,2745716.6666666665,0.0,0.0
2018-01-19 00:00:00-05:00,91.10259297717609,92.30195911912756,90.47928760954419,91.9108813603719,3719850.0,0.0,0.0
2018-01-22 00:00:00-05:00,92.15261362495683,93.39010462223796,91.23029681942678,92.8590803143807,3050733.3333333335,0.0,0.0
2018-01-23 00:00:00-05:00,92.54689082931736,93.47131867988828,91.92980481902536,92.91323471069336,2591850.0,0.41,0.0
2018-01-24 00:00:00-05:00,93.25716440244499,94.05631308129728,91.93726005687688,93.04491360982259,2465983.3333333335,0.195,0.0
2018-01-25 00:00:00-05:00,93.10860668636737,93.89299660361525,91.51871066386,92.46060784657796,2927250.0,0.0,0.0
2018-01-26 00:00:00-05:00,92.6881243551141,93.47535903419408,91.78677982666336,93.29318809509277,2545566.6666666665,0.0,0.0
2018-01-29 00:00:00-05:00,93.37547049596469,94.29306162334267,92.45314185051318,93.10507488250732,2326366.6666666665,0.0,0.0
2018-01-30 00:00:00-05:00,91.77113074716571,92.745233539362,89.70581268450502,91.88998921712239,3019783.3333333335,0.0,0.0
2018-01-31 00:00:00-05:00,92.1388788934208,92.80820043169115,90.58332353708124,90.92558511098225,2952933.3333333335,0.0,0.0
2018-02-01 00:00:00-05:00,90.17376247218569,91.53449717366085,89.08313998495896,90.43139330546062,2758466.6666666665,0.0,0.0
2018-02-02 00:00:00-05:00,90.09219657490549,90.5145848921863,87.8436150905549,88.17549546559651,3270616.6666666665,0.0,0.0
2018-02-05 00:00:00-05:00,87.15983057158591,89.49428129135102,84.6909238178968,85.2230453491211,4976566.666666667,0.0,0.0
2018-02-06 00:00:00-05:00,83.51658019403804,88.58015835055791,82.53594607104587,88.17427221934001,5113300.0,0.0,0.0
2018-02-07 00:00:00-05:00,87.98989341132044,89.73046036413494,87.470327714682,87.98666826883952,3061966.6666666665,0.0,0.0
2018-02-08 00:00:00-05:00,88.07505291275845,88.48991386996356,84.21678513238005,84.36656697591145,3652716.6666666665,0.0,0.0
2018-02-09 00:00:00-05:00,85.2922394420479,86.98858711692247,82.02962829952575,86.11581961313884,4702416.666666667,0.0,0.0
2018-02-12 00:00:00-05:00,86.93306655863644,87.66658309645634,85.2076937204303,86.6279452641805,3627250.0,0.0,0.0
2018-02-13 00:00:00-05:00,86.28441595580551,87.32173032524348,85.31896353811666,86.45991071065266,2506133.3333333335,0.0,0.0
2018-02-14 00:00:00-05:00,85.81191846035506,88.2589321844185,85.33376559987839,87.76292355855306,4085933.3333333335,0.0,0.0
2018-02-15 00:00:00-05:00,88.46564692604181,88.85074374787581,86.65569128518514,87.50774319966634,2979066.6666666665,0.0,0.0
2018-02-16 00:00:00-05:00,87.50431608874582,88.71758996106097,86.87720406305881,87.90327548980713,3284466.6666666665,0.0,0.0
2018-02-20 00:00:00-05:00,88.18828179443044,89.32526033236358,86.81636572439236,87.27020517959473,3848350.0,0.0,0.0
2018-02-21 00:00:00-05:00,87.51640992552704,88.63527268772913,86.28439717738452,86.48525492375813,3219466.6666666665,0.0,0.0
2018-02-22 00:00:00-05:00,84.43301631240395,85.6894095865132,82.68431802535603,83.67722288767497,4654000.0,0.0,0.0
2018-02-23 00:00:00-05:00,83.92183561180678,84.9761263882376,82.6024586062882,84.54045899709065,4110716.6666666665,0.286667,0.0
2018-02-26 00:00:00-05:00,84.92485378012762,85.65515631774468,83.825985252665,84.78707631429036,3115766.6666666665,0.0,0.0
2018-02-27 00:00:00-05:00,84.69948292367408,85.49842686167405,83.23791410926886,83.6666898727417,3710216.6666666665,0.0,0.0
2018-02-28 00:00:00-05:00,82.56531107027509,84.58913246577278,81.67173100886885,82.73477045694987,8221066.666666667,0.0,0.0
2018-03-01 00:00:00-05:00,82.47057251652144,83.57809502883724,80.5970327835252,82.04895146687825,4898216.666666667,0.0,0.0
2018-03-02 00:00:00-05:00,81.24798651171906,82.21445800699239,80.31272370929528,81.43378162384033,4219433.333333333,0.0,0.0
2018-03-05 00:00:00-05:00,81.05921520050141,83.04485395294272,80.83169375196847,82.48121166229248,3606816.6666666665,0.0,0.0
2018-03-06 00:00:00-05:00,82.58487370720177,84.05771017754154,81.9100416559482,83.50523153940837,3079483.3333333335,0.0,0.0
2018-03-07 00:00:00-05:00,82.54843203992696,84.4288290192212,81.93302610097301,83.81407610575359,2919933.3333333335,1.03,0.0
2018-03-08 00:00:00-05:00,84.26981246719424,84.82355286920138,82.99413497522097,83.66413275400798,2814266.6666666665,0.0,0.0
2018-03-09 00:00:00-05:00,84.17513520813358,85.62485292319593,83.3674492666544,85.3572603861491,3070483.3333333335,0.0,0.0
2018-03-12 00:00:00-04:00,85.42501105863573,85.8943048856333,84.04582411840819,84.40370146433513,3292633.3333333335,0.0,0.0
2018-03-13 00:00:00-04:00,84.54225073913382,85.13285885805341,83.35743846409656,83.9226868947347,3488800.0,0.0,0.0
2018-03-14 00:00:00-04:00,84.29002180208391,84.92389462172723,82.9306973340607,83.82803344726562,3934650.0,0.0,0.0
2018-03-15 00:00:00-04:00,84.11039678059227,84.60493279856668,82.66833038153457,83.6792399091097,4035400.0,0.0,0.0
2018-03-16 00:00:00-04:00,83.17498633455189,84.16430892133958,82.29472015778798,83.20946025848389,4963333.333333333,0.0,0.0
2018-03-19 00:00:00-04:00,82.92830198597068,83.45629899195553,81.49178971080691,82.16804472605388,3438733.3333333335,0.0,0.0
2018-03-20 00:00:00-04:00,82.49225291441554,83.28103030645873,81.69467252693742,82.70424779256184,2881366.6666666665,0.0,0.0
2018-03-21 00:00:00-04:00,82.6721704603279,84.02682358296674,81.8081376314488,82.378586769104,2955650.0,0.0,0.0
2018-03-22 00:00:00-04:00,81.83207566988942,82.58094501830986,80.17198053133343,80.49324226379395,4648616.666666667,0.0,0.0
2018-03-23 00:00:00-04:00,80.73414450766431,81.19084842682994,78.81219852695695,79.1402603785197,3663833.3333333335,0.0,0.0
2018-03-26 00:00:00-04:00,80.74815561928645,81.72588670858282,79.86064205361795,81.20850276947021,4604000.0,0.0,0.0
2018-03-27 00:00:00-04:00,81.43687675147677,81.91622540940004,79.39423396588845,79.91163635253906,3804566.6666666665,0.0,0.0
2018-03-28 00:00:00-04:00,79.98726869325377,80.82739374335112,78.69337707232945,79.26985772450765,3295650.0,0.0,0.0
2018-03-29 00:00:00-04:00,79.73416543525171,81.57171672102274,79.44567325903007,81.16257095336914,3584283.3333333335,0.0,0.0
2018-04-02 00:00:00-04:00,80.40549543861802,81.41928544456545,77.33255584223225,78.33137925465901,4782766.666666667,0.0,0.0
2018-04-03 00:00:00-04:00,78.62058094240312,80.36042324363117,77.89486120616569,79.76446024576823,3468150.0,0.0,0.0
2018-04-04 00:00:00-04:00,78.49788872802466,82.12061835497016,78.11018591668831,81.88279755910237,3432716.6666666665,0.0,0.0
2018-04-05 00:00:00-04:00,82.24765547140002,83.33631691230651,81.60608822800172,82.61349646250407,2560316.6666666665,0.0,0.0
2018-04-06 00:00:00-04:00,81.94588388070503,82.5751218137141,79.99427632137352,80.68110466003418,3512250.0,0.0,0.0
2018-04-09 00:00:00-04:00,81.12284989543144,81.765359403884,79.66892337177339,80.08314800262451,3098683.3333333335,0.0,0.0
2018-04-10 00:00:00-04:00,80.89896117024234,81.47823087231778,79.81038495431632,80.82729848225911,2712600.0,0.0,0.0
2018-04-11 00:00:00-04:00,80.0158704111607,81.48598218637905,79.76568334547447,80.23981380462646,2357733.3333333335,0.0,0.0
2018-04-12 00:00:00-04:00,80.4487901649107,80.90938169405132,79.86931987520937,80.21562798817952,2317600.0,0.0,0.0
2018-04-13 00:00:00-04:00,80.66892770098724,81.13275354351032,79.38499191092795,79.83319441477458,2611666.6666666665,0.0,0.0
2018-04-16 00:00:00-04:00,80.32803828995775,80.8833772864215,79.53484078776468,79.9497807820638,2986066.6666666665,0.0,0.0
2018-04-17 00:00:00-04:00,80.58716622164796,82.07567489935435,80.00049000372616,81.36576588948567,2924383.3333333335,0.0,0.0
2018-04-18 00:00:00-04:00,81.4712552321189,83.19165239688128,81.21538558162086,82.51388804117839,3144833.3333333335,0.0,0.0
2018-04-19 00:00:00-04:00,82.37076100120855,82.69310509671445,80.79927821589203,81.49455006917317,3036166.6666666665,0.0,0.0
2018-04-20 00:00:00-04:00,81.68393895277347,82.54954688915808,80.67644391738456,81.27585093180339,3479600.0,0.0,0.0
2018-04-23 00:00:00-04:00,81.60653291907538,82.46540772023438,80.65904518845751,81.76962534586589,2672866.6666666665,0.0,0.0
2018-04-24 00:00:00-04:00,81.94024129100754,82.52629285984322,78.9989598212227,79.5613644917806,3643266.6666666665,0.41,0.0
2018-04-25 00:00:00-04:00,78.92625418451065,80.02007011750833,77.49224186685616,79.14310518900554,4127316.6666666665,0.0,0.0
2018-04-26 00:00:00-04:00,79.55332908246255,81.4336489454091,78.8563325954515,80.75498739878337,4382283.333333333,0.215,0.0
2018-04-27 00:00:00-04:00,80.86143170339834,81.89910412486152,80.05906508500269,81.04734516143799,2786216.6666666665,0.0,0.0
2018-04-30 00:00:00-04:00,80.68006890790078,81.36338572120106,79.14329635315723,79.48327318827312,2852866.6666666665,0.0,0.0
2018-05-01 00:00:00-04:00,79.07289228504797,80.46556854724126,77.97079188208097,80.3169584274292,2912650.0,0.0,0.0
2018-05-02 00:00:00-04:00,81.31820388822108,83.07332913540314,80.16776492494432,81.77119382222493,4007600.0,0.0,0.0
2018-05-03 00:00:00-04:00,80.83637957611433,81.43275628835865,79.0135822492778,80.31043561299641,3554516.6666666665,0.0,0.0
2018-05-04 00:00:00-04:00,79.9544276466159,82.9076043435211,79.65569456451385,81.93559900919597,2788083.3333333335,0.0,0.0
2018-05-07 00:00:00-04:00,82.01773374713906,82.7593571253351,80.74221473092045,81.69999440511067,2642300.0,0.0,0.0
2018-05-08 00:00:00-04:00,81.5081771716482,82.98729948289632,81.1735793067892,82.43648974100749,2461700.0,0.0,0.0
2018-05-09 00:00:00-04:00,82.5856795960484,83.5178746514708,81.60959305344049,82.82880369822185,2179616.6666666665,0.0,0.0
2018-05-10 00:00:00-04:00,82.94864516011314,83.68720054091257,82.24965952712058,82.89824708302815,2513316.6666666665,0.0,0.0
2018-05-11 00:00:00-04:00,83.03268959050074,84.47409689575842,82.71535246431488,83.85331567128499,2955733.3333333335,0.0,0.0
2018-05-14 00:00:00-04:00,84.1404396946563,84.54918527175953,83.28077234505132,83.8700803120931,3129966.6666666665,0.0,0.0
2018-05-15 00:00:00-04:00,83.33227843219123,83.99478944136645,82.22971731778651,83.08764171600342,3747266.6666666665,0.0,0.0
2018-05-16 00:00:00-04:00,83.25199575915173,83.76606345020866,82.34555431591467,82.9648962020874,2626800.0,0.0,0.0
2018-05-17 00:00:00-04:00,82.90071233808239,83.92985710103585,82.53501576706658,83.12814490000407,2320916.6666666665,0.286667,0.0
2018-05-18 00:00:00-04:00,83.14868347663942,84.41560420835475,82.8639128325545,83.99860731760661,3036966.6666666665,0.0,0.0
2018-05-21 00:00:00-04:00,84.4378237831887,85.38055773621572,83.85090847163126,84.4801476796468,2747833.3333333335,0.0,0.0
2018-05-22 00:00:00-04:00,85.09129467464238,85.42322935150351,82.48767106180802,82.73494911168295,4054183.3333333335,0.0,0.0
2018-05-23 00:00:00-04:00,83.3200250529964,85.07742942773997,82.95278948425518,84.70224221547444,8052700.0,0.0,0.0
2018-05-24 00:00:00-04:00,85.02414882662661,86.48863447100427,83.96343430257839,85.96678415908691,8163950.0,0.0,0.0
2018-05-25 00:00:00-04:00,85.92307723576069,87.3331440885889,85.42717077927,86.93263657887776,3802250.0,0.0,0.0
2018-05-29 00:00:00-04:00,86.19498506352552,87.45749017737215,85.72724475597131,86.50329558054607,3664083.3333333335,0.0,0.0
2018-05-30 00:00:00-04:00,86.80398217200796,88.30594399505503,86.10357583601012,87.62302239735921,3168166.6666666665,1.03,0.0
2018-05-31 00:00:00-04:00,87.67458357004642,88.13334107953382,86.07013848056529,86.44002978006999,4223083.333333333,0.0,0.0
2018-06-01 00:00:00-04:00,86.92462870979796,88.61809091586497,86.58639249303009,87.66257127126057,3413566.6666666665,0.0,0.0
2018-06-04 00:00:00-04:00,87.93298058464573,89.65301770443325,87.49998691984827,89.43296877543132,3510283.3333333335,0.0,0.0
2018-06-05 00:00:00-04:00,89.28338694844012,90.6782714384762,88.85409239991645,90.1447680791219,2954100.0,0.0,0.0
2018-06-06 00:00:00-04:00,90.80520186662409,92.38132014624979,90.12083242990373,92.26532967885335,3039333.3333333335,0.0,0.0
2018-06-07 00:00:00-04:00,92.37211249879168,93.36554612960792,91.31677918960548,92.1036205291748,2663850.0,0.0,0.0
2018-06-08 00:00:00-04:00,92.0748943356042,93.71833408268377,91.49780000525347,93.48458576202393,2612766.6666666665,0.0,0.0
2018-06-11 00:00:00-04:00,93.6773574856399,94.90663332927302,92.99785206946767,93.58612092336018,2910166.6666666665,0.0,0.0
2018-06-12 00:00:00-04:00,93.90637138627272,95.44721058341658,93.46091261953444,94.88222249348958,2742483.3333333335,0.0,0.0
2018-06-13 00:00:00-04:00,95.00817186085949,95.32047419079773,93.80973432310367,94.09176794687907,2875316.6666666665,0.0,0.0
2018-06-14 00:00:00-04:00,94.24236943905372,95.08856837473985,93.49044619662608,94.57630538965982,2517533.3333333335,0.0,0.0
2018-06-15 00:00:00-04:00,93.9970682309458,95.80270716195707,93.51625303194568,95.20488293965657,4150050.0,0.0,0.0
2018-06-18 00:00:00-04:00,94.5312211891781,95.72906167159749,93.82094649686697,95.38029193878174,2612350.0,0.0,0.0
2018-06-19 00:00:00-04:00,94.39452829468566,95.36762552435614,93.61731478964255,94.88634459177653,3150283.3333333335,0.0,0.0
2018-06-20 00:00:00-04:00,95.04092197343141,95.96037700764998,94.00013724051614,95.08405526479085,3062433.3333333335,0.0,0.0
2018-06-21 00:00:00-04:00,94.94272408255297,95.82760019081074,92.49345722341798,94.62109470367432,3297633.3333333335,0.0,0.0
2018-06-22 00:00:00-04:00,94.91008683779756,95.59109885211751,93.52804858118378,94.1731055577596,3698616.6666666665,0.0,0.0
2018-06-25 00:00:00-04:00,93.86877488648254,94.13247458518588,91.72916492331866,92.63069661458333,2894183.3333333335,0.0,0.0
2018-06-26 00:00:00-04:00,93.02843313059002,94.04784551694779,92.31385495791928,93.53393014272054,2527933.3333333335,0.0,0.0
2018-06-27 00:00:00-04:00,93.97660455540021,95.3386982354479,92.71535271465636,92.89338620503743,2456350.0,0.0,0.0
2018-06-28 00:00:00-04:00,92.83128176815045,95.01994927238691,92.1208303711049,94.34072653452556,2473533.3333333335,0.0,0.0
2018-06-29 00:00:00-04:00,94.68382882390193,95.789532992926,93.9016933405386,94.39194838205974,2381466.6666666665,0.0,0.0
2018-07-02 00:00:00-04:00,93.84302810794107,94.12514310879295,92.7356630152832,93.61478392283122,2512000.0,0.0,0.0
2018-07-03 00:00:00-04:00,94.08389031701124,95.02093715101603,93.01434356306146,93.75666395823161,1232216.6666666667,0.0,0.0
2018-07-05 00:00:00-04:00,94.23094076823001,94.69765440627755,93.21822480649082,94.49508444468181,1880800.0,0.0,0.0
2018-07-06 00:00:00-04:00,94.34867493617344,95.82131302559947,93.78796348332234,95.45483303070068,1841750.0,0.0,0.0
2018-07-09 00:00:00-04:00,95.60626420930583,96.37616502429064,94.98079421459316,95.8636245727539,1675150.0,0.0,0.0
2018-07-10 00:00:00-04:00,96.09570425463012,97.15643472328384,95.56906307410766,96.57229868570964,2140766.6666666665,0.0,0.0
2018-07-11 00:00:00-04:00,95.66711331471895,96.05814248431268,93.51056513609207,95.0265661875407,3257500.0,0.0,0.0
2018-07-12 00:00:00-04:00,95.6149517565027,96.17822437595521,94.47939082931221,95.28014469146729,1893666.6666666667,0.0,0.0
2018-07-13 00:00:00-04:00,95.68588721784185,96.95924974758265,95.27305076708701,95.9537223180135,2136433.3333333335,0.0,0.0
2018-07-16 00:00:00-04:00,96.000690089464,96.64261132709908,94.9924785894137,96.03123728434245,1617166.6666666667,0.0,0.0
2018-07-17 00:00:00-04:00,95.79785245461845,98.11930939544959,95.47721733863345,97.73349221547444,2166250.0,0.0,0.0
2018-07-18 00:00:00-04:00,97.65100007623101,98.63473458289884,97.06277059765513,97.9527645111084,2169016.6666666665,0.0,0.0
2018-07-19 00:00:00-04:00,97.85442784385397,99.29783097026285,97.64226125002686,98.89365704854329,2160533.3333333335,0.215,0.0
2018-07-20 00:00:00-04:00,98.6244195785362,99.20677167861004,97.88232347304194,98.58562246958415,2326533.3333333335,0.0,0.0
2018-07-23 00:00:00-04:00,98.51575962469047,99.27305930272132,97.64853709557998,98.3505703608195,2125200.0,0.0,0.0
2018-07-24 00:00:00-04:00,99.01186799524078,99.76564490234857,96.54702825687696,97.69428030649821,2994333.3333333335,0.48,0.0
2018-07-25 00:00:00-04:00,97.25434899778843,98.9835946154622,96.14208607677749,98.47761217753093,2419216.6666666665,0.0,0.0
2018-07-26 00:00:00-04:00,98.54158779829304,99.38187013861709,96.24887001322539,97.40067132314046,2766300.0,0.0,0.0
2018-07-27 00:00:00-04:00,97.84831182877565,98.23244419240892,95.44219385907343,95.92554728190105,2457366.6666666665,0.0,0.0
2018-07-30 00:00:00-04:00,95.8278389847542,96.61319468983977,94.22646874744227,95.08461983998616,2385166.6666666665,0.0,0.0
2018-07-31 00:00:00-04:00,95.29051462722312,96.08338723049813,94.19249348835076,94.96974500020345,2229733.3333333335,0.0,0.0
2018-08-01 00:00:00-04:00,94.75845584467027,95.5372525549014,93.56085111567359,94.0693572362264,2584250.0,0.0,0.0
2018-08-02 00:00:00-04:00,93.90966255274134,95.44492034801449,92.16867908780819,93.96995480855306,4102600.0,0.0,0.0
2018-08-03 00:00:00-04:00,93.97603937400426,94.54198017157205,92.58291839395811,93.2909329732259,2616500.0,0.0,0.0
2018-08-06 00:00:00-04:00,93.02348108998955,94.11881047424755,92.61812639997834,93.77937920888265,1896900.0,0.0,0.0
2018-08-07 00:00:00-04:00,93.72557168415297,95.08350489841108,92.86371509036593,94.39780330657959,1970133.3333333333,0.0,0.0
2018-08-08 00:00:00-04:00,94.63195551186755,95.4896599142852,94.07941021280118,94.60919952392578,1638633.3333333333,0.0,0.0
2018-08-09 00:00:00-04:00,94.92293867002331,96.44270636409529,94.33625995692104,95.72191143035889,2377033.3333333335,0.0,0.0
2018-08-10 00:00:00-04:00,95.02986849217889,96.615209037892,94.03226197507156,95.56169509887695,2841400.0,0.0,0.0
2018-08-13 00:00:00-04:00,95.5914632513818,96.43574196623742,94.02789559403112,94.54067389170329,2849916.6666666665,0.0,0.0
2018-08-14 00:00:00-04:00,94.81364263141087,95.65233594649727,93.42605693558657,94.58342297871907,3931850.0,0.0,0.0
2018-08-15 00:00:00-04:00,94.057954119607,95.01587615924575,92.76005988488066,93.96028264363606,2962366.6666666665,0.0,0.0
2018-08-16 00:00:00-04:00,94.52280460726325,95.17863111575821,93.53160120145658,94.42035865783691,2703066.6666666665,0.286667,0.0
2018-08-17 00:00:00-04:00,94.65635755695877,95.22012164855836,93.93951261734416,94.71767361958821,2006150.0,0.0,0.0
2018-08-20 00:00:00-04:00,94.674876429354,96.03897350607785,94.30559958933425,95.62160968780518,2187850.0,0.0,0.0
2018-08-21 00:00:00-04:00,95.95232069059371,97.26458537987344,95.38785512591066,96.78782780965169,3063466.6666666665,0.0,0.0
2018-08-22 00:00:00-04:00,97.71468505406325,99.75690590662377,96.77678902136883,97.65847873687744,7582566.666666667,0.0,0.0
2018-08-23 00:00:00-04:00,98.32276318581391,100.46211584118957,97.90384087311712,99.40167999267578,7917783.333333333,0.0,0.0
2018-08-24 00:00:00-04:00,99.60687201601742,101.02894837941368,98.6462363883897,99.50481192270915,4015833.3333333335,0.0,0.0
2018-08-27 00:00:00-04:00,100.14459487267102,100.89402312675425,98.97350203749211,99.8664436340332,2775433.3333333335,0.0,0.0
2018-08-28 00:00:00-04:00,99.88021896101058,100.72397633148542,99.02541564479894,100.19613711039226,2816933.3333333335,0.0,0.0
2018-08-29 00:00:00-04:00,100.11470602650958,100.9759116850992,99.36958244022505,100.72469774881999,2091650.0,1.03,0.0
2018-08-30 00:00:00-04:00,100.4304648927773,101.48727576538958,99.75055600450007,100.34096018473308,1890600.0,0.0,0.0
2018-08-31 00:00:00-04:00,100.17399109589029,101.49817809392898,99.85662031389143,101.1385278699227,2498950.0,0.0,0.0
2018-09-04 00:00:00-04:00,100.9050038325014,103.24525844545342,100.57053956923464,102.93955898284912,2880033.3333333335,0.0,0.0
2018-09-05 00:00:00-04:00,102.62274190480203,103.406267110863,100.71712262644088,101.64373207092285,2656933.3333333335,0.0,0.0
2018-09-06 00:00:00-04:00,101.7309244238582,102.65765927376943,100.82017440112391,101.65170447031657,2181716.6666666665,0.0,0.0
2018-09-07 00:00:00-04:00,101.2601731586958,103.59176004377913,101.01394014121077,101.84722550710042,2648900.0,0.0,0.0
2018-09-10 00:00:00-04:00,102.80895883541946,104.5308192664289,102.26569698679673,103.99051094055176,3010416.6666666665,0.0,0.0
2018-09-11 00:00:00-04:00,104.41654535360158,106.30572349805323,103.66982026683161,105.81261348724365,3174733.3333333335,0.0,0.0
2018-09-12 00:00:00-04:00,105.8129903692048,107.43157751629803,104.66439475606721,106.6198616027832,2991133.3333333335,0.0,0.0
2018-09-13 00:00:00-04:00,106.0474526910093,106.60983535431986,104.74263526590626,105.62022431691487,3552300.0,0.0,0.0
2018-09-14 00:00:00-04:00,105.90152457153573,106.63044569324136,104.59827176394263,105.63224983215332,3032483.3333333335,0.0,0.0
2018-09-17 00:00:00-04:00,104.98390939662475,105.64054267864641,103.56654720236195,104.22007083892822,3120166.6666666665,0.0,0.0
2018-09-18 00:00:00-04:00,104.20811113006096,105.89020160099456,104.0033407466447,105.28395207722981,2412133.3333333335,0.0,0.0
2018-09-19 00:00:00-04:00,105.92785834253084,106.63542821381877,102.95952299032929,104.8826363881429,2368750.0,0.0,0.0
2018-09-20 00:00:00-04:00,104.8538682891736,105.65127573670259,104.13092594891272,104.86256504058838,2435500.0,0.0,0.0
2018-09-21 00:00:00-04:00,105.13420918517751,105.6557342011759,103.16438197695287,103.73247782389323,5661783.333333333,0.0,0.0
2018-09-24 00:00:00-04:00,103.25920657542893,104.52921135451668,101.83382407478486,103.28207874298096,2988466.6666666665,0.0,0.0
2018-09-25 00:00:00-04:00,103.5213476722288,104.35935040021303,102.16012677388169,103.23961480458577,3034533.3333333335,0.0,0.0
2018-09-26 00:00:00-04:00,103.42592738167599,104.12618350146596,102.34971709480783,103.0436185201009,2196833.3333333335,0.0,0.0
2018-09-27 00:00:00-04:00,103.4220993263206,104.27021370043387,102.46350936790812,103.21518961588542,2476416.6666666665,0.0,0.0
2018-09-28 00:00:00-04:00,103.39369086272389,104.89568049210732,102.79904091204644,103.55571619669597,3045783.3333333335,0.0,0.0
2018-10-01 00:00:00-04:00,104.32711990500032,104.88037429705275,102.36507785086737,102.93428134918213,2641383.3333333335,0.0,0.0
2018-10-02 00:00:00-04:00,102.80899973471992,103.43204382916213,100.11206085700684,100.26242574055989,3233733.3333333335,0.0,0.0
2018-10-03 00:00:00-04:00,100.78052724522858,101.77294515825145,99.03324325699181,100.13088544209798,3348766.6666666665,0.0,0.0
2018-10-04 00:00:00-04:00,99.69773747149416,99.83117165349422,97.34386067231613,98.0672419865926,3207950.0,0.0,0.0
2018-10-05 00:00:00-04:00,98.08473237479397,98.98453374961527,96.23613391357715,97.68026224772136,2901833.3333333335,0.0,0.0
2018-10-08 00:00:00-04:00,97.37440817797176,98.27897360171816,95.82814596163571,97.47255452473958,2465266.6666666665,0.0,0.0
2018-10-09 00:00:00-04:00,96.56310393443698,97.89551305203445,95.31819584577305,95.61216672261556,2650750.0,0.0,0.0
2018-10-10 00:00:00-04:00,96.17409521857967,96.39043914215306,92.50350955750793,92.87320677439372,3697983.3333333335,0.0,0.0
2018-10-11 00:00:00-04:00,92.59845158885766,94.23159194827207,90.41122038158363,91.14859803517659,3917633.3333333335,0.0,0.0
2018-10-12 00:00:00-04:00,93.51213986400795,94.34486489685175,91.32007520692922,92.64115206400554,3272183.3333333335,0.0,0.0
2018-10-15 00:00:00-04:00,91.8340954667927,93.04558355108709,90.76031748759165,91.95672067006429,2231266.6666666665,0.0,0.0
2018-10-16 00:00:00-04:00,92.77344709642934,94.34883698113417,91.88798138728168,94.05725065867107,2440883.3333333335,0.0,0.0
2018-10-17 00:00:00-04:00,92.86358891413732,93.16676061516891,90.51044839742407,91.71123345692952,3969750.0,0.0,0.0
2018-10-18 00:00:00-04:00,91.26580626493255,92.1221260656017,89.31514907546229,90.12699921925862,3845500.0,0.0,0.0
2018-10-19 00:00:00-04:00,90.54696842253107,91.15570487735893,88.89634543942039,89.4566027323405,3664166.6666666665,0.0,0.0
2018-10-22 00:00:00-04:00,89.8911748212301,90.70686655768293,88.42019677690338,89.49427223205566,2591300.0,0.0,0.0
2018-10-23 00:00:00-04:00,87.81290335858341,89.5210823713182,86.33635361181592,88.76094277699788,3642783.3333333335,0.48,0.0
2018-10-24 00:00:00-04:00,88.76449338353048,90.38815760436772,85.32203054999123,85.6783895491276,3910050.0,0.0,0.0
2018-10-25 00:00:00-04:00,84.94685045220484,87.33793757653649,83.83697525906831,86.16009521484375,3906733.3333333335,0.215,0.0
2018-10-26 00:00:00-04:00,84.85069829788816,85.71517905297746,81.93423557935469,83.40708478291829,4847650.0,0.0,0.0
2018-10-29 00:00:00-04:00,84.52399393803567,85.45914194134998,80.70260868542206,81.99264653523763,3467550.0,0.0,0.0
2018-10-30 00:00:00-04:00,81.97530877146887,85.1220999641536,81.50657430976203,84.69234625498454,3971966.6666666665,0.0,0.0
2018-10-31 00:00:00-04:00,85.85890912251925,87.78591317014413,85.10327493474536,85.79080327351888,4358316.666666667,0.0,0.0
2018-11-01 00:00:00-04:00,84.2871238727475,86.89406588678025,82.24000334215806,85.78471279144287,6052150.0,0.0,0.0
2018-11-02 00:00:00-04:00,86.47222893131205,88.09472739691562,84.20780221087733,85.49964396158855,4291650.0,0.0,0.0
2018-11-05 00:00:00-05:00,85.49471476346879,87.0510914284029,84.41194036619312,86.5320218404134,3084316.6666666665,0.0,0.0
2018-11-06 00:00:00-05:00,86.27241227083152,87.32218533339817,85.16408640572048,86.25877285003662,2268916.6666666665,0.0,0.0
2018-11-07 00:00:00-05:00,87.12290955303739,89.12162941044151,86.06011823825348,88.65801334381104,3408650.0,0.0,0.0
2018-11-08 00:00:00-05:00,88.30601480778064,89.50156662425792,87.47957539923084,88.70329411824544,2803333.3333333335,0.0,0.0
2018-11-09 00:00:00-05:00,88.09165406010997,89.0692161534438,86.41661428437872,87.18188381195068,3003583.3333333335,0.0,0.0
2018-11-12 00:00:00-05:00,86.54449987962501,87.55620947384841,84.5205628911391,85.33153820037842,4110900.0,0.0,0.0
2018-11-13 00:00:00-05:00,85.1480781336306,87.005972260585,83.8099766601547,85.99735514322917,5002433.333333333,0.0,0.0
2018-11-14 00:00:00-05:00,86.60109707440579,87.74175842555978,84.58809228895994,84.99025599161784,4754500.0,0.0,0.0
2018-11-15 00:00:00-05:00,84.23037510017751,86.0647831246359,82.45859442002501,85.10888131434001,5468600.0,0.286667,0.0
2018-11-16 00:00:00-05:00,83.639012033067,85.4427065191649,82.75918408511204,84.51360352834065,6763616.666666667,0.0,0.0
2018-11-19 00:00:00-05:00,84.35489627402025,85.06234799861296,81.47805186795419,82.10726070429605,4075333.3333333335,0.0,0.0
2018-11-20 00:00:00-05:00,79.32316130563827,82.36448591865803,78.21641451217609,80.6002025604248,5247633.333333333,0.0,0.0
2018-11-21 00:00:00-05:00,81.3004783137052,82.96950256466364,80.81808482143154,81.82430044809978,3569483.3333333335,0.0,0.0
2018-11-23 00:00:00-05:00,81.563427328401,82.99992386656102,81.28572926698065,82.01002502441406,1574133.3333333333,0.0,0.0
2018-11-26 00:00:00-05:00,83.0565579965767,84.26910119900906,81.74709570552767,82.93765449523926,3450983.3333333335,0.0,0.0
2018-11-27 00:00:00-05:00,82.64221841796633,84.55777484660634,81.57488059576953,83.02947616577148,4139750.0,0.0,0.0
2018-11-28 00:00:00-05:00,84.02433089522357,87.8466801109671,83.21438304128897,87.43502203623454,4931783.333333333,1.03,0.0
2018-11-29 00:00:00-05:00,86.9366797890251,88.07677451471388,85.78411769448205,87.27905972798665,3076966.6666666665,0.0,0.0
2018-11-30 00:00:00-05:00,87.22588159696562,88.99660921459441,86.80298968085846,88.45656490325928,4447683.333333333,0.0,0.0
2018-12-03 00:00:00-05:00,90.24509953410912,91.26496175699926,87.69658057566652,89.70806503295898,4580250.0,0.0,0.0
2018-12-04 00:00:00-05:00,89.6124277957354,90.57021036480722,85.78307216781747,86.33886623382568,4240183.333333333,0.0,0.0
2018-12-06 00:00:00-05:00,84.61922499984375,86.95892558015066,83.16320427862836,86.7197478612264,4123400.0,0.0,0.0
2018-12-07 00:00:00-05:00,86.31664042374291,87.8751447940158,83.52232104067245,83.96781667073567,3296866.6666666665,0.0,0.0
2018-12-10 00:00:00-05:00,83.99489721452,85.36852618393158,82.01161798471882,84.4392941792806,3020600.0,0.0,0.0
2018-12-11 00:00:00-05:00,85.74526836825783,86.493119932071,83.47927843752012,84.22462717704833,2918133.3333333335,0.0,0.0
2018-12-12 00:00:00-05:00,85.14771338229663,86.71404909723623,83.76983291329529,84.85333538042643,3979666.6666666665,0.0,0.0
2018-12-13 00:00:00-05:00,85.16636709062712,85.81760956170281,82.86108656330093,83.90486240386963,3856183.3333333335,0.0,0.0
2018-12-14 00:00:00-05:00,83.23555624866323,84.73300216701799,82.8431239060484,83.33162053426106,3253333.3333333335,0.0,0.0
2018-12-17 00:00:00-05:00,83.11200684741236,83.46425938940183,79.19464166384736,79.90007623036702,4124350.0,0.0,0.0
2018-12-18 00:00:00-05:00,80.56462431658316,82.1281506186247,79.72687323037086,80.76613680521648,3364066.6666666665,0.0,0.0
2018-12-19 00:00:00-05:00,81.29821554237186,83.0685461372636,78.87995385749373,79.36595026652019,3793250.0,0.0,0.0
2018-12-20 00:00:00-05:00,78.81395520311577,79.71655418939896,76.28031599865419,77.54875087738037,4432666.666666667,0.0,0.0
2018-12-21 00:00:00-05:00,77.56265433236729,79.29739752792823,75.65020620108893,76.03755346934001,5806933.333333333,0.0,0.0
2018-12-24 00:00:00-05:00,75.45473889671607,76.39299003354135,73.96002165740192,74.44152164459229,2374500.0,0.0,0.0
2018-12-26 00:00:00-05:00,75.1716059565906,79.9436664557869,75.00615247360719,79.89909362792969,3081616.6666666665,0.0,0.0
2018-12-27 00:00:00-05:00,78.85474990659411,81.02576138827608,77.51275585729717,80.9595365524292,2826800.0,0.0,0.0
2018-12-28 00:00:00-05:00,81.27797020189215,82.17731236527563,79.79729735467153,80.66327826182048,2326966.6666666665,0.0,0.0
2018-12-31 00:00:00-05:00,81.1881484603987,82.20328207402346,80.20729819225254,81.04073143005371,2335316.6666666665,0.0,0.0
2019-01-02 00:00:00-05:00,79.98530258441052,81.85553060919703,79.4578351428916,81.14289665222168,2520500.0,0.0,0.0
2019-01-03 00:00:00-05:00,80.57805383099289,81.13643477951955,78.35320807353143,78.83617687225342,2728816.6666666665,0.0,0.0
2019-01-04 00:00:00-05:00,80.07923505006518,82.4851574271866,79.35286154693947,81.6586545308431,2954550.0,0.0,0.0
2019-01-07 00:00:00-05:00,81.84289560301937,85.19593488358547,81.70956207895118,83.95959949493408,2850250.0,0.0,0.0
2019-01-08 00:00:00-05:00,84.88551984939097,85.86313875377071,83.40211243117133,84.9391139348348,2686683.3333333335,0.0,0.0
2019-01-09 00:00:00-05:00,85.09141660304424,86.73471882367333,84.48652562971189,85.52637481689453,3302400.0,0.0,0.0
2019-01-10 00:00:00-05:00,84.76722733142766,85.71587310178278,83.28184997184037,85.42079448699951,2734266.6666666665,0.0,0.0
2019-01-11 00:00:00-05:00,84.81012890720031,86.10542539929838,84.06675014819653,85.09343306223552,2176616.6666666665,0.0,0.0
2019-01-14 00:00:00-05:00,84.31060657852831,85.22660057354169,83.5056505428385,84.58608214047689,2080150.0,0.0,0.0
2019-01-15 00:00:00-05:00,82.78495353561873,83.95380591539697,81.32595811293142,82.8989667892456,4291316.666666667,0.0,0.0
2019-01-16 00:00:00-05:00,82.95978763756617,84.22445887924204,82.47994250042991,83.33114910125732,3006883.3333333335,0.0,0.0
2019-01-17 00:00:00-05:00,82.48855879676766,84.09510009355053,81.88477860251088,83.36153157552083,3655516.6666666665,0.0,0.0
2019-01-18 00:00:00-05:00,84.38017257879947,86.43910247693884,83.96650981130183,86.04173151652019,3971083.3333333335,0.0,0.0
2019-01-22 00:00:00-05:00,85.09666629580268,85.59819869506265,82.91882105954043,83.8868776957194,3522050.0,0.48,0.0
2019-01-23 00:00:00-05:00,83.81160258379894,84.74324809285929,82.40592351868509,83.6682516735083,3011583.3333333335,0.0,0.0
2019-01-24 00:00:00-05:00,83.64220509835665,84.91931605510042,82.96773854325275,84.42848205566406,2475383.3333333335,0.215,0.0
2019-01-25 00:00:00-05:00,85.4419734711661,86.60688407942071,84.91498452718581,85.91727479298909,2841216.6666666665,0.0,0.0
2019-01-28 00:00:00-05:00,85.25115294727183,86.63577979797951,84.29925974073365,86.38088417053223,2447266.6666666665,0.0,0.0
2019-01-29 00:00:00-05:00,86.15126052996952,87.07747890312498,85.3721289419996,86.58957068125407,2129083.3333333335,0.0,0.0
2019-01-30 00:00:00-05:00,87.03196264760396,89.0009344688831,86.46762836869522,88.12131468454997,2998166.6666666665,0.0,0.0
2019-01-31 00:00:00-05:00,87.80800952538353,90.48173358298607,87.37038828933429,89.71858024597168,3407300.0,0.0,0.0
2019-02-01 00:00:00-05:00,89.52639155936554,90.93135372304721,88.64780200751476,89.63656648000081,2869150.0,0.0,0.0
2019-02-04 00:00:00-05:00,89.80125762164054,90.97912663057598,89.09363209632693,90.84333101933919,1983516.6666666667,0.0,0.0
2019-02-05 00:00:00-05:00,91.02096468825164,92.04191495223775,90.36050309866671,91.51974264780681,2600366.6666666665,0.0,0.0
2019-02-06 00:00:00-05:00,91.46721345234585,92.30531920662047,90.76673371293786,91.50754833221436,1969916.6666666667,0.0,0.0
2019-02-07 00:00:00-05:00,90.81981760160109,91.37753394274864,89.61017888388166,90.64688777923584,2185783.3333333335,0.0,0.0
2019-02-08 00:00:00-05:00,90.27512931422568,91.82761780648563,89.79363412319704,91.36854139963786,2783516.6666666665,0.0,0.0
2019-02-11 00:00:00-05:00,91.48544302522458,91.99789663480986,90.49207748571865,91.13753032684326,2322316.6666666665,0.0,0.0
2019-02-12 00:00:00-05:00,91.77900727707328,93.58828888193845,91.45447768555051,93.20364729563396,2378050.0,0.0,0.0
2019-02-13 00:00:00-05:00,93.36742014964763,94.40695863425073,92.46267028631428,93.74245421091716,2811183.3333333335,0.0,0.0
2019-02-14 00:00:00-05:00,93.1147980558111,94.31172740593975,92.18683427836078,93.53660678863525,1984716.6666666667,0.0,0.0
2019-02-15 00:00:00-05:00,94.4555899387753,95.80127079474214,94.02917327460261,95.36043580373128,2540800.0,0.0,0.0
2019-02-19 00:00:00-05:00,94.96711516949614,96.35601387591244,94.45297889604353,95.07760334014893,2475616.6666666665,0.0,0.0
2019-02-20 00:00:00-05:00,95.25503818055863,96.12111911729853,94.3308401187316,95.17689100901286,2654533.3333333335,0.0,0.0
2019-02-21 00:00:00-05:00,95.12069533697905,96.1001624619837,94.13726513032748,95.09359041849773,2530450.0,0.0,0.0
2019-02-22 00:00:00-05:00,99.21810752826936,102.32183598212087,98.93276009457144,100.89661471048991,3853400.0,0.376667,0.0
2019-02-25 00:00:00-05:00,101.41643562871364,103.76869812608133,100.41413892691268,102.23476378122966,4120866.6666666665,0.0,0.0
2019-02-26 00:00:00-05:00,100.62495903045067,102.67787833374736,99.84412973862823,102.18622398376465,5661416.666666667,0.0,0.0
2019-02-27 00:00:00-05:00,102.51358372661254,104.04292939273769,100.95524531648903,102.40602525075276,4637683.333333333,0.0,0.0
2019-02-28 00:00:00-05:00,102.1200895431371,103.00432226109302,100.67021889142295,102.04101308186848,3882766.6666666665,0.0,0.0
2019-03-01 00:00:00-05:00,102.86177331945525,103.8953109225195,101.29991088405086,103.0448481241862,3198133.3333333335,0.0,0.0
2019-03-04 00:00:00-05:00,103.24154078753061,103.56856933014426,100.44621648008687,102.09438514709473,2793483.3333333335,0.0,0.0
2019-03-05 00:00:00-05:00,102.12384119258702,103.08347484497035,101.2997583831708,101.80749320983887,2231466.6666666665,0.0,0.0
2019-03-06 00:00:00-05:00,101.8875768388835,102.36046339515788,100.61722301939453,101.12177689870198,2345583.3333333335,0.0,0.0
2019-03-07 00:00:00-05:00,100.92140851575579,101.34239337362185,99.15677372877099,99.79200712839763,2699166.6666666665,0.0,0.0
2019-03-08 00:00:00-05:00,98.8415616074597,100.37061937668234,97.85303958445446,99.9560718536377,2971700.0,0.0,0.0
2019-03-11 00:00:00-04:00,100.42702414626187,102.35175210051041,99.5293280621597,101.88428370157878,2655666.6666666665,0.0,0.0
2019-03-12 00:00:00-04:00,102.1667899017611,102.83220908118274,101.0945093624972,102.11477406819661,2568800.0,0.0,0.0
2019-03-13 00:00:00-04:00,102.44570935678384,102.86664901052033,101.1644986086868,101.58560371398926,3352916.6666666665,1.36,0.0
2019-03-14 00:00:00-04:00,101.52710487543402,102.00940619212774,99.96646057612891,100.89038594563802,3586450.0,0.0,0.0
2019-03-15 00:00:00-04:00,100.85044394273761,101.66344079943144,100.00558885811726,101.17903264363606,4287300.0,0.0,0.0
2019-03-18 00:00:00-04:00,101.10676217715042,102.4144277580786,100.64080538579888,102.09866205851237,2686100.0,0.0,0.0
2019-03-19 00:00:00-04:00,102.547226365839,103.5234375038749,101.7698899720275,102.29921531651694,3190916.6666666665,0.0,0.0
2019-03-20 00:00:00-04:00,102.67593256823595,103.88429607329256,101.5048235973664,102.93498643239339,3364866.6666666665,0.0,0.0
2019-03-21 00:00:00-04:00,103.27796580550132,105.36691488727638,102.7710457737046,104.78740278854248,4490400.0,0.0,0.0
2019-03-22 00:00:00-04:00,104.14684913732403,105.05531634436606,101.12432257543561,101.22626145680745,3619250.0,0.0,0.0
2019-03-25 00:00:00-04:00,100.96335368236846,103.18572250698735,100.64739269020602,102.19268163045247,2792733.3333333335,0.0,0.0
2019-03-26 00:00:00-04:00,103.08290054249262,103.55620509980594,101.10868163613333,101.53303496042888,2705733.3333333335,0.0,0.0
2019-03-27 00:00:00-04:00,101.68504271094848,102.85888723916712,99.75849160394057,100.7631648381551,3062883.3333333335,0.0,0.0
2019-03-28 00:00:00-04:00,101.36802491642224,102.29213690788981,100.57037700076238,101.31645584080893,2420816.6666666665,0.0,0.0
2019-03-29 00:00:00-04:00,101.57646139092545,102.54449849355137,100.76695476726327,101.36608664194743,3119216.6666666665,0.0,0.0
2019-04-01 00:00:00-04:00,101.94529319510559,102.9019948355138,100.58763440936487,102.13815212249756,3869500.0,0.0,0.0
2019-04-02 00:00:00-04:00,102.2322026250961,103.03705080449204,101.68637973304972,102.38592020670573,2300233.3333333335,0.0,0.0
2019-04-03 00:00:00-04:00,102.8847399270826,105.09873703133015,102.48509423305205,104.7520097096761,2625300.0,0.0,0.0
2019-04-04 00:00:00-04:00,104.90086996159465,106.18851498116624,103.79952098943723,105.6196772257487,2073816.6666666667,0.0,0.0
2019-04-05 00:00:00-04:00,105.73037645020588,107.05247156490618,104.86404957066019,106.07095273335774,2378916.6666666665,0.0,0.0
2019-04-08 00:00:00-04:00,105.57807171907632,106.45068202782095,104.69046548901436,105.83734862009685,2193516.6666666665,0.0,0.0
2019-04-09 00:00:00-04:00,105.25377087400155,105.65587690101694,103.78117253663265,104.07684961954753,2134383.3333333335,0.0,0.0
2019-04-10 00:00:00-04:00,104.37821972271816,105.27335232882653,103.10841904391184,104.41560204823811,2309833.3333333335,0.0,0.0
2019-04-11 00:00:00-04:00,104.56045244495954,105.48512449363095,103.9973384831569,105.00114885965984,1921050.0,0.0,0.0
2019-04-12 00:00:00-04:00,105.59223851810297,106.32678889468002,104.31029748305993,105.40079466476318,2090533.3333333333,0.0,0.0
2019-04-15 00:00:00-04:00,105.12349417202927,106.2458851590831,104.36065212959137,105.75999736760336,2210083.3333333335,0.0,0.0
2019-04-16 00:00:00-04:00,106.09475513890261,107.05597924970795,105.32367355960734,106.40797233581543,1888800.0,0.0,0.0
2019-04-17 00:00:00-04:00,106.74400813330779,107.22462812616914,105.16998241556719,105.6518907546997,2242833.3333333335,0.0,0.0
2019-04-18 00:00:00-04:00,105.81624879406394,106.67431171121767,104.52658587043148,105.47647031148274,2564283.3333333335,0.0,0.0
2019-04-22 00:00:00-04:00,104.88349713130755,106.58664018169146,104.430705895607,105.47287813822429,2290800.0,0.0,0.0
2019-04-23 00:00:00-04:00,105.64372482044513,108.00944612635216,104.69585802956063,107.08796946207683,2663133.3333333335,0.48,0.0
2019-04-24 00:00:00-04:00,107.3005379507586,108.28944138177388,106.82900290028392,107.49018510182698,2349550.0,0.0,0.0
2019-04-25 00:00:00-04:00,107.13900672387997,107.9486006504821,106.07819333065432,107.21248658498128,2264916.6666666665,0.24,0.0
2019-04-26 00:00:00-04:00,107.18463995749211,107.85556179648513,106.24973515312047,107.03131516774495,2387950.0,0.0,0.0
2019-04-29 00:00:00-04:00,106.97822672065068,108.4371468344928,105.72245279789904,107.6788225171395,2273916.6666666665,0.0,0.0
2019-04-30 00:00:00-04:00,107.30345810480647,108.87650328087527,106.73405431268505,108.42171859741211,2286833.3333333335,0.0,0.0
2019-05-01 00:00:00-04:00,108.48224704866743,109.12887993237302,106.48194511515283,107.01268609364827,2723733.3333333335,0.0,0.0
2019-05-02 00:00:00-04:00,104.26979570542356,106.9493305547338,103.41015142559085,106.09519386291504,3121333.3333333335,0.0,0.0
2019-05-03 00:00:00-04:00,105.11824626943711,106.03395186671355,104.00178421707983,104.99439716339111,2675916.6666666665,0.0,0.0
2019-05-06 00:00:00-04:00,103.15843540314256,105.4646183070135,102.80884312005317,104.98825009663899,2385583.3333333335,0.0,0.0
2019-05-07 00:00:00-04:00,103.7434249738389,104.39064711575763,100.84442525888373,102.02576541900635,2926200.0,0.0,0.0
2019-05-08 00:00:00-04:00,101.892887587764,103.1880988363032,101.25590039449658,102.39521884918213,2148516.6666666665,0.0,0.0
2019-05-09 00:00:00-04:00,101.19418882087622,102.4256759208581,100.05049421081998,101.94135284423828,2043766.6666666667,0.0,0.0
2019-05-10 00:00:00-04:00,100.98554139933303,102.26790271992222,98.73602133701952,101.30808544158936,2388250.0,0.0,0.0
2019-05-13 00:00:00-04:00,98.81350606592076,99.59794624962554,97.0217168612363,98.05950514475505,2588300.0,0.0,0.0
2019-05-14 00:00:00-04:00,98.50468097072174,100.20847867767286,97.97690658108144,99.71158345540364,2283333.3333333335,0.0,0.0
2019-05-15 00:00:00-04:00,99.07778927540862,100.97172142226181,98.68288869853579,100.46232414245605,2566983.3333333335,0.0,0.0
2019-05-16 00:00:00-04:00,100.82793781371878,102.59206945732764,100.47445792998322,101.40093644460042,2203133.3333333335,0.376667,0.0
2019-05-17 00:00:00-04:00,100.78956663742201,102.80572920924135,100.29517458522035,101.87335586547852,2595766.6666666665,0.0,0.0
2019-05-20 00:00:00-04:00,100.85621545485311,102.45771874119914,99.90801495179043,101.3290828069051,2810000.0,0.0,0.0
2019-05-21 00:00:00-04:00,100.89746188926877,102.96283893755135,100.21446413040623,102.10085042317708,4019466.6666666665,0.0,0.0
2019-05-22 00:00:00-04:00,100.32382465781302,101.45287402240653,98.727822747647,99.37101968129475,5982716.666666667,0.0,0.0
2019-05-23 00:00:00-04:00,98.63285686972326,99.67269255595829,95.85236823078787,97.42750295003255,5077350.0,0.0,0.0
2019-05-24 00:00:00-04:00,98.1435442552413,98.81654241266627,96.86700840101055,97.97901821110922,2881016.6666666665,0.0,0.0
2019-05-28 00:00:00-04:00,98.22613930003554,99.25931950073057,96.67979073076714,96.9931173324585,4221433.333333333,0.0,0.0
2019-05-29 00:00:00-04:00,96.45415041770708,97.25680639823467,94.81791474393277,96.28000418345134,3753333.3333333335,0.0,0.0
2019-05-30 00:00:00-04:00,96.32403902224553,97.98620555391109,96.16464041396391,97.04504489898682,3450500.0,0.0,0.0
2019-05-31 00:00:00-04:00,96.52930480885698,97.35262120775882,95.57035320403827,96.73722267150879,5844733.333333333,0.0,0.0
2019-06-03 00:00:00-04:00,96.47753747107053,97.9027570090949,95.61000895193872,96.84328810373943,4126550.0,0.0,0.0
2019-06-04 00:00:00-04:00,97.80640762877499,99.58427160033727,96.91750963464877,99.39747619628906,3462350.0,0.0,0.0
2019-06-05 00:00:00-04:00,99.94856013611182,102.41698757094848,98.906591865582,102.0223404566447,2953966.6666666665,1.36,0.0
2019-06-06 00:00:00-04:00,102.07279977494623,103.5780113532408,100.27666856804444,102.56816577911377,2951483.3333333335,0.0,0.0
2019-06-07 00:00:00-04:00,102.88104559920161,104.48433223279365,102.20517927699144,103.13894971211751,2563466.6666666665,0.0,0.0
2019-06-10 00:00:00-04:00,104.00094960537501,105.1094135580152,102.94845806526273,103.19410260518391,2622566.6666666665,0.0,0.0
2019-06-11 00:00:00-04:00,104.06175787486704,105.1944552305273,102.49398862723403,103.5559663772583,2254216.6666666665,0.0,0.0
2019-06-12 00:00:00-04:00,103.79688928987963,104.91484882897089,103.06419440224734,104.40120633443196,1909666.6666666667,0.0,0.0
2019-06-13 00:00:00-04:00,105.32834294525726,106.67208231006646,104.86298362391138,106.20863882700603,2709400.0,0.0,0.0
2019-06-14 00:00:00-04:00,105.88780595914147,107.41342140763554,104.63141623016323,106.16730340321858,2595883.3333333335,0.0,0.0
2019-06-17 00:00:00-04:00,106.11576147254736,107.23202057424169,105.26754857825534,106.21318117777507,2374200.0,0.0,0.0
2019-06-18 00:00:00-04:00,107.13922297608099,108.19260325802351,105.08577932488959,105.97672303517659,2594316.6666666665,0.0,0.0
2019-06-19 00:00:00-04:00,106.11620271443333,107.39337589639563,104.7082827484257,107.0594482421875,2655100.0,0.0,0.0
2019-06-20 00:00:00-04:00,108.22164207665291,109.24606545626166,104.9479344916834,106.76949310302734,2970583.3333333335,0.0,0.0
2019-06-21 00:00:00-04:00,106.69916136113166,107.51473803190856,105.63358001291249,106.06682999928792,4250600.0,0.0,0.0
2019-06-24 00:00:00-04:00,105.82932867693144,106.65201726621426,104.49743188992444,104.92086919148763,2745633.3333333335,0.0,0.0
2019-06-25 00:00:00-04:00,105.16881265382386,105.64933350852114,102.40641722361038,102.9888687133789,2592266.6666666665,0.0,0.0
2019-06-26 00:00:00-04:00,103.26806341262186,104.52902730482064,102.51788752761894,103.23490333557129,2182566.6666666665,0.0,0.0
2019-06-27 00:00:00-04:00,103.75153135295874,104.4508384864398,102.73804347173147,103.91934426625569,1844883.3333333333,0.0,0.0
2019-06-28 00:00:00-04:00,104.05241546660056,105.34765523369838,103.40241999275854,104.53210544586182,3823616.6666666665,0.0,0.0
2019-07-01 00:00:00-04:00,106.00154340015837,106.85689178365311,104.06196495191818,104.75751813252766,2435966.6666666665,0.0,0.0
2019-07-02 00:00:00-04:00,104.95387724732613,105.27801126030913,103.74208586825557,104.92171923319499,1872850.0,0.0,0.0
2019-07-03 00:00:00-04:00,105.08545997874614,105.9982149862024,104.42183835924008,105.52438131968181,1184583.3333333333,0.0,0.0
2019-07-05 00:00:00-04:00,104.72547891423035,106.18581968737863,104.22296176083087,105.78295294443767,1583333.3333333333,0.0,0.0
2019-07-08 00:00:00-04:00,105.48513560921602,106.29394141742341,104.25846960937524,105.11318302154541,2143850.0,0.0,0.0
2019-07-09 00:00:00-04:00,104.72747039304828,106.52104964646496,104.24472920444964,105.93766848246257,2185783.3333333335,0.0,0.0
2019-07-10 00:00:00-04:00,106.13903190595268,107.03683431141428,104.38457529936704,105.94870058695476,2564583.3333333335,0.0,0.0
2019-07-11 00:00:00-04:00,106.30678677428348,107.65789274663888,105.67751804748957,107.02754656473796,1910050.0,0.0,0.0
2019-07-12 00:00:00-04:00,107.54042558092537,109.02942223365044,106.63265998352405,108.56332715352376,2434366.6666666665,0.0,0.0
2019-07-15 00:00:00-04:00,108.54656121880305,109.5953047862893,107.26596705299103,109.07847023010254,2622416.6666666665,0.0,0.0
2019-07-16 00:00:00-04:00,108.81723927136674,109.46947051752339,107.83662941251764,108.2408873240153,2283183.3333333335,0.0,0.0
2019-07-17 00:00:00-04:00,108.11010983202796,109.14580470171295,107.02823276665026,107.42170969645183,2302633.3333333335,0.0,0.0
2019-07-18 00:00:00-04:00,106.77353301778896,107.32336883561224,103.64841041611885,105.34510612487793,2709600.0,0.0,0.0
2019-07-19 00:00:00-04:00,105.58040174435395,106.39768390490777,104.4204962222459,105.2299731572469,2340850.0,0.0,0.0
2019-07-22 00:00:00-04:00,105.40837573840433,106.07844552859513,103.92409622917664,104.84269523620605,2253416.6666666665,0.0,0.0
2019-07-23 00:00:00-04:00,106.1838803400786,107.9294318385433,104.68941821633514,106.86857064565022,3003833.3333333335,0.55,0.0
2019-07-24 00:00:00-04:00,106.91490664688304,108.04030106079638,105.73538216012314,107.06323560078938,2826033.3333333335,0.0,0.0
2019-07-25 00:00:00-04:00,106.87348011164056,108.16054201285407,105.44523350507716,106.4571418762207,2597716.6666666665,0.24,0.0
2019-07-26 00:00:00-04:00,106.67497612728879,107.93484788867619,105.40768187308224,107.50715446472168,2354533.3333333335,0.0,0.0
2019-07-29 00:00:00-04:00,107.40039689727915,108.12965175239735,106.00716876732842,107.07027149174887,2193916.6666666665,0.0,0.0
2019-07-30 00:00:00-04:00,106.65693996251632,107.83449258116251,105.99098693279375,106.9590295155843,1972816.6666666667,0.0,0.0
2019-07-31 00:00:00-04:00,106.73508667866098,107.78904456879279,104.34485472203602,105.59451007843018,2686683.3333333335,0.0,0.0
2019-08-01 00:00:00-04:00,105.48777475356428,108.36590593113154,103.13794602788198,104.27493063608806,3597000.0,0.0,0.0
2019-08-02 00:00:00-04:00,104.31948847784163,105.48845338499775,103.10407118452007,104.89150746663411,2652916.6666666665,0.0,0.0
2019-08-05 00:00:00-04:00,102.79906425343133,103.86141248562573,100.63083011807312,101.8063554763794,3147116.6666666665,0.0,0.0
2019-08-06 00:00:00-04:00,102.3021201243332,103.7905700516611,100.66259624807583,102.5603822072347,2689450.0,0.0,0.0
2019-08-07 00:00:00-04:00,101.40657699655908,103.9674844913268,100.3173173788227,103.53272374471028,2461233.3333333335,0.0,0.0
2019-08-08 00:00:00-04:00,104.04053105306905,105.35857497391618,102.92052181977874,105.1662769317627,2514783.3333333335,0.0,0.0
2019-08-09 00:00:00-04:00,104.82525517256943,105.59605710141834,103.15884543420418,104.25133673350017,2236683.3333333335,0.0,0.0
2019-08-12 00:00:00-04:00,103.71222401777511,104.7184704262608,102.60179100800669,103.33647155761719,1669550.0,0.0,0.0
2019-08-13 00:00:00-04:00,103.21364728500077,105.7545523897645,102.25758128503911,104.74612871805827,2876350.0,0.0,0.0
2019-08-14 00:00:00-04:00,102.65187513444549,103.34873824863648,99.86589425361035,99.95635509490967,3597250.0,0.0,0.0
2019-08-15 00:00:00-04:00,100.35523585859096,100.71144091722982,98.22919162561591,99.47731399536133,3133816.6666666665,0.376667,0.0
2019-08-16 00:00:00-04:00,100.30199981101589,101.56052988734184,99.64688762253137,101.0819133122762,2628766.6666666665,0.0,0.0
2019-08-19 00:00:00-04:00,102.32377333518275,103.30638242906996,101.00044951169393,102.40936851501465,3611050.0,0.0,0.0
2019-08-20 00:00:00-04:00,103.19533382464327,104.85335620312237,102.33605208500406,103.94525909423828,4726300.0,0.0,0.0
2019-08-21 00:00:00-04:00,106.73426679520759,108.09891677138775,105.46683787669735,107.16168816884358,5818933.333333333,0.0,0.0
2019-08-22 00:00:00-04:00,108.24806433355572,109.24281196462954,106.52430918669278,107.73052088419597,3350750.0,0.0,0.0
2019-08-23 00:00:00-04:00,106.86237864063719,107.31618043593345,104.01244535398455,104.76139926935953,3681666.6666666665,0.0,0.0
2019-08-26 00:00:00-04:00,105.52562762571306,105.98789762944341,103.68235479215512,104.77745469411214,2480000.0,0.0,0.0
2019-08-27 00:00:00-04:00,105.58296101934324,106.53242745287237,104.13463113282023,104.57958857218425,2393350.0,0.0,0.0
2019-08-28 00:00:00-04:00,104.32490382244639,107.31514504036664,104.06455984682292,106.90355936686198,2459466.6666666665,0.0,0.0
2019-08-29 00:00:00-04:00,107.61510034068603,109.5600852351813,106.83212835362245,108.32778422037761,3934683.3333333335,0.0,0.0
2019-08-30 00:00:00-04:00,108.86577679820624,109.3668270767319,107.48534395273286,108.54101085662842,2696133.3333333335,0.0,0.0
2019-09-03 00:00:00-04:00,108.20174888343304,108.92491917596557,105.89418089893637,106.81529903411865,2818750.0,0.0,0.0
2019-09-04 00:00:00-04:00,108.6110332308773,109.63204363101683,106.96566740930656,108.99973678588867,2385550.0,1.36,0.0
2019-09-05 00:00:00-04:00,109.9214804886978,111.38444721445069,109.3056422520872,110.63691520690918,2243083.3333333335,0.0,0.0
2019-09-06 00:00:00-04:00,111.05843016242186,111.70865417975227,109.75409608277404,110.59405962600586,1949483.3333333333,0.0,0.0
2019-09-09 00:00:00-04:00,110.79592157472196,112.76786104407859,109.4730481540346,111.40993690490723,2483866.6666666665,0.0,0.0
2019-09-10 00:00:00-04:00,110.78495569957585,112.01891613095883,109.37075075027379,111.6704117457072,2696766.6666666665,0.0,0.0
2019-09-11 00:00:00-04:00,111.66226855526003,113.70461025853943,110.6047653661402,112.92869249979655,2235650.0,0.0,0.0
2019-09-12 00:00:00-04:00,113.51384391329408,115.42611745939512,112.9551823874986,114.15277608235677,2239900.0,0.0,0.0
2019-09-13 00:00:00-04:00,114.10760098327482,115.10287839694637,113.02276939718848,113.98670959472656,2113950.0,0.0,0.0
2019-09-16 00:00:00-04:00,112.9281956797472,114.07301356890052,111.84791549757017,112.9025510152181,1609233.3333333333,0.0,0.0
2019-09-17 00:00:00-04:00,112.12607436602813,113.5292460133375,111.3184198745691,113.33642196680826,1836483.3333333333,0.0,0.0
2019-09-18 00:00:00-04:00,113.40882727147896,114.12199758265201,111.73369971246376,113.10948053995769,1831933.3333333333,0.0,0.0
2019-09-19 00:00:00-04:00,112.99440843763041,113.84824088346143,111.21524232314101,112.48946126302083,2023433.3333333333,0.0,0.0
2019-09-20 00:00:00-04:00,112.07890086748732,112.96379883096898,110.27850054901118,110.93018054962158,4211983.333333333,0.0,0.0
2019-09-23 00:00:00-04:00,110.69880736864134,111.88329272005221,109.21713469258049,110.10550435384114,2655983.3333333335,0.0,0.0
2019-09-24 00:00:00-04:00,110.97223514605209,112.42465928402737,108.94128230222003,109.79729143778484,2616850.0,0.0,0.0
2019-09-25 00:00:00-04:00,110.11529652062181,111.73969238136253,109.30089072609105,110.89113076527913,2213716.6666666665,0.0,0.0
2019-09-26 00:00:00-04:00,111.43566953574624,112.0406636764764,110.02465284763248,111.08545112609863,2051233.3333333333,0.0,0.0
2019-09-27 00:00:00-04:00,111.80976585920415,112.29114893023403,109.48865540907299,110.13204256693523,2065100.0,0.0,0.0
2019-09-30 00:00:00-04:00,110.50021721460313,111.53139967106362,109.79780480197861,110.58944129943848,2102200.0,0.0,0.0
2019-10-01 00:00:00-04:00,110.8713518812839,111.7873714029796,108.31080647114374,108.73222796122234,2301700.0,0.0,0.0
2019-10-02 00:00:00-04:00,108.18636473453303,108.76813279643136,105.28024211906133,106.27403450012207,2701133.3333333335,0.0,0.0
2019-10-03 00:00:00-04:00,106.18540045475406,107.41284250732576,104.58581923183583,107.08777046203613,2371666.6666666665,0.0,0.0
2019-10-04 00:00:00-04:00,107.48410357876628,108.59148664600967,106.84041695125724,107.91276741027832,2123333.3333333335,0.0,0.0
2019-10-07 00:00:00-04:00,107.75089034523701,108.84213898667485,106.80315214602786,107.35458405812581,2044583.3333333333,0.0,0.0
2019-10-08 00:00:00-04:00,106.4284831492982,108.13610403525219,105.87060594366102,106.8249584833781,2170750.0,0.0,0.0
2019-10-09 00:00:00-04:00,107.41493362917493,108.48635983105316,106.50646495503038,107.80892721811931,1664216.6666666667,0.0,0.0
2019-10-10 00:00:00-04:00,107.97757922642744,109.3644622441194,107.51146908214565,108.84250736262125,1995683.3333333333,0.0,0.0
2019-10-11 00:00:00-04:00,110.21547181093378,111.89203003958045,109.1671839100443,110.05006472269694,2562100.0,0.0,0.0
2019-10-14 00:00:00-04:00,110.02902604196761,110.68412499032786,108.88476253725845,109.56183846791585,1659733.3333333333,0.0,0.0
2019-10-15 00:00:00-04:00,109.95685503982088,111.62887938830086,109.35824158423918,110.83999983469646,1918166.6666666667,0.0,0.0
2019-10-16 00:00:00-04:00,110.73098618959601,111.94118935043048,109.93830927778679,110.81959279378255,1841050.0,0.0,0.0
2019-10-17 00:00:00-04:00,111.35220053972182,112.93527238024559,110.48749973388448,111.85178502400716,2015800.0,0.0,0.0
2019-10-18 00:00:00-04:00,111.40290285908759,112.27773523087171,109.76494185276526,110.90671634674072,2466583.3333333335,0.0,0.0
2019-10-21 00:00:00-04:00,111.41543687101175,112.41466674682886,109.92792370910091,110.78765487670898,1916733.3333333333,0.0,0.0
2019-10-22 00:00:00-04:00,111.2722071732336,113.36619370052443,109.99578361366751,112.10546557108562,2190450.0,0.55,0.0
2019-10-23 00:00:00-04:00,112.14985111592831,112.62467308396903,110.63370957169138,111.45325565338135,1605733.3333333333,0.0,0.0
2019-10-24 00:00:00-04:00,111.751881254125,112.73428060078606,110.45927355873341,111.72066211674887,1577983.3333333333,0.24,0.0
2019-10-25 00:00:00-04:00,111.43849840211284,113.76360047293717,111.02467593708116,112.72683334350586,1695800.0,0.0,0.0
2019-10-28 00:00:00-04:00,112.9197294385918,113.98645958187463,111.13528794029077,111.91663614908855,2046383.3333333333,0.0,0.0
2019-10-29 00:00:00-04:00,111.73977474041943,112.55502828234019,109.20224858642274,110.16457748413086,2482033.3333333335,0.0,0.0
2019-10-30 00:00:00-04:00,110.32913622539667,111.88071360564066,109.25739374079923,110.84801038106282,1845433.3333333333,0.0,0.0
2019-10-31 00:00:00-04:00,108.4787957889608,109.35908240375228,105.9499867122699,106.54057757059734,3991533.3333333335,0.0,0.0
2019-11-01 00:00:00-04:00,106.00086377537393,108.21363655368566,104.90216972616724,107.82165781656902,3271350.0,0.0,0.0
2019-11-04 00:00:00-05:00,108.51873983550945,109.28523085127091,106.34574394600237,107.35581016540527,2586133.3333333335,0.0,0.0
2019-11-05 00:00:00-05:00,107.12818247191025,107.72340159037022,104.64340611433626,105.5634651184082,2480150.0,0.0,0.0
2019-11-06 00:00:00-05:00,105.76631796716579,107.07226264394194,104.81164153638566,106.70803769429524,2062116.6666666667,0.0,0.0
2019-11-07 00:00:00-05:00,107.11192402439447,107.83611933619716,105.66793636402195,106.22198422749837,2135050.0,0.0,0.0
2019-11-08 00:00:00-05:00,106.39054149052977,107.4875153463844,105.76147914075104,107.09998257954915,1822816.6666666667,0.0,0.0
2019-11-11 00:00:00-05:00,106.60703870548947,107.66656989780381,105.64858921033728,107.04593308766682,1963550.0,0.0,0.0
2019-11-12 00:00:00-05:00,107.13057068991189,108.89773371280639,106.8172397201646,107.88278738657634,2532933.3333333335,0.0,0.0
2019-11-13 00:00:00-05:00,107.20617074437668,108.88796513135985,106.61307333837259,107.88775444030762,2294800.0,0.0,0.0
2019-11-14 00:00:00-05:00,107.94720319413317,109.38799100436701,107.14021393265874,108.92954095204671,2012683.3333333333,0.376667,0.0
2019-11-15 00:00:00-05:00,109.30999349253786,109.64679384907852,107.76606413061587,109.12319946289062,2871583.3333333335,0.0,0.0
2019-11-18 00:00:00-05:00,108.74151279784074,110.50972796340274,108.1428935171496,109.41247113545735,3164600.0,0.0,0.0
2019-11-19 00:00:00-05:00,108.2871211290812,108.76219381708735,106.07003797356388,106.41692352294922,5092983.333333333,0.0,0.0
2019-11-20 00:00:00-05:00,106.9357363066063,107.95090863590087,104.94141116407889,105.59510167414226,5744316.666666667,0.0,0.0
2019-11-21 00:00:00-05:00,105.83032170490726,106.40339119226941,104.13329404054167,104.66471322377522,3633316.6666666665,0.0,0.0
2019-11-22 00:00:00-05:00,104.67157542196647,105.96978153891739,104.17807299704363,105.59955914815266,3231350.0,0.0,0.0
2019-11-25 00:00:00-05:00,106.00497005885296,106.96937083105342,105.37295043872052,106.26843134562175,3556400.0,0.0,0.0
2019-11-26 00:00:00-05:00,106.49334831324637,108.00168274964255,105.9369869133525,107.570304552714,3676250.0,0.0,0.0
2019-11-27 00:00:00-05:00,107.77221504287593,108.78260236825788,107.17205660176485,108.11873626708984,2467016.6666666665,0.0,0.0
2019-11-29 00:00:00-05:00,108.0645893945083,108.3801448477643,106.61776775585588,107.0035804110197,1291866.6666666667,0.0,0.0
2019-12-02 00:00:00-05:00,107.02351901479096,107.1693625488168,104.6878528144005,105.27413972218831,2234950.0,0.0,0.0
2019-12-03 00:00:00-05:00,104.35683792792334,105.11954527928704,102.89585902022759,104.46713479359944,2972083.3333333335,0.0,0.0
2019-12-04 00:00:00-05:00,105.04764890844753,106.17802091017938,103.60698119853045,104.47387663523357,2546616.6666666665,1.36,0.0
2019-12-05 00:00:00-05:00,104.85017186278861,105.46222064415366,103.51300067539894,104.24891948699951,2343250.0,0.0,0.0
2019-12-06 00:00:00-05:00,104.96541237153976,106.48872513128987,104.56649575859633,106.00967693328857,2607683.3333333335,0.0,0.0
2019-12-09 00:00:00-05:00,105.96235745842563,107.72247258938295,105.50458370129098,106.80865001678467,2183550.0,0.0,0.0
2019-12-10 00:00:00-05:00,106.72725354740915,107.1096328914533,105.72799017087446,106.14762433369954,2178600.0,0.0,0.0
2019-12-11 00:00:00-05:00,105.46134426355218,106.72483705536963,105.06538037185801,106.35536575317383,2780716.6666666665,0.0,0.0
2019-12-12 00:00:00-05:00,106.48156531844542,107.89714319704314,106.0233771022878,106.84795475006104,3188333.3333333335,0.0,0.0
2019-12-13 00:00:00-05:00,106.6221530662889,107.82609811926744,105.44725145246913,107.08234214782715,2720450.0,0.0,0.0
2019-12-16 00:00:00-05:00,106.99388186213787,108.20480560827787,106.32821788690246,107.51759147644043,2995366.6666666665,0.0,0.0
2019-12-17 00:00:00-05:00,107.77950676662385,108.54221264829182,106.46111254309777,107.00569343566895,2903633.3333333335,0.0,0.0
2019-12-18 00:00:00-05:00,107.29851841474532,108.35236811850696,106.56829297679839,107.35482406616211,2698716.6666666665,0.0,0.0
2019-12-19 00:00:00-05:00,107.53681402230164,109.00494009278096,107.1504971835456,108.1112060546875,2668100.0,0.0,0.0
2019-12-20 00:00:00-05:00,108.41973229940481,108.92190762802524,107.41166071568284,108.16010729471843,3592433.3333333335,0.0,0.0
2019-12-23 00:00:00-05:00,108.53793326959209,109.52574884737875,107.58900112910838,108.69373703028482,2004816.6666666667,0.0,0.0
2019-12-24 00:00:00-05:00,108.6141616119021,109.4858693396328,108.33764325466605,109.14101600646973,892766.6666666666,0.0,0.0
2019-12-26 00:00:00-05:00,109.31065696721203,109.81792146147036,108.617040317193,109.35195350646973,1189916.6666666667,0.0,0.0
2019-12-27 00:00:00-05:00,109.60345525059158,110.10530368207212,108.89797860474066,109.36403719558594,1565983.3333333333,0.0,0.0
2019-12-30 00:00:00-05:00,109.23617700453566,109.53630691309725,107.63158250568974,108.35432624842447,1933950.0,0.0,0.0
2019-12-31 00:00:00-05:00,108.0931738937091,109.1416717423357,107.64882260316666,108.95660591125488,1731450.0,0.0,0.0
2020-01-02 00:00:00-05:00,109.43875833719777,110.21827325969805,107.96410697044193,108.98897298177083,2154550.0,0.0,0.0
2020-01-03 00:00:00-05:00,107.59276058862842,109.08758970207536,107.20740346491566,108.42210292816162,1848966.6666666667,0.0,0.0
2020-01-06 00:00:00-05:00,107.60255582726352,109.16364775054213,107.28524842054297,108.90051396687825,2516533.3333333335,0.0,0.0
2020-01-07 00:00:00-05:00,109.06480871000669,109.71733078213101,107.39827992460785,108.43505477905273,2693133.3333333335,0.0,0.0
2020-01-08 00:00:00-05:00,108.53918009763693,110.66509896582782,108.24756045215723,109.74318250020345,2622283.3333333335,0.0,0.0
2020-01-09 00:00:00-05:00,110.26355617666803,111.1790821692149,109.06060759654595,110.43422826131184,2281933.3333333335,0.0,0.0
2020-01-10 00:00:00-05:00,110.42720722829836,110.90915598852786,109.05020769329006,109.45647366841634,2152350.0,0.0,0.0
2020-01-13 00:00:00-05:00,109.60779315546573,111.25952258183703,108.49865729324522,110.70590209960938,2921233.3333333335,0.0,0.0
2020-01-14 00:00:00-05:00,110.53272873663632,112.0298803677677,110.05759290959162,110.9876028696696,2495216.6666666665,0.0,0.0
2020-01-15 00:00:00-05:00,110.91058506472821,112.96054442640825,110.55122358711697,112.15650622049968,2276266.6666666665,0.0,0.0
2020-01-16 00:00:00-05:00,112.93415458807027,113.64686663891035,111.94475778153753,113.03610928853352,2541833.3333333335,0.0,0.0
2020-01-17 00:00:00-05:00,113.3640218624784,114.84158316183299,112.62964201592867,114.43435796101888,3207283.3333333335,0.0,0.0
2020-01-21 00:00:00-05:00,114.19198998620992,115.15946205806507,113.30735018701239,114.43526395161946,2449483.3333333335,0.55,0.0
2020-01-22 00:00:00-05:00,115.09753266734707,116.61029984739747,114.44087619513148,115.15190315246582,2327116.6666666665,0.0,0.0
2020-01-23 00:00:00-05:00,114.6013737694111,115.74520903220957,113.27292413723683,115.08335622151692,2254983.3333333335,0.24,0.0
2020-01-24 00:00:00-05:00,115.52322801821492,116.0297451793636,113.47547238357019,114.1633243560791,2090350.0,0.0,0.0
2020-01-27 00:00:00-05:00,112.11101780616029,113.79431339741204,111.50198384607766,112.78822263081868,1992583.3333333333,0.0,0.0
2020-01-28 00:00:00-05:00,113.23456498648925,115.06806895989833,112.69901203111623,114.41592343648274,1902233.3333333333,0.0,0.0
2020-01-29 00:00:00-05:00,114.96791187391807,115.8141160407281,113.74005993162109,114.03580538431804,1625266.6666666667,0.0,0.0
2020-01-30 00:00:00-05:00,111.91683113858802,113.21611660746584,111.0660421733272,112.41889953638834,2398716.6666666665,0.0,0.0
2020-01-31 00:00:00-05:00,111.97457122064439,112.2552916983394,108.15041209006735,108.60472393035889,2971616.6666666665,0.0,0.0
2020-02-03 00:00:00-05:00,109.37586095010683,112.40017397618095,109.08984182290742,111.03971195220947,2626916.6666666665,0.0,0.0
2020-02-04 00:00:00-05:00,112.39370004598094,114.16136332697444,111.95461068833373,113.17205238342285,2356666.6666666665,0.0,0.0
2020-02-05 00:00:00-05:00,114.17894888242428,115.08673733129251,112.16486468107873,113.72018941243489,2167800.0,0.0,0.0
2020-02-06 00:00:00-05:00,113.98576066946218,115.17831170661562,112.85834916342708,113.65911769866943,2234766.6666666665,0.0,0.0
2020-02-07 00:00:00-05:00,113.4567202382634,113.84136388821854,111.99367637597514,112.60742092132568,1568200.0,0.0,0.0
2020-02-10 00:00:00-05:00,112.26793161599535,113.60256800120278,111.52668304561867,112.69000466664632,1723500.0,0.0,0.0
2020-02-11 00:00:00-05:00,112.88859227633823,114.35312742848585,112.3635981489699,113.48913383483887,1548000.0,0.0,0.0
2020-02-12 00:00:00-05:00,114.05086077197332,115.12760641049499,112.94727447202975,114.3540515897103,1828400.0,0.0,0.0
2020-02-13 00:00:00-05:00,113.65953039693447,114.78357708933827,111.34401732282855,112.09992917378743,2455633.3333333335,0.0,0.0
2020-02-14 00:00:00-05:00,112.52524362408765,113.42035849732304,111.7219382593204,112.97050476074219,1797683.3333333333,0.0,0.0
2020-02-18 00:00:00-05:00,112.63129463485706,113.4218336782946,111.30222345686614,112.15775362650554,2097000.0,0.0,0.0
2020-02-19 00:00:00-05:00,112.65307563435393,113.33400111628869,111.52843405815088,112.35106976826985,1919100.0,0.0,0.0
2020-02-20 00:00:00-05:00,112.23499662206473,114.14874536807883,111.41222283505026,113.65586725870769,2372950.0,0.0,0.0
2020-02-21 00:00:00-05:00,113.75987858793921,114.8084512833287,111.91351867144006,112.70498148600261,2649433.3333333335,0.0,0.0
2020-02-24 00:00:00-05:00,109.01470621846516,111.51447255654254,107.92884844938318,110.0782076517741,3537916.6666666665,0.0,0.0
2020-02-25 00:00:00-05:00,111.39797931277029,111.68518015977243,106.70144045079263,107.27671909332275,3949033.3333333335,0.0,0.0
2020-02-26 00:00:00-05:00,108.36841016850377,109.71670250108632,105.09860819329317,105.74741141001384,4555433.333333333,0.0,0.0
2020-02-27 00:00:00-05:00,103.51976500697761,105.9239504919458,100.61337210352839,101.3758675257365,4780116.666666667,0.0,0.0
2020-02-28 00:00:00-05:00,95.89427489671702,99.02959835736887,93.66278517877402,98.27047506968181,6928583.333333333,0.446667,0.0
2020-03-02 00:00:00-05:00,99.00375423908149,102.35774500179274,96.19380352142986,102.03671328226726,4614983.333333333,0.0,0.0
2020-03-03 00:00:00-05:00,102.28176380377215,105.0297948664137,99.61518772298469,101.18556849161784,4351100.0,0.0,0.0
2020-03-04 00:00:00-05:00,103.35227028655635,106.7334888801767,101.90542512754946,106.21139494578044,3372550.0,0.0,0.0
2020-03-05 00:00:00-05:00,103.70034080986919,104.9259085298237,101.46340652172562,102.57476647694905,3636833.3333333335,0.0,0.0
2020-03-06 00:00:00-05:00,99.56800741383118,101.09484474627955,97.4191264898077,100.21014213562012,3958883.3333333335,0.0,0.0
2020-03-09 00:00:00-04:00,92.60387685556928,96.39308444549118,89.7119474906982,92.13555844599284,5093266.666666667,0.0,0.0
2020-03-10 00:00:00-04:00,95.3002298923186,97.82146279517154,90.84862843031978,97.04388586680095,4345016.666666667,0.0,0.0
2020-03-11 00:00:00-04:00,94.42910997510147,95.61816331920795,90.05932989317985,91.81333986918132,4166033.3333333335,1.5,0.0
2020-03-12 00:00:00-04:00,84.94028568498157,88.79411238595003,79.82162236759727,81.65609773000081,6064283.333333333,0.0,0.0
2020-03-13 00:00:00-04:00,85.84881132142878,87.8927674177121,79.5807982959358,87.16613006591797,5912383.333333333,0.0,0.0
2020-03-16 00:00:00-04:00,77.0985487424519,79.06030284852547,68.24419220064969,68.90857537587483,7421933.333333333,0.0,0.0
2020-03-17 00:00:00-04:00,70.3246915123412,72.893803571374,63.165249855613006,71.34722057978313,8816316.666666666,0.0,0.0
2020-03-18 00:00:00-04:00,65.65176048024158,67.78960359137004,56.54324118172644,64.52018817265828,7402900.0,0.0,0.0
2020-03-19 00:00:00-04:00,63.806799172776245,70.6561863755333,59.99631509365012,68.85530344645183,7354150.0,0.0,0.0
2020-03-20 00:00:00-04:00,70.27983033653244,72.88271957997549,64.41692812590846,65.77927112579346,7835450.0,0.0,0.0
2020-03-23 00:00:00-04:00,65.12069104900233,69.4778228653186,62.58857132285933,67.26301447550456,6181250.0,0.0,0.0
2020-03-24 00:00:00-04:00,71.89811616317263,78.80105662546055,71.03193924090407,78.04155858357747,6867916.666666667,0.0,0.0
2020-03-25 00:00:00-04:00,79.14122482656607,84.5667561864418,77.11023055883807,80.12555154164632,6592133.333333333,0.0,0.0
2020-03-26 00:00:00-04:00,82.11585087587657,86.9084200653585,80.66408867318877,84.44516976674397,5701166.666666667,0.0,0.0
2020-03-27 00:00:00-04:00,81.10839733322076,84.34430523577613,79.08671689106588,81.26712290445964,4385350.0,0.0,0.0
2020-03-30 00:00:00-04:00,81.9075868190542,85.74641325791053,79.84664538197212,84.68103567759196,3739483.3333333335,0.0,0.0
2020-03-31 00:00:00-04:00,83.86983522688939,85.29168895556244,80.62179023850145,81.61667410532634,4494683.333333333,0.0,0.0
2020-04-01 00:00:00-04:00,77.09266062827596,79.31773775667638,74.50998317918413,75.91502126057942,4874900.0,0.0,0.0
2020-04-02 00:00:00-04:00,74.77493238209745,78.55906343116709,73.76399906608067,77.19337685902913,4212383.333333333,0.0,0.0
2020-04-03 00:00:00-04:00,76.74191704762603,78.7274138868009,74.61116033564049,76.16333548227946,4076800.0,0.0,0.0
2020-04-06 00:00:00-04:00,83.03251180163655,87.16975247706667,80.59679280740268,85.76104577382405,6461683.333333333,0.0,0.0
2020-04-07 00:00:00-04:00,90.55201967914365,92.12957476687139,86.33036824331187,87.44695440928142,5256116.666666667,0.0,0.0
2020-04-08 00:00:00-04:00,87.71479222915559,91.90384265727704,86.44251336186157,90.31081326802571,3844416.6666666665,0.0,0.0
2020-04-09 00:00:00-04:00,92.55438531516569,96.33067329501155,90.52669602115407,92.14221350377522,5122766.666666667,0.0,0.0
2020-04-13 00:00:00-04:00,91.59910960701995,93.09294650063794,88.66471769435577,92.11568037668864,3397233.3333333335,0.0,0.0
2020-04-14 00:00:00-04:00,94.10219903240261,97.38631135154075,92.82209197813079,95.96336269378662,3790333.3333333335,0.0,0.0
2020-04-15 00:00:00-04:00,91.9623573012919,93.97667249559258,90.51899359937688,91.77056852976482,3846816.6666666665,0.0,0.0
2020-04-16 00:00:00-04:00,92.19188919383355,93.99777062282789,89.4675712423669,91.4134915669759,4546733.333333333,0.0,0.0
2020-04-17 00:00:00-04:00,94.24099557760803,97.79783683060856,93.83677264698825,97.16339874267578,3761416.6666666665,0.0,0.0
2020-04-20 00:00:00-04:00,95.54471904435923,100.00109600620299,94.30181872247165,96.80975151062012,3694683.3333333335,0.0,0.0
2020-04-21 00:00:00-04:00,94.84453474827734,96.95469838289557,93.04543532350607,94.16201559702556,3469766.6666666665,0.55,0.0
2020-04-22 00:00:00-04:00,95.83442413000871,97.44628067323568,94.1773287503673,96.0522813796997,2773000.0,0.0,0.0
2020-04-23 00:00:00-04:00,96.21332152671334,99.32396025453413,95.80496302330396,97.42345905303955,2868350.0,0.24,0.0
2020-04-24 00:00:00-04:00,98.75903367700725,103.70171602629945,97.9845650846771,103.13519763946533,4172500.0,0.0,0.0
2020-04-27 00:00:00-04:00,103.01830619840507,108.46332125826449,102.29982613391395,106.45016415913899,4661100.0,0.0,0.0
2020-04-28 00:00:00-04:00,108.76494088430951,109.273374716658,104.95755737531124,105.87039947509766,3873433.3333333335,0.0,0.0
2020-04-29 00:00:00-04:00,108.85756565709433,112.49032296107792,107.28888554604798,110.26247310638428,3358900.0,0.0,0.0
2020-04-30 00:00:00-04:00,108.12999250402056,111.1926363431311,106.77950227781027,108.32238070170085,3652900.0,0.0,0.0
2020-05-01 00:00:00-04:00,106.16575791797017,108.49519852969837,105.15734325878331,107.11782455444336,3161516.6666666665,0.0,0.0
2020-05-04 00:00:00-04:00,106.52299584463809,110.34298365095715,105.10206245030535,109.88623968760173,3200416.6666666665,0.0,0.0
2020-05-05 00:00:00-04:00,118.00612226265197,120.86513107743777,114.97137377892126,117.01659297943115,5701350.0,0.0,0.0
2020-05-06 00:00:00-04:00,117.56650526303294,120.9266357242351,115.54202609073945,118.77978483835857,3328000.0,0.0,0.0
2020-05-07 00:00:00-04:00,119.56204520978831,121.6097956608758,117.96641510630609,119.72354920705159,2891100.0,0.0,0.0
2020-05-08 00:00:00-04:00,121.2787218977407,124.83929898271849,119.97323752629002,123.80320485432942,3355500.0,0.0,0.0
2020-05-11 00:00:00-04:00,122.49043991561295,126.45385761882041,121.81743775768787,125.05833053588867,3099550.0,0.0,0.0
2020-05-12 00:00:00-04:00,125.94928276527004,127.43776298065079,122.62612861710677,122.68019771575928,2815650.0,0.0,0.0
2020-05-13 00:00:00-04:00,122.84339729921197,124.63265353052334,118.82754594455055,121.32359663645427,3853666.6666666665,0.0,0.0
2020-05-14 00:00:00-04:00,118.59044587963596,121.73484206789009,116.46277778733663,120.32515303293864,3918100.0,0.0,0.0
2020-05-15 00:00:00-04:00,118.37972909642234,124.43986237624631,117.9035928037297,123.06546433766682,6270366.666666667,0.0,0.0
2020-05-18 00:00:00-04:00,125.82351043728413,127.33555527188754,120.97819184198579,122.20084222157796,4931633.333333333,0.0,0.0
2020-05-19 00:00:00-04:00,121.57523398764043,124.44441392009657,120.08562450076795,121.60294373830159,4343433.333333333,0.0,0.0
2020-05-20 00:00:00-04:00,124.25596357631905,124.99343447191684,119.2452420771025,121.74064858754475,6489666.666666667,0.0,0.0
2020-05-21 00:00:00-04:00,122.14209664014471,124.13809771802659,120.26393973177242,123.61635621388753,4036650.0,0.446667,0.0
2020-05-22 00:00:00-04:00,123.59510133645273,125.22006882540505,122.34808243335549,124.90604305267334,2603866.6666666665,0.0,0.0
2020-05-26 00:00:00-04:00,127.27230651328637,128.00478887896048,124.03817702481295,124.79739824930827,3848533.3333333335,0.0,0.0
2020-05-27 00:00:00-04:00,125.23945078759677,126.93521477115935,121.74329085681121,126.1067301434847,3745583.3333333335,0.0,0.0
2020-05-28 00:00:00-04:00,126.95125716059026,130.23542189836772,124.48889064252562,127.13397852579753,4035866.6666666665,0.0,0.0
2020-05-29 00:00:00-04:00,127.77944982619807,132.10022233375776,127.11291747290538,130.5507272084554,5648966.666666667,0.0,0.0
2020-06-01 00:00:00-04:00,130.8997950661304,131.74694777989882,127.77881492368465,128.59064737955728,3061583.3333333335,0.0,0.0
2020-06-02 00:00:00-04:00,130.3611823371393,135.31505867063493,129.80276329120542,134.68692207336426,3802250.0,0.0,0.0
2020-06-03 00:00:00-04:00,134.72416991499352,136.35043402228675,132.6511886635782,133.92852846781412,3170400.0,1.5,0.0
2020-06-04 00:00:00-04:00,133.06549202849837,135.3573856922593,129.96125188485527,131.24722099304196,3627283.3333333335,0.0,0.0
2020-06-05 00:00:00-04:00,132.53274880932764,134.8095119989559,129.18729680364555,132.051607131958,3458283.3333333335,0.0,0.0
2020-06-08 00:00:00-04:00,131.4203857350175,133.44204241754593,129.98600909381486,132.7042662302653,2754450.0,0.0,0.0
2020-06-09 00:00:00-04:00,131.85460119384882,134.0564084249281,130.40618305593108,132.39463424682617,2487916.6666666665,0.0,0.0
2020-06-10 00:00:00-04:00,133.04438807541018,135.9728062323974,131.42281964592738,133.61900838216147,2638566.6666666665,0.0,0.0
2020-06-11 00:00:00-04:00,130.5867072143302,132.948279499779,125.82817007365195,126.81299336751302,3697133.3333333335,0.0,0.0
2020-06-12 00:00:00-04:00,129.66014244051485,131.66227712059978,125.34543683322016,128.83112716674805,2931300.0,0.0,0.0
2020-06-15 00:00:00-04:00,126.4211382990174,133.41894893390923,125.61059771799917,131.8596591949463,3408966.6666666665,0.0,0.0
2020-06-16 00:00:00-04:00,135.74963711285866,136.58041074833747,130.83330442470563,134.56829897588216,3037250.0,0.0,0.0
2020-06-17 00:00:00-04:00,136.1248238311401,139.6260212492265,135.2144744686789,137.6945012410482,3116916.6666666665,0.0,0.0
2020-06-18 00:00:00-04:00,137.03807219762112,139.432779378801,135.53471338460216,136.9817600250244,2421483.3333333335,0.0,0.0
2020-06-19 00:00:00-04:00,139.65620484759384,140.81957086150956,135.94008629611344,137.8856512705485,4712383.333333333,0.0,0.0
2020-06-22 00:00:00-04:00,138.67981455976923,141.3034385095069,136.44851216733267,138.00934410095215,2490466.6666666665,0.0,0.0
2020-06-23 00:00:00-04:00,139.7625666172712,140.9378001539637,137.32234606917459,137.8437074025472,2434266.6666666665,0.0,0.0
2020-06-24 00:00:00-04:00,137.44714720409635,138.62640637209572,132.95159017796033,134.74780654907227,2549633.3333333335,0.0,0.0
2020-06-25 00:00:00-04:00,134.26065141837242,136.11522424047894,132.29929443006841,135.68423461914062,2126466.6666666665,0.0,0.0
2020-06-26 00:00:00-04:00,135.81971727593643,137.58583342814396,132.54768580843373,133.0408732096354,3219200.0,0.0,0.0
2020-06-29 00:00:00-04:00,133.62096065470493,135.82378859279154,131.18617167940448,134.95747566223145,2149550.0,0.0,0.0
2020-06-30 00:00:00-04:00,135.40771971052155,137.338977087217,133.7140170975908,136.12748336791992,2524466.6666666665,0.0,0.0
2020-07-01 00:00:00-04:00,136.030738010491,141.0260443941151,134.91577742476778,139.64912859598795,2886816.6666666665,0.0,0.0
2020-07-02 00:00:00-04:00,141.14986513774434,142.02732476484547,138.08423314194818,139.05759620666504,2214883.3333333335,0.0,0.0
2020-07-06 00:00:00-04:00,140.9084384471519,143.55760391922334,139.60480727422524,141.17793210347494,2139733.3333333335,0.0,0.0
2020-07-07 00:00:00-04:00,140.38912000545585,142.74469732166827,139.51282323886446,141.10083389282227,1826966.6666666667,0.0,0.0
2020-07-08 00:00:00-04:00,141.5648640283207,143.24336287423702,138.79413164690826,140.9624627433789,1921900.0,0.0,0.0
2020-07-09 00:00:00-04:00,141.5794975634416,142.93697325858759,138.87226003834476,141.47191747029623,2002250.0,0.0,0.0
2020-07-10 00:00:00-04:00,141.54292948173,142.9535019983973,139.21529630060073,141.6425863901774,1716216.6666666667,0.0,0.0
2020-07-13 00:00:00-04:00,141.82218160521822,144.52650649632403,138.14658681393826,138.49881426493326,2528366.6666666665,0.0,0.0
2020-07-14 00:00:00-04:00,138.40002314110208,142.80001659756172,137.0560928082335,142.63207372029623,2525633.3333333335,0.0,0.0
2020-07-15 00:00:00-04:00,143.4212585469539,144.4328121670733,140.2203130617969,143.3939323425293,2131933.3333333335,0.0,0.0
2020-07-16 00:00:00-04:00,142.49040117471682,145.581787913846,141.79587408288677,143.89329846700033,1841850.0,0.0,0.0
2020-07-17 00:00:00-04:00,145.02172987120505,146.31214773859355,142.51079498715782,144.43132781982422,2000950.0,0.0,0.0
2020-07-20 00:00:00-04:00,144.82652006317326,147.3886364104322,143.91741736926272,146.5969034830729,1743350.0,0.0,0.0
2020-07-21 00:00:00-04:00,147.58122562433974,149.07289052931787,145.60709886177983,147.02626864115396,1747966.6666666667,0.55,0.0
2020-07-22 00:00:00-04:00,147.55813291142715,150.60025767363967,146.6855068623404,149.52239418029785,2224900.0,0.0,0.0
2020-07-23 00:00:00-04:00,149.75570805289132,150.83415757502559,145.34719967203267,147.1767921447754,2139583.3333333335,0.24,0.0
2020-07-24 00:00:00-04:00,146.63954796896473,149.45724129684893,144.821718682841,148.5377934773763,1985150.0,0.0,0.0
2020-07-27 00:00:00-04:00,149.3469411995052,152.3105095698078,148.37038015336887,151.6233342488607,1975816.6666666667,0.0,0.0
2020-07-28 00:00:00-04:00,152.79819657261064,153.97458435018243,148.84347968231407,150.00957171122232,2207916.6666666665,0.0,0.0
2020-07-29 00:00:00-04:00,151.27649085280092,154.81658908230133,151.05803512700817,153.85289510091147,2071583.3333333333,0.0,0.0
2020-07-30 00:00:00-04:00,152.86855995613033,157.2129103131506,151.87587918030914,156.56164995829263,2132633.3333333335,0.0,0.0
2020-07-31 00:00:00-04:00,157.12113216581375,158.8834332446013,154.38503425861092,157.38708369005857,2701600.0,0.0,0.0
2020-08-03 00:00:00-04:00,159.06670904321473,163.065972086565,158.2191211179539,161.2120157877604,2369216.6666666665,0.0,0.0
2020-08-04 00:00:00-04:00,161.24980876715037,163.8838318021985,158.3137152328039,162.60192426045737,2256783.3333333335,0.0,0.0
2020-08-05 00:00:00-04:00,161.72941571490307,165.6456156761515,160.0873781643056,164.49467976888022,2345566.6666666665,0.0,0.0
2020-08-06 00:00:00-04:00,164.64587290435716,168.30278645446208,163.49578527588503,166.99783007303873,1926950.0,0.0,0.0
2020-08-07 00:00:00-04:00,166.66043230846665,170.47526493805793,164.77061022926407,167.37877527804037,2346716.6666666665,0.0,0.0
2020-08-10 00:00:00-04:00,167.59569704649167,169.19683845612334,163.5642104737747,165.8074118301416,1928866.6666666667,0.0,0.0
2020-08-11 00:00:00-04:00,165.9109755127383,171.81089234627757,162.64657345673106,167.39938481648764,4046200.0,0.0,0.0
2020-08-12 00:00:00-04:00,169.02633390150564,171.41536754037398,165.22972091814873,168.75496546427408,2992883.3333333335,0.0,0.0
2020-08-13 00:00:00-04:00,169.42005888261068,172.67801128129926,168.3616043098821,170.92802174954753,1776950.0,0.0,0.0
2020-08-14 00:00:00-04:00,170.53973359402548,171.9169293328539,168.8342328786816,169.8115431467692,2049383.3333333333,0.0,0.0
2020-08-17 00:00:00-04:00,172.342842390468,174.11828078023527,170.67291819833645,172.9741636912028,2918750.0,0.0,0.0
2020-08-18 00:00:00-04:00,173.6904838736028,177.43337672799376,171.52394992682397,174.21557426452637,3303933.3333333335,0.0,0.0
2020-08-19 00:00:00-04:00,175.25931539080034,178.1985054229507,172.89774478997444,175.05348523457846,3552666.6666666665,0.0,0.0
2020-08-20 00:00:00-04:00,173.9237806231682,175.63211896674002,172.83423630459004,174.11887423197427,2250933.3333333335,0.446667,0.0
2020-08-21 00:00:00-04:00,174.32542694992557,178.34374622665086,173.19473276866188,177.84433937072754,2800983.3333333335,0.0,0.0
2020-08-24 00:00:00-04:00,179.75107579693668,181.0566372426221,175.18931281698443,178.38435872395834,2477800.0,0.0,0.0
2020-08-25 00:00:00-04:00,178.22350657570496,179.6010221272313,175.5478326966595,177.95523325602213,2216966.6666666665,0.0,0.0
2020-08-26 00:00:00-04:00,178.78111649131858,181.97222974058687,177.8462045643984,181.01702944437662,3245200.0,0.0,0.0
2020-08-27 00:00:00-04:00,180.69889393346511,181.2326950353821,175.39949567081715,176.97807121276855,3193600.0,0.0,0.0
2020-08-28 00:00:00-04:00,176.96195194668772,178.13525042593304,172.35958400958316,173.36586252848306,2324500.0,0.0,0.0
2020-08-31 00:00:00-04:00,173.30939091205997,173.7567816263041,168.01443346472448,170.26675415039062,2937950.0,0.0,0.0
2020-09-01 00:00:00-04:00,170.33947178558049,175.11833601323164,169.80045348481698,173.73640950520834,2374016.6666666665,0.0,0.0
2020-09-02 00:00:00-04:00,174.60506844301918,176.71641010389067,169.67014387553277,174.22999000549316,2335100.0,1.5,0.0
2020-09-03 00:00:00-04:00,171.75312614210313,172.86951669101805,163.4337902354605,165.00123151143393,3200350.0,0.0,0.0
2020-09-04 00:00:00-04:00,163.88327649568478,165.4897593114516,153.52638280481065,160.77984237670898,3493000.0,0.0,0.0
2020-09-08 00:00:00-04:00,156.69701515870045,162.67336059122707,154.57069676852302,158.40914726257324,3015033.3333333335,0.0,0.0
2020-09-09 00:00:00-04:00,161.4254814169827,165.6694715344809,159.68034510167226,163.3508218129476,2671183.3333333335,0.0,0.0
2020-09-10 00:00:00-04:00,166.3950162757719,172.49882732157604,162.5686158212523,164.1001059214274,3280716.6666666665,0.0,0.0
2020-09-11 00:00:00-04:00,165.27108632738518,167.86636005123586,160.83855259513578,163.3996206919352,2654866.6666666665,0.0,0.0
2020-09-14 00:00:00-04:00,165.38834869574544,168.82962264386478,163.68062168272837,167.9947764078776,2677600.0,0.0,0.0
2020-09-15 00:00:00-04:00,169.73890990591906,171.89269673167118,166.71749975410367,169.94561894734701,2501450.0,0.0,0.0
2020-09-16 00:00:00-04:00,169.97770676704718,172.00816753968437,167.65555545749703,168.75984891255698,2379483.3333333335,0.0,0.0
2020-09-17 00:00:00-04:00,164.9106167006038,169.00588108724034,163.63597896801144,167.6475969950358,2315566.6666666665,0.0,0.0
2020-09-18 00:00:00-04:00,167.31691771234486,171.96963618711607,163.99264013374886,168.52202542622885,3976066.6666666665,0.0,0.0
2020-09-21 00:00:00-04:00,166.14193871760406,169.71682748751695,163.05755999334892,169.16209856669107,2381350.0,0.0,0.0
2020-09-22 00:00:00-04:00,169.66729635679818,171.86982704698832,167.00094341303785,171.03551165262857,2015666.6666666667,0.0,0.0
2020-09-23 00:00:00-04:00,170.71130011563298,171.5996376879621,164.06733763400936,165.5213451385498,2476283.3333333335,0.0,0.0
2020-09-24 00:00:00-04:00,164.3589779991665,167.99700829852557,162.19305726726876,165.03083992004395,2213633.3333333335,0.0,0.0
2020-09-25 00:00:00-04:00,165.22745397572362,168.94220926001876,164.12125757620467,167.99029986063638,1736166.6666666667,0.0,0.0
2020-09-28 00:00:00-04:00,170.69032152632883,172.89059166272781,169.53839757068124,171.0458838144938,1754900.0,0.0,0.0
2020-09-29 00:00:00-04:00,171.93658611613156,172.95227089115585,169.34408393625728,169.87863477071127,1400050.0,0.0,0.0
2020-09-30 00:00:00-04:00,171.04291658712796,175.17285049890768,167.86549537163702,170.48581504821777,2923633.3333333335,0.0,0.0
2020-10-01 00:00:00-04:00,172.6620871447805,177.99439326690177,170.45297055182772,175.26447550455728,2421816.6666666665,0.0,0.0
2020-10-02 00:00:00-04:00,172.26693524102564,176.6888143776247,170.36723058889905,173.22307268778482,1941100.0,0.0,0.0
2020-10-05 00:00:00-04:00,174.62900609365056,176.85545164524683,173.17718822837605,174.86075719197592,1878483.3333333333,0.0,0.0
2020-10-06 00:00:00-04:00,175.3567787355731,175.94713647389867,169.9464702240593,170.45040003458658,2118783.3333333335,0.0,0.0
2020-10-07 00:00:00-04:00,173.94152603974985,176.18132374843557,172.66906024540535,175.030398050944,2029116.6666666667,0.0,0.0
2020-10-08 00:00:00-04:00,175.71490770229835,177.2785806089756,173.62146764352337,175.30136362711588,1726666.6666666667,0.0,0.0
2020-10-09 00:00:00-04:00,177.32312946965337,178.996691947333,173.37440856624332,175.29105504353842,2642633.3333333335,0.0,0.0
2020-10-12 00:00:00-04:00,176.516786292784,177.8046767505233,174.7008090278965,175.28339640299478,1842833.3333333333,0.0,0.0
2020-10-13 00:00:00-04:00,175.2721832010849,180.38195332519874,174.61705426167973,178.9495436343636,2245883.3333333335,0.0,0.0
2020-10-14 00:00:00-04:00,178.89737234064526,179.4453233345472,174.1022581452005,175.90923182169595,2088233.3333333333,0.0,0.0
2020-10-15 00:00:00-04:00,173.5878084586994,177.64775640287056,172.2014818449535,176.84139696756998,1878550.0,0.0,0.0
2020-10-16 00:00:00-04:00,177.75382811204204,180.55436893545541,176.7086131744148,177.50333531697592,1969966.6666666667,0.0,0.0
2020-10-19 00:00:00-04:00,178.52580644013665,180.596487929035,175.00162862489879,175.71456654866537,2080783.3333333333,0.0,0.0
2020-10-20 00:00:00-04:00,176.71651715880452,178.96595063155294,173.95029321533397,175.02052625020346,1915666.6666666667,0.6,0.0
2020-10-21 00:00:00-04:00,175.639743107319,176.93017883626308,169.3733574641491,169.71127637227377,2077100.0,0.0,0.0
2020-10-22 00:00:00-04:00,169.87892364502022,171.21487278479117,166.42964851194435,168.10846010843912,2120283.3333333335,0.265,0.0
2020-10-23 00:00:00-04:00,168.65197791524403,170.14937615639357,166.19636351617615,169.15471712679525,1631600.0,0.0,0.0
2020-10-26 00:00:00-04:00,167.49378603626977,170.67191099235274,164.21459911209516,167.07339159647623,2185633.3333333335,0.0,0.0
2020-10-27 00:00:00-04:00,168.23565460013944,170.298512226369,166.3481250380632,167.43037923177084,2103783.3333333335,0.0,0.0
2020-10-28 00:00:00-04:00,164.96392099459553,169.37992480784789,163.53648704388652,167.2566172281901,2634716.6666666665,0.0,0.0
2020-10-29 00:00:00-04:00,167.39782662343387,169.9347532673801,161.44268500089433,163.3315798441569,2562566.6666666665,0.0,0.0
2020-10-30 00:00:00-04:00,162.02931460850183,164.15564289853072,157.2240594835031,159.95004590352377,2856533.3333333335,0.0,0.0
2020-11-02 00:00:00-05:00,161.78760202908654,166.29985679231538,160.53943929954812,163.6333408355713,2259133.3333333335,0.0,0.0
2020-11-03 00:00:00-05:00,165.8232932453906,171.0970228366767,162.7480596940477,169.4090105687435,3156916.6666666665,0.0,0.0
2020-11-04 00:00:00-05:00,170.239758381624,175.91433328714345,167.84381270872626,171.58347384134927,2732233.3333333335,0.0,0.0
2020-11-05 00:00:00-05:00,174.94773296759521,179.8442399995224,172.91455486834732,176.9433250427246,2347966.6666666665,0.0,0.0
2020-11-06 00:00:00-05:00,176.8409042950216,178.73620251995848,174.16920269906373,177.48309453328451,1842016.6666666667,0.0,0.0
2020-11-09 00:00:00-05:00,172.1739792601884,173.9183787790047,157.1908393506869,157.55723889668783,6023916.666666667,0.0,0.0
2020-11-10 00:00:00-05:00,159.07995362946426,162.9120821390924,155.14530832641813,161.81331125844076,3492000.0,0.0,0.0
2020-11-11 00:00:00-05:00,163.44682452979077,166.8302390696127,162.50243443531915,165.3902587890625,2385133.3333333335,0.0,0.0
2020-11-12 00:00:00-05:00,166.48383560962185,168.44805437704244,162.81209783527888,163.95481236775717,2317583.3333333335,0.446667,0.0
2020-11-13 00:00:00-05:00,164.65426643628967,166.47076214911107,160.9095795162382,162.39941279093424,2409400.0,0.0,0.0
2020-11-16 00:00:00-05:00,161.23663066751473,165.2154666260163,158.93394710786586,163.50447527567545,3054650.0,0.0,0.0
2020-11-17 00:00:00-05:00,161.9007352117028,163.8712447750418,158.93411870083978,162.88296127319336,3368433.3333333335,0.0,0.0
2020-11-18 00:00:00-05:00,161.1803658282385,163.74297011106907,159.04759693225662,159.51871617635092,4890466.666666667,0.0,0.0
2020-11-19 00:00:00-05:00,160.48560424930224,164.42654445657675,159.16831992786294,163.3430315653483,3713016.6666666665,0.0,0.0
2020-11-20 00:00:00-05:00,164.32856882013735,167.0079487148681,162.81295944372548,164.3465258280436,4167983.3333333335,0.0,0.0
2020-11-23 00:00:00-05:00,164.53352215870368,168.46619412667823,163.86701074045683,167.49635314941406,2978300.0,0.0,0.0
2020-11-24 00:00:00-05:00,167.7170506871775,169.0323890618142,164.65421579573814,165.31555239359537,3138266.6666666665,0.0,0.0
2020-11-25 00:00:00-05:00,166.23335240873388,168.0847749394059,164.16956228876367,166.39908854166666,2266250.0,0.0,0.0
2020-11-27 00:00:00-05:00,167.35457597183478,171.24117203169544,166.3030765244475,168.36786397298178,1190283.3333333333,0.0,0.0
2020-11-30 00:00:00-05:00,168.67693489626,170.41115193392633,163.97620707008284,168.02789497375488,3376066.6666666665,0.0,0.0
2020-12-01 00:00:00-05:00,168.93426409823425,169.70011916400512,164.61855174668946,166.6081568400065,2660983.3333333335,0.0,0.0
2020-12-02 00:00:00-05:00,165.57597368358032,166.39810246574658,161.482013086082,163.22063318888345,2286150.0,1.5,0.0
2020-12-03 00:00:00-05:00,162.91762053906695,165.07710947580122,161.18834998811707,162.51840464274088,2359033.3333333335,0.0,0.0
2020-12-04 00:00:00-05:00,162.74521633506913,163.42417466026652,160.28742372500915,161.4131374359131,3055700.0,0.0,0.0
2020-12-07 00:00:00-05:00,161.5795907843587,163.17218904213425,159.43132552656937,161.06145858764648,3381050.0,0.0,0.0
2020-12-08 00:00:00-05:00,161.00333519021822,164.42428115760183,159.77331281198414,163.18395042419434,2937133.3333333335,0.0,0.0
2020-12-09 00:00:00-05:00,165.3251161415099,167.46809931162403,162.29887257444585,164.58978525797525,3702766.6666666665,0.0,0.0
2020-12-10 00:00:00-05:00,164.30713512571833,166.53177308146905,162.35377033618045,165.26306851704916,2848900.0,0.0,0.0
2020-12-11 00:00:00-05:00,164.79306119472662,166.20135196623968,162.38015642014528,164.59870529174805,2392600.0,0.0,0.0
2020-12-14 00:00:00-05:00,165.80098990084227,169.81816082354783,164.69674197753113,166.6504160563151,2734383.3333333335,0.0,0.0
2020-12-15 00:00:00-05:00,167.81778981443264,173.11188879338988,166.84390150232926,172.15011850941733,2505333.3333333335,0.0,0.0
2020-12-16 00:00:00-05:00,172.70510361635016,174.22495820004488,170.34216655850133,172.819460550944,2480233.3333333335,0.0,0.0
2020-12-17 00:00:00-05:00,174.1584497778255,177.44331385782718,173.40324759891186,176.16186904907227,2600300.0,0.0,0.0
2020-12-18 00:00:00-05:00,176.67121974993861,177.89910547121448,173.3305945206164,174.53170204162598,5328033.333333333,0.0,0.0
2020-12-21 00:00:00-05:00,173.4454899307357,176.34304786890405,170.99369150143676,175.48598098754883,2351833.3333333335,0.0,0.0
2020-12-22 00:00:00-05:00,175.18731225467116,177.3620224017939,173.44080973448254,176.33672904968262,1764616.6666666667,0.0,0.0
2020-12-23 00:00:00-05:00,176.04646435342056,176.99237244930873,170.1212148074092,170.51926930745444,1929266.6666666667,0.0,0.0
2020-12-24 00:00:00-05:00,171.11532859224948,172.42030517800382,169.2770241798115,170.51758003234863,680983.3333333334,0.0,0.0
2020-12-28 00:00:00-05:00,172.07799060126158,172.2037389828481,165.6829511660388,166.4395554860433,1908433.3333333333,0.0,0.0
2020-12-29 00:00:00-05:00,167.5079374801203,168.15839988545332,163.03248358975458,164.89057032267252,1749133.3333333333,0.0,0.0
2020-12-30 00:00:00-05:00,165.54181863780104,166.47124347584477,163.2562417892092,163.95196914672852,1618500.0,0.0,0.0
2020-12-31 00:00:00-05:00,164.11053034734385,164.63359317032135,161.83330571351715,163.33618163993813,1483766.6666666667,0.0,0.0
2021-01-04 00:00:00-05:00,163.51005700890659,166.24044394641666,159.81332991308696,164.2515951792399,3152450.0,0.0,0.0
2021-01-05 00:00:00-05:00,163.16161470682997,166.78664733953678,162.74722866600334,165.8404916127523,2103433.3333333335,0.0,0.0
2021-01-06 00:00:00-05:00,163.62843858657024,169.20817235433145,163.0439193088376,167.29680379231772,2450066.6666666665,0.0,0.0
2021-01-07 00:00:00-05:00,168.4229346526023,170.72444479538467,167.2965804443706,169.53663380940756,2154966.6666666665,0.0,0.0
2021-01-08 00:00:00-05:00,170.37401259448004,174.46091029027784,169.27413439994493,171.40586471557617,2352350.0,0.0,0.0
2021-01-11 00:00:00-05:00,169.9760436325441,174.64717387911773,168.7062006800209,172.84848086039224,1894900.0,0.0,0.0
2021-01-12 00:00:00-05:00,173.21277903495704,179.88715940394118,172.29829645998493,178.49322764078775,2478100.0,0.0,0.0
2021-01-13 00:00:00-05:00,178.99958351468445,186.00871091676103,177.17021033060715,182.74021275838217,2849416.6666666665,0.0,0.0
2021-01-14 00:00:00-05:00,182.53200115161167,194.46545583840407,180.64220178433752,185.5177485148112,3817216.6666666665,0.0,0.0
2021-01-15 00:00:00-05:00,184.32424212152327,187.11649406706454,178.73798979463334,181.67064094543457,3063666.6666666665,0.0,0.0
2021-01-19 00:00:00-05:00,183.64642400501893,185.06940079364662,178.70760133631674,180.4642219543457,2547700.0,0.6,0.0
2021-01-20 00:00:00-05:00,181.46812869444736,183.8653836371105,178.36831667198032,180.9790916442871,2252566.6666666665,0.0,0.0
2021-01-21 00:00:00-05:00,182.37871069934468,186.60823271935138,180.45356870458463,182.09570376078287,2624933.3333333335,0.265,0.0
2021-01-22 00:00:00-05:00,181.90023192486365,185.68009437439738,180.64767369990668,183.91851997375488,2340883.3333333335,0.0,0.0
2021-01-25 00:00:00-05:00,184.6922677903924,188.91512813178574,181.76048891861365,183.1713663736979,3084133.3333333335,0.0,0.0
2021-01-26 00:00:00-05:00,184.0186366959831,184.99451721363675,178.184236032985,179.75716654459634,2214900.0,0.0,0.0
2021-01-27 00:00:00-05:00,176.73833272741544,181.96820916871707,172.51188059143956,176.42605590820312,3554583.3333333335,0.0,0.0
2021-01-28 00:00:00-05:00,177.15491499415324,181.8414010622342,173.6852123948919,177.19199879964194,2885433.3333333335,0.0,0.0
2021-01-29 00:00:00-05:00,176.6004733135034,178.03520866902417,170.42801396185047,172.5679028828939,2957566.6666666665,0.0,0.0
2021-02-01 00:00:00-05:00,173.5256682517465,175.4505988994697,168.7893943670813,173.75825881958008,2521733.3333333335,0.0,0.0
2021-02-02 00:00:00-05:00,174.4412864273081,177.7802507340053,172.5229513937011,176.52975781758627,2277616.6666666665,0.0,0.0
2021-02-03 00:00:00-05:00,177.65772424017936,180.86367629411424,175.44688530935605,176.91778246561685,2019033.3333333333,0.0,0.0
2021-02-04 00:00:00-05:00,177.89279506321455,183.05458726739778,177.09294508209572,180.61908149719238,1876600.0,0.0,0.0
2021-02-05 00:00:00-05:00,181.85573466130927,183.48631994664802,179.47602699986464,181.0470339457194,1640716.6666666667,0.0,0.0
2021-02-08 00:00:00-05:00,181.91739897355478,184.62735269579707,179.3348886146631,182.551539738973,1965500.0,0.0,0.0
2021-02-09 00:00:00-05:00,181.54738867480035,183.86308683607876,179.9249879780301,180.5482660929362,1693650.0,0.0,0.0
2021-02-10 00:00:00-05:00,182.13953964701327,182.38755921176923,177.25711369924912,180.00414021809897,1709100.0,0.0,0.0
2021-02-11 00:00:00-05:00,180.98627253281987,184.42929891149743,179.51071210094915,181.18090438842773,1808916.6666666667,0.0,0.0
2021-02-12 00:00:00-05:00,180.5055949570626,183.96044586245935,179.61605922396475,181.91156895955405,1439016.6666666667,0.0,0.0
2021-02-16 00:00:00-05:00,182.08512383011734,182.7056270469765,176.9848962742218,177.50342178344727,1799733.3333333333,0.0,0.0
2021-02-17 00:00:00-05:00,176.86173006273194,180.22450597085336,174.74597773955634,178.56497637430826,1869750.0,0.0,0.0
2021-02-18 00:00:00-05:00,177.9868514100499,181.22089859158586,176.03455826395484,178.5412629445394,1884566.6666666667,0.0,0.0
2021-02-19 00:00:00-05:00,179.17487196937157,184.7608103015225,177.5813255095221,182.0244229634603,2221116.6666666665,0.0,0.0
2021-02-22 00:00:00-05:00,179.9137440167241,180.3926383115755,173.5717117375102,175.07141240437826,2418850.0,0.0,0.0
2021-02-23 00:00:00-05:00,172.22222671627347,173.79576357926098,164.6740449439283,171.980837504069,4143583.3333333335,0.0,0.0
2021-02-24 00:00:00-05:00,171.57715381357784,172.57598872006042,165.21265892046407,168.28362973531085,5283200.0,0.0,0.0
2021-02-25 00:00:00-05:00,169.44066626661362,176.09030446115676,164.72304480522925,165.87542915344238,4071800.0,0.0,0.0
2021-02-26 00:00:00-05:00,169.3165904070463,175.71931504413655,168.04676957080517,172.58776219685873,4076600.0,0.55,0.0
2021-03-01 00:00:00-05:00,174.14391461161017,184.85962672689774,173.40164415172683,182.3148136138916,3193700.0,0.0,0.0
2021-03-02 00:00:00-05:00,181.2605908151689,183.07162922974433,177.57891212630412,179.005105971779,2479183.3333333335,0.0,0.0
2021-03-03 00:00:00-05:00,178.19746728293458,179.4158795607384,170.90491530098848,172.04961013793945,2731200.0,0.0,0.0
2021-03-04 00:00:00-05:00,170.7015134382527,172.5232559913039,162.96106689448126,167.29214096069336,3822366.6666666665,0.0,0.0
2021-03-05 00:00:00-05:00,168.43678104823036,173.57015830446358,160.94469790200202,171.27290725708008,3438933.3333333335,0.0,0.0
2021-03-08 00:00:00-05:00,172.19290376424388,181.3374488997042,171.49017574659857,175.69157346089682,2801766.6666666665,0.0,0.0
2021-03-09 00:00:00-05:00,179.57354809944687,182.7543205918888,177.1149566294339,179.78725624084473,2964466.6666666665,0.0,0.0
2021-03-10 00:00:00-05:00,182.15938944415402,183.97853758219466,177.85244971848024,179.6119486497754,2146183.3333333335,1.65,0.0
2021-03-11 00:00:00-05:00,182.85065811858922,184.87293886458917,180.99241504763214,182.73337936401367,2445683.3333333335,0.0,0.0
2021-03-12 00:00:00-05:00,180.72321627411557,183.5307335652598,178.56391729699195,182.96293767293295,1999883.3333333333,0.0,0.0
2021-03-15 00:00:00-04:00,183.604932440232,189.0773342870617,182.42159648980407,187.20959345499674,2250466.6666666665,0.0,0.0
2021-03-16 00:00:00-04:00,187.72284790373627,189.69531171357355,183.75743902658851,185.9781608581543,2294783.3333333335,0.0,0.0
2021-03-17 00:00:00-04:00,184.5447151374111,188.7255724332882,182.49565856393633,186.52045186360678,2503750.0,0.0,0.0
2021-03-18 00:00:00-04:00,186.72998077357633,193.49840093887292,184.49841024961947,188.62113444061524,4153416.6666666665,0.0,0.0
2021-03-19 00:00:00-04:00,188.48549132718873,196.24570552773855,188.07568025475155,193.22430928548178,6372366.666666667,0.0,0.0
2021-03-22 00:00:00-04:00,193.38227875302812,197.99343232127157,191.88869996350945,196.66488647460938,3332066.6666666665,0.0,0.0
2021-03-23 00:00:00-04:00,197.36463594810084,200.83086834931308,193.3207078597255,194.67737452189127,2769416.6666666665,0.0,0.0
2021-03-24 00:00:00-04:00,193.9949137735333,197.67572232411013,190.50305323059104,192.03891626993814,2889016.6666666665,0.0,0.0
2021-03-25 00:00:00-04:00,190.29105831495337,196.4737566432815,188.78550231363513,195.43517049153647,3213266.6666666665,0.0,0.0
2021-03-26 00:00:00-04:00,196.32038347022822,202.28999373514822,195.66715137136416,201.75712458292642,3183100.0,0.0,0.0
2021-03-29 00:00:00-04:00,202.07176374570108,205.24650863115585,197.19958087739778,198.36559422810873,2646283.3333333335,0.0,0.0
2021-03-30 00:00:00-04:00,196.87987827771735,199.53386130586568,193.8649769454796,196.64629364013672,2389866.6666666665,0.0,0.0
2021-03-31 00:00:00-04:00,198.79011160319115,199.59279183594262,194.7372734390452,195.47811381073242,2530783.3333333335,0.0,0.0
2021-04-01 00:00:00-04:00,197.66629754621565,202.12628322152372,196.42914415428916,201.28291193644205,2291933.3333333335,0.0,3.0
2021-04-05 00:00:00-04:00,201.9083655930865,204.6895546590973,198.30127164128695,201.48991012573242,2380566.6666666665,0.0,0.0
2021-04-06 00:00:00-04:00,201.30475892880386,206.7028287902393,200.75160481356806,205.08389027913412,2270783.3333333335,0.0,0.0
2021-04-07 00:00:00-04:00,204.02207580950358,205.29846714403052,199.6579432227314,200.80908584594727,2188566.6666666665,0.0,0.0
2021-04-08 00:00:00-04:00,201.98727571433596,204.70952727065864,200.47537923414075,203.23463821411133,1964650.0,0.0,0.0
2021-04-09 00:00:00-04:00,203.4067053892077,207.14348162062902,201.98532960790251,204.93278884887695,2310350.0,0.0,0.0
2021-04-12 00:00:00-04:00,203.9755571072723,206.6033467965692,201.59149838453428,204.81596247355142,2631633.3333333335,0.0,0.0
2021-04-13 00:00:00-04:00,205.1104976532158,206.5738700305701,201.80234038838066,203.6316172281901,1871933.3333333333,0.0,0.0
2021-04-14 00:00:00-04:00,203.81133374170565,207.44131330183174,202.29553443131908,203.3824717203776,1995366.6666666667,0.0,0.0
2021-04-15 00:00:00-04:00,204.35584498550065,206.50336709061926,202.55264030536554,204.58181381225586,1908850.0,0.0,0.0
2021-04-16 00:00:00-04:00,204.5006782661187,209.61236301008125,202.30164264125804,208.5838966369629,3437350.0,0.0,0.0
2021-04-19 00:00:00-04:00,207.94227990286458,209.65613216426513,204.2008565520936,206.09418487548828,2461483.3333333335,0.0,0.0
2021-04-20 00:00:00-04:00,205.9801911471087,207.62640901631983,201.94851123398084,204.96720377604166,2038350.0,0.6,0.0
2021-04-21 00:00:00-04:00,205.18179255653408,208.8684158215783,203.8219788541442,207.45252227783203,1880233.3333333333,0.0,0.0
2021-04-22 00:00:00-04:00,207.69481863585497,208.8737392828491,202.56883522694065,204.20511372884116,2229766.6666666665,0.295,0.0
2021-04-23 00:00:00-04:00,205.17829836244184,207.02716906430192,202.0011654729104,205.9261271158854,1931633.3333333333,0.0,0.0
2021-04-26 00:00:00-04:00,206.30378723294893,207.24347409251752,202.75578620642315,204.7009506225586,1872166.6666666667,0.0,0.0
2021-04-27 00:00:00-04:00,204.21278764838962,207.59391850865327,203.2846429723346,205.35483042399088,2084083.3333333333,0.0,0.0
2021-04-28 00:00:00-04:00,205.35249963062014,207.0309862543951,202.69307464541143,204.6717643737793,1941566.6666666667,0.0,0.0
2021-04-29 00:00:00-04:00,206.28408419645882,209.07282314916424,203.1740653241017,205.7349510192871,2039050.0,0.0,0.0
2021-04-30 00:00:00-04:00,204.74934894337687,205.97278434981808,201.09719779554095,202.45668919881186,2155083.3333333335,0.0,0.0
2021-05-03 00:00:00-04:00,203.44039967254534,205.68549270380382,200.18112072732322,202.57993443806967,2280566.6666666665,0.0,0.0
2021-05-04 00:00:00-04:00,201.21084175295456,203.84359761604273,198.69603528899015,202.68013381958008,2512833.3333333335,0.0,0.0
2021-05-05 00:00:00-04:00,204.19434049567755,205.32233966282092,200.11668676810186,202.31383260091147,1976133.3333333333,0.0,0.0
2021-05-06 00:00:00-04:00,205.62566658381044,209.7866607321511,203.1626911694037,207.58911514282227,2915483.3333333335,0.0,0.0
2021-05-07 00:00:00-04:00,208.95547980592735,212.74359779459868,206.67684602512338,212.04925409952799,2305700.0,0.0,0.0
2021-05-10 00:00:00-04:00,211.48519710195092,220.23895944320267,210.45177966299684,215.24461110432944,2857533.3333333335,0.0,0.0
2021-05-11 00:00:00-04:00,211.5481198895286,214.9763720015109,207.00467643374282,211.7716267903646,2709950.0,0.0,0.0
2021-05-12 00:00:00-04:00,209.2655840937331,211.19033861258652,200.6122252858144,201.22977574666342,3124800.0,0.0,0.0
2021-05-13 00:00:00-04:00,202.46708713629573,206.60629172810232,199.13329539375445,203.25529098510742,2647866.6666666665,0.0,0.0
2021-05-14 00:00:00-04:00,205.02789397228767,207.54097343149235,202.46087777744154,204.56964492797852,2136716.6666666665,0.0,0.0
2021-05-17 00:00:00-04:00,204.07447589125903,205.90001459683018,200.14910445529472,202.6603126525879,2531916.6666666665,0.0,0.0
2021-05-18 00:00:00-04:00,203.4805817229936,206.45879427056028,201.16931527546606,202.02061208089194,2964283.3333333335,0.0,0.0
2021-05-19 00:00:00-04:00,199.2225301979175,200.6947860264114,196.19291830659958,199.89888636271158,3054150.0,0.0,0.0
2021-05-20 00:00:00-04:00,201.0924944378966,204.53764815886893,199.955970079199,202.26882298787436,2273566.6666666665,0.55,0.0
2021-05-21 00:00:00-04:00,203.22989588392565,205.27410219000248,200.8697335846302,201.95830663045248,2213633.3333333335,0.0,0.0
2021-05-24 00:00:00-04:00,202.70516738009496,204.60127056288744,201.36864076896663,202.55009587605795,1907066.6666666667,0.0,0.0
2021-05-25 00:00:00-04:00,203.37156624250744,205.45749644349894,201.69784073982927,203.41009902954102,2105550.0,0.0,0.0
2021-05-26 00:00:00-04:00,204.05469760912015,207.94058725635958,203.25343271130768,206.17475763956705,2268650.0,0.0,0.0
2021-05-27 00:00:00-04:00,206.0200547423418,209.0621728742618,204.5479237439937,205.67657089233398,3116183.3333333335,0.0,0.0
2021-05-28 00:00:00-04:00,206.91627992520395,207.67916241158193,202.4332111480794,202.8006935119629,2189133.3333333335,0.0,0.0
2021-06-01 00:00:00-04:00,205.23107981818467,207.27079114560595,202.38179910145743,203.78087107340494,2241300.0,0.0,0.0
2021-06-02 00:00:00-04:00,204.25223223418678,207.71513672318792,201.9387950387506,205.77976608276367,2234866.6666666665,1.65,0.0
2021-06-03 00:00:00-04:00,204.52061772353719,205.90550540209995,201.49490784863852,203.67326863606772,2130333.3333333335,0.0,0.0
2021-06-04 00:00:00-04:00,204.15742139768147,204.8893643705085,201.27557461170068,203.05707677205405,1912566.6666666667,0.0,0.0
2021-06-07 00:00:00-04:00,202.42487315429625,205.28741898400233,200.4320716121134,203.8476816813151,1948600.0,0.0,0.0
2021-06-08 00:00:00-04:00,205.00175639095377,206.78824068759073,203.06243919268596,205.62087504137696,1775950.0,0.0,0.0
2021-06-09 00:00:00-04:00,205.38117818854244,207.22726406295246,201.85533913941677,202.33190027804037,2012516.6666666667,0.0,0.0
2021-06-10 00:00:00-04:00,203.58612472063405,205.51160590937005,200.760808800355,202.85987981160483,2041433.3333333333,0.0,0.0
2021-06-11 00:00:00-04:00,203.218163934483,204.9630794841922,201.33902620109697,202.87051010131836,1598066.6666666667,0.0,0.0
2021-06-14 00:00:00-04:00,201.93518677778175,202.52075843672648,198.38353789028267,200.3902791341146,1981133.3333333333,0.0,0.0
2021-06-15 00:00:00-04:00,200.4813103449758,200.58524579838863,195.47463750919124,197.65522257486978,2533900.0,0.0,0.0
2021-06-16 00:00:00-04:00,197.605215758431,198.00393480974512,193.4208805094921,195.73227818806967,2347983.3333333335,0.0,0.0
2021-06-17 00:00:00-04:00,195.6158128867759,197.77033816739717,193.2175534018467,196.06829071044922,2343816.6666666665,0.0,0.0
2021-06-18 00:00:00-04:00,194.34296685666993,196.41589272082265,192.16320757132738,194.3764330546061,4517783.333333333,0.0,0.0
2021-06-21 00:00:00-04:00,195.21637659482894,198.18387534047096,193.3141751846123,197.1587905883789,2204283.3333333335,0.0,0.0
2021-06-22 00:00:00-04:00,197.73927887257818,200.13214983115503,196.22338581946656,199.03857421926105,2253433.3333333335,0.0,0.0
2021-06-23 00:00:00-04:00,199.130634857695,201.04551545327425,197.8194356875375,199.32597859700522,1429183.3333333333,0.0,0.0
2021-06-24 00:00:00-04:00,200.6447634774158,203.9860787087849,199.2346746967696,201.27742767333984,1583416.6666666667,0.0,0.0
2021-06-25 00:00:00-04:00,201.50063337469047,204.72497669867968,200.98221894365255,203.14819844563803,4019183.3333333335,0.0,0.0
2021-06-28 00:00:00-04:00,203.6869372995675,204.76653335623317,200.64856872680775,202.4121068318685,1486050.0,0.0,0.0
2021-06-29 00:00:00-04:00,202.08280647279108,204.44940661126464,199.642424318748,202.1685473124186,1822300.0,0.0,0.0
2021-06-30 00:00:00-04:00,201.44553429306401,204.38562708560767,200.8691996336274,203.14838027954102,1826816.6666666667,0.0,0.0
2021-07-01 00:00:00-04:00,203.77767780499983,205.6092240886156,201.02942375694124,202.96650822957358,1578450.0,0.0,0.0
2021-07-02 00:00:00-04:00,203.33838629685633,204.21321814665222,200.7864286647434,202.12244669596353,1338916.6666666667,0.0,0.0
2021-07-06 00:00:00-04:00,202.48633075473583,203.80539052706516,199.06696828295313,202.3533681233724,1597600.0,0.0,0.0
2021-07-07 00:00:00-04:00,202.40310364790358,205.38615545807974,201.5206489601244,204.17866388956705,1827500.0,0.0,0.0
2021-07-08 00:00:00-04:00,201.09498780391996,202.28927048683997,198.30459408284935,200.6374257405599,2026666.6666666667,0.0,0.0
2021-07-09 00:00:00-04:00,202.1361486602643,203.9258088271604,201.43568066319526,203.22729365030924,1448200.0,0.0,0.0
2021-07-12 00:00:00-04:00,203.44574904133069,205.2600785220004,201.04421650017252,203.31133778889975,1399533.3333333333,0.0,0.0
2021-07-13 00:00:00-04:00,202.60086389903645,203.78666840219307,199.44899907894046,199.92630259195963,1839400.0,0.0,0.0
2021-07-14 00:00:00-04:00,200.98211378428104,201.83727646548573,197.1222251125026,198.0891965230306,1684450.0,0.0,0.0
2021-07-15 00:00:00-04:00,197.63800828823574,201.59359012837658,196.4556930886416,200.18084462483725,1562150.0,0.0,0.0
2021-07-16 00:00:00-04:00,201.0875370782039,202.5724527823147,198.20747373545532,198.9946314493815,2058066.6666666667,0.0,0.0
2021-07-19 00:00:00-04:00,196.38269719687364,201.23028681527788,194.7845624668364,199.58538818359375,2551083.3333333335,0.0,0.0
2021-07-20 00:00:00-04:00,198.82945017580926,204.40596004019827,198.15733716818292,203.280886332194,2108966.6666666665,0.8,0.0
2021-07-21 00:00:00-04:00,203.61281669833565,204.9837637770908,201.60621416545402,203.37256368001303,1512633.3333333333,0.0,0.0
2021-07-22 00:00:00-04:00,203.11856373868235,204.54181622956597,201.05989431810758,203.44998931884766,1983633.3333333333,0.295,0.0
2021-07-23 00:00:00-04:00,204.3112391393381,206.77324896127183,203.23505545648482,205.7965431213379,1610816.6666666667,0.0,0.0
2021-07-26 00:00:00-04:00,204.38726460822102,206.17466019595642,202.26336815672093,204.59619267781576,1649616.6666666667,0.0,0.0
2021-07-27 00:00:00-04:00,204.36500566540045,205.29936910801902,198.31082597755994,201.84997940063477,1976316.6666666667,0.0,0.0
2021-07-28 00:00:00-04:00,201.7683205437295,204.1048581685558,200.37959795716066,201.83066685994467,1570733.3333333333,0.0,0.0
2021-07-29 00:00:00-04:00,201.43611186240037,202.79662891723706,198.74882033403455,200.92667516072592,1600350.0,0.0,0.0
2021-07-30 00:00:00-04:00,198.85440304288167,201.01899508684562,196.05420806603146,197.2034594217936,1902350.0,0.0,0.0
2021-08-02 00:00:00-04:00,197.9614695999362,199.20062464954106,195.2427443676231,197.30791473388672,1783816.6666666667,0.0,0.0
2021-08-03 00:00:00-04:00,197.4489898043703,201.72648122120054,197.1382709752157,201.01309204101562,1629216.6666666667,0.0,0.0
2021-08-04 00:00:00-04:00,200.64294903497776,202.46780989389427,197.85457129027563,200.49721145629883,1728916.6666666667,0.0,0.0
2021-08-05 00:00:00-04:00,201.8009137848666,208.52107573854514,200.87905143093516,205.4593416849772,2039600.0,0.0,0.0
2021-08-06 00:00:00-04:00,204.1724714526059,205.83613610554866,200.13303190221336,201.58265177408853,1719216.6666666667,0.0,0.0
2021-08-09 00:00:00-04:00,201.3909747939202,205.38607595887356,200.05626382642149,203.73994827270508,1527833.3333333333,0.0,0.0
2021-08-10 00:00:00-04:00,204.00580829295254,208.29790424353632,203.23312005043502,205.7285919189453,1575750.0,0.0,0.0
2021-08-11 00:00:00-04:00,206.95266371428593,213.41948804993186,206.4669905430372,212.8315060933431,2170700.0,0.0,0.0
2021-08-12 00:00:00-04:00,212.22422782473123,214.77125803950844,209.05264455330223,212.62127176920572,1761766.6666666667,0.0,0.0
2021-08-13 00:00:00-04:00,212.71238627441713,213.9679399430287,209.19131709307365,211.0826047261556,1653900.0,0.0,0.0
2021-08-16 00:00:00-04:00,210.35300091915528,213.08508590917185,206.75906076625495,211.01448822021484,1861683.3333333333,0.0,0.0
2021-08-17 00:00:00-04:00,206.45169564834453,208.2689815650107,202.71282177147498,205.3736317952474,3850166.6666666665,0.0,0.0
2021-08-18 00:00:00-04:00,205.9706892878246,210.96247875986515,202.2565599364823,205.16497675577799,4508633.333333333,0.0,0.0
2021-08-19 00:00:00-04:00,203.42337342234248,207.46166346757545,202.54220359486473,206.13984553019205,2011300.0,0.55,0.0
2021-08-20 00:00:00-04:00,206.66821551218376,211.59485776621446,206.02615527077796,210.77666346232095,1967483.3333333333,0.0,0.0
2021-08-23 00:00:00-04:00,211.8290002693192,212.59468179132833,208.8068637332799,209.02921930948892,1748933.3333333333,0.0,0.0
2021-08-24 00:00:00-04:00,209.6169078327166,210.77531952989702,206.96546534525496,208.63436381022132,1789650.0,0.0,0.0
2021-08-25 00:00:00-04:00,208.0490658515091,210.80624536145305,206.66956572332788,209.6130282084147,1858383.3333333333,0.0,0.0
2021-08-26 00:00:00-04:00,211.02836525107864,214.50351068113454,208.13949478802047,210.19571177164713,3212950.0,0.0,0.0
2021-08-27 00:00:00-04:00,210.0084653008512,212.63682066896217,208.81392927363754,210.7350756327311,1827433.3333333333,0.0,0.0
2021-08-30 00:00:00-04:00,212.26638230273588,214.7323402357788,211.12580762060907,212.3222452799479,1791483.3333333333,0.0,0.0
2021-08-31 00:00:00-04:00,212.63628071578896,213.26683655998565,208.7170913209683,210.18247095743814,2277166.6666666665,0.0,0.0
2021-09-01 00:00:00-04:00,211.08517889005114,212.49215861509563,208.05718086016267,210.1777483622233,1643483.3333333333,1.65,0.0
2021-09-02 00:00:00-04:00,210.5829512171907,212.24989139241515,208.52403775918341,210.73743693033853,1682650.0,0.0,0.0
2021-09-03 00:00:00-04:00,209.53932036446358,212.74126031913275,208.11752559353727,210.62314987182617,1342716.6666666667,0.0,0.0
2021-09-07 00:00:00-04:00,209.32327047435948,210.87470167009886,206.7160550652402,208.36502329508463,1574216.6666666667,0.0,0.0
2021-09-08 00:00:00-04:00,207.66321530551878,208.53968739246065,204.41396038953485,206.4210408528646,1731400.0,0.0,0.0
2021-09-09 00:00:00-04:00,206.57583215037528,209.13142092181792,204.8547801229246,207.40968068440756,1974683.3333333333,0.0,0.0
2021-09-10 00:00:00-04:00,208.9465404987783,211.88005176545371,206.6522237765813,207.9900983174642,1676350.0,0.0,0.0
2021-09-13 00:00:00-04:00,209.18743732740117,211.200068706716,206.53358151068778,209.74858601888022,1857400.0,0.0,0.0
2021-09-14 00:00:00-04:00,210.14789363693578,211.6250048313851,207.56212134483246,208.42845916748047,1474116.6666666667,0.0,0.0
2021-09-15 00:00:00-04:00,208.66995432226702,212.2331464684455,206.45481553188927,211.13788477579752,1669416.6666666667,0.0,0.0
2021-09-16 00:00:00-04:00,210.916158611425,214.13530548086192,210.29312458222796,212.58384450276694,1997250.0,0.0,0.0
2021-09-17 00:00:00-04:00,212.19793139271317,215.12182344086298,210.26178426917315,212.63629023234049,3666400.0,0.0,0.0
2021-09-20 00:00:00-04:00,208.79679410732263,211.9569245915567,206.70737802604287,209.63141504923502,2048350.0,0.0,0.0
2021-09-21 00:00:00-04:00,210.84738703178118,213.08353624682002,208.7130681116989,209.91133244832358,1488633.3333333333,0.0,0.0
2021-09-22 00:00:00-04:00,211.16036632828244,214.04502926756754,209.2345532201808,211.68900553385416,1621550.0,0.0,0.0
2021-09-23 00:00:00-04:00,211.87476415493748,213.52751720650062,209.663334920266,211.36741383870444,1563283.3333333333,0.0,0.0
2021-09-24 00:00:00-04:00,210.82046793194164,212.58550540426742,209.54419058954113,211.3964500427246,1247183.3333333333,0.0,0.0
2021-09-27 00:00:00-04:00,211.05090938739622,216.09911244177997,210.1040167087042,213.6071408589681,1584733.3333333333,0.0,0.0
2021-09-28 00:00:00-04:00,212.33261190299686,212.89897319040088,206.65429688705422,208.04729588826498,2014716.6666666667,0.0,0.0
2021-09-29 00:00:00-04:00,207.34563369793116,212.49382996749634,205.40126166603787,208.17145029703775,1822766.6666666667,0.0,0.0
2021-09-30 00:00:00-04:00,206.6959692155207,207.50274530412574,200.71041461115297,201.40365982055664,2846066.6666666665,0.0,0.0
2021-10-01 00:00:00-04:00,201.79240710271486,204.57221937269887,198.00552348583597,201.69167200724283,2182450.0,0.0,0.0
2021-10-04 00:00:00-04:00,199.81378918640314,202.14330827653342,196.62244890655373,198.1680653889974,2575683.3333333335,0.0,0.0
2021-10-05 00:00:00-04:00,199.1301150271223,202.34059569484018,198.08594295253542,199.8783213297526,2009466.6666666667,0.0,0.0
2021-10-06 00:00:00-04:00,198.5321097495903,201.99762939140052,196.93893644103295,200.41664377848306,1671416.6666666667,0.0,0.0
2021-10-07 00:00:00-04:00,201.96403746468232,206.42740416139782,201.1700022838409,203.3208325703939,1677616.6666666667,0.0,0.0
2021-10-08 00:00:00-04:00,202.60214403632813,204.089636062574,199.74294551178147,201.32271575927734,1620683.3333333333,0.0,0.0
2021-10-11 00:00:00-04:00,201.6047738019807,203.8805316854954,199.78610107783027,200.51910146077475,1515733.3333333333,0.0,0.0
2021-10-12 00:00:00-04:00,201.6563715853998,204.1086083040036,200.49867495339063,201.67583719889322,1678766.6666666667,0.0,0.0
2021-10-13 00:00:00-04:00,200.86581086737837,203.44907775494048,198.51813967874287,202.06796900431314,1852383.3333333333,0.0,0.0
2021-10-14 00:00:00-04:00,201.78083371209132,206.64302487741904,200.6900205342105,206.0681889851888,1811366.6666666667,0.0,0.0
2021-10-15 00:00:00-04:00,207.88223874934917,209.96827521391836,205.80522387097446,207.87522506713867,1672083.3333333333,0.0,0.0
2021-10-18 00:00:00-04:00,207.12146196847323,210.8904403896906,206.15642540568624,210.31784184773764,1766416.6666666667,0.0,0.0
2021-10-19 00:00:00-04:00,211.80172973778937,213.2570851300923,209.85777942465037,212.70061365763345,1504000.0,0.8,0.0
2021-10-20 00:00:00-04:00,212.98731704246424,215.21037366495204,212.01069383243495,213.70198567708334,1360950.0,0.0,0.0
2021-10-21 00:00:00-04:00,213.42571047874267,217.19348898860255,212.49972876812657,216.3852106730143,1561600.0,0.355,0.0
2021-10-22 00:00:00-04:00,216.44745061875008,218.26871159962388,214.01404635375715,215.85588836669922,1490466.6666666667,0.0,0.0
2021-10-25 00:00:00-04:00,216.41441606026672,218.6406996881514,214.74820188468925,217.06844584147134,1636666.6666666667,0.0,0.0
2021-10-26 00:00:00-04:00,218.0104492452108,220.38822968729707,214.45680973440267,217.123415629069,1784550.0,0.0,0.0
2021-10-27 00:00:00-04:00,218.16060626292014,220.87579856970797,215.77736657209797,216.74475479125977,1812450.0,0.0,0.0
2021-10-28 00:00:00-04:00,217.6208842321553,222.68218383227028,216.51859982188,221.23139826456705,1569966.6666666667,0.0,0.0
2021-10-29 00:00:00-04:00,219.26177989376208,222.93263514015305,218.02495001146113,220.85599517822266,1954150.0,0.0,0.0
2021-11-01 00:00:00-04:00,221.2271163284778,223.75065869935966,217.15020498388756,220.06548309326172,1967783.3333333333,0.0,0.0
2021-11-02 00:00:00-04:00,220.70529492984113,223.6541901908929,218.18499798616958,222.26110204060873,1721566.6666666667,0.0,0.0
2021-11-03 00:00:00-04:00,222.80275022145827,227.50459125767551,221.23983475781134,225.60868326822916,2386416.6666666665,0.0,0.0
2021-11-04 00:00:00-04:00,222.66306285847372,227.72909266623924,220.92367809534082,225.81734720865884,2131416.6666666665,0.0,0.0
2021-11-05 00:00:00-04:00,223.6051854442969,226.1963030302395,218.994581473117,221.737180074056,1922733.3333333333,0.0,0.0
2021-11-08 00:00:00-05:00,222.3265213963842,224.52974485449826,220.1702034698287,221.58185068766275,1481383.3333333333,0.0,0.0
2021-11-09 00:00:00-05:00,221.70663387843123,225.52609725318848,220.8337534921618,223.34235763549805,1320916.6666666667,0.0,0.0
2021-11-10 00:00:00-05:00,221.94902858227957,223.9477513718143,219.01893094933007,220.12665176391602,1459433.3333333333,0.0,0.0
2021-11-11 00:00:00-05:00,221.16930690293714,223.0624079748371,218.97251389864653,221.14888509114584,1175700.0,0.0,0.0
2021-11-12 00:00:00-05:00,222.08031391216014,226.82236800463093,220.43217974275035,226.45401509602866,1677500.0,0.0,0.0
2021-11-15 00:00:00-05:00,225.835766838508,227.38512747076655,223.63214951309246,225.29659016927084,1700500.0,0.0,0.0
2021-11-16 00:00:00-05:00,229.26876069118143,237.18915360921426,227.845263373407,235.4550666809082,3589800.0,0.0,0.0
2021-11-17 00:00:00-05:00,236.54753483852903,238.89892034634136,231.27671381175375,232.96444702148438,2699616.6666666665,0.0,0.0
2021-11-18 00:00:00-05:00,234.48450517220923,237.28628333772278,231.23877658354726,234.09785334269205,2379516.6666666665,0.55,0.0
2021-11-19 00:00:00-05:00,234.65514524503587,240.09661213831154,232.55688243929947,237.28161239624023,2549716.6666666665,0.0,0.0
2021-11-22 00:00:00-05:00,238.1718592262699,241.88882417826878,233.7715681446672,234.67468770345053,2178050.0,0.0,0.0
2021-11-23 00:00:00-05:00,233.6765815041956,235.3492261235367,229.3924420035775,233.86916859944662,1889883.3333333333,0.0,0.0
2021-11-24 00:00:00-05:00,232.92640352829812,239.50989347914978,231.79913636366572,238.0530128479004,1527133.3333333333,0.0,0.0
2021-11-26 00:00:00-05:00,237.09755839723195,241.61488045113515,232.78092822136878,234.2861010233561,1358066.6666666667,0.0,0.0
2021-11-29 00:00:00-05:00,235.21325834930758,238.4342948671488,232.70151842316923,235.0848019917806,1873416.6666666667,0.0,0.0
2021-11-30 00:00:00-05:00,234.06425329457068,236.80191899111614,228.09905271127306,228.59497706095377,3556816.6666666665,0.0,0.0
2021-12-01 00:00:00-05:00,231.00422944439688,235.93532824614616,226.8666188563309,227.18528493245444,2362966.6666666665,1.65,0.0
2021-12-02 00:00:00-05:00,227.57916631121068,233.2776140941769,224.7179294901492,229.90309397379556,2218933.3333333335,0.0,0.0
2021-12-03 00:00:00-05:00,230.8501695023647,233.87517865637884,225.40216267426237,228.8528938293457,2573550.0,0.0,0.0
2021-12-06 00:00:00-05:00,230.3548223972975,232.26558202286648,226.43958629008753,227.71061197916666,2303816.6666666665,0.0,0.0
2021-12-07 00:00:00-05:00,230.95629576409215,233.46672125426673,228.69075114798582,231.3098258972168,2097316.6666666665,0.0,0.0
2021-12-08 00:00:00-05:00,231.5603568614491,234.46527779190913,228.62823197129856,231.91011683146158,1891916.6666666667,0.0,0.0
2021-12-09 00:00:00-05:00,232.24655982240947,234.87795956768716,227.19548505121156,228.34082412719727,2206583.3333333335,0.0,0.0
2021-12-10 00:00:00-05:00,228.39639704093148,230.54341452110884,223.77054669790917,226.5094731648763,1932100.0,0.0,0.0
2021-12-13 00:00:00-05:00,226.89564653638806,228.56926126428587,222.19744540924782,224.36736297607422,2174633.3333333335,0.0,0.0
2021-12-14 00:00:00-05:00,222.97210318644593,225.01940969364168,219.32731122279327,222.24103418986002,2622150.0,0.0,0.0
2021-12-15 00:00:00-05:00,220.45279886773824,225.7216356526333,218.88422136588153,225.16798528035483,2494450.0,0.0,0.0
2021-12-16 00:00:00-05:00,224.7730906345801,225.90556118182568,217.68946691811925,219.51578521728516,2690400.0,0.0,0.0
2021-12-17 00:00:00-05:00,218.33318790238548,222.21132896941398,213.7353529074412,218.10244115193686,4949416.666666667,0.0,0.0
2021-12-20 00:00:00-05:00,215.1718888949606,216.7314605467321,211.43525351715542,215.4774169921875,2334600.0,0.0,0.0
2021-12-21 00:00:00-05:00,216.8879632934388,220.09747309221135,214.15381834102675,218.3536860148112,1780566.6666666667,0.0,0.0
2021-12-22 00:00:00-05:00,218.96231375642023,221.8047152212218,217.3432270242371,220.89826202392578,1643966.6666666667,0.0,0.0
2021-12-23 00:00:00-05:00,221.29997668227256,223.06721789419785,219.15381866263078,221.24761454264322,1574783.3333333333,0.0,0.0
2021-12-27 00:00:00-05:00,221.8569642216445,225.11499879186877,220.26916361135326,223.28779093424478,1174516.6666666667,0.0,0.0
2021-12-28 00:00:00-05:00,223.64152554852478,224.8964014760589,221.319858968125,222.71785100301108,1459766.6666666667,0.0,0.0
2021-12-29 00:00:00-05:00,222.9949240496346,225.7353130896554,221.99025879291005,224.61675643920898,1171933.3333333333,0.0,0.0
2021-12-30 00:00:00-05:00,225.00314057125956,227.1490897963254,223.4467774984291,224.18791707356772,1027000.0,0.0,0.0
2021-12-31 00:00:00-05:00,223.87653912980295,226.70411597430265,222.6255032732994,225.07341893513998,1256300.0,0.0,0.0
2022-01-03 00:00:00-05:00,225.09360449426978,227.0721373988439,218.80192047033552,222.55283482869467,2468000.0,0.0,0.0
2022-01-04 00:00:00-05:00,221.5331640781417,224.49300433214492,217.48796977144056,220.98002115885416,2239583.3333333335,0.0,0.0
2022-01-05 00:00:00-05:00,219.2934226774844,221.06716746208244,213.23638039609955,214.52218627929688,2945283.3333333335,0.0,0.0
2022-01-06 00:00:00-05:00,215.00621730550168,217.3495722175551,211.2671387574677,214.85401026407877,2187900.0,0.0,0.0
2022-01-07 00:00:00-05:00,213.69320145087727,215.91320915113013,208.54925055863123,210.43973668416342,2586266.6666666665,0.0,0.0
2022-01-10 00:00:00-05:00,207.964195322908,208.7663033778173,202.23839084970177,208.13554255167642,3364000.0,0.0,0.0
2022-01-11 00:00:00-05:00,208.286945505963,210.91253475325883,205.35962608411083,209.82371520996094,2049750.0,0.0,0.0
2022-01-12 00:00:00-05:00,210.63914090517906,212.68207228749313,207.26695535873318,208.51382700602213,1836300.0,0.0,0.0
2022-01-13 00:00:00-05:00,209.8614566525307,211.0432083445307,205.6421628107746,206.14355595906576,1913483.3333333333,0.0,0.0
2022-01-14 00:00:00-05:00,202.7591576021481,204.46233355645214,197.33429313794372,200.4179484049479,2777800.0,0.0,0.0
2022-01-18 00:00:00-05:00,196.36157664468752,198.5097958833288,192.92509754880314,196.66482543945312,3313550.0,0.8,0.0
2022-01-19 00:00:00-05:00,196.5918128497182,198.89803663236594,193.14722324319084,193.5475056966146,2812266.6666666665,0.0,0.0
2022-01-20 00:00:00-05:00,195.05623359408287,196.93687103497572,186.73686298684274,187.35414250691733,3296433.3333333335,0.355,0.0
2022-01-21 00:00:00-05:00,186.7917585626949,190.51247791699151,183.06041403533422,184.70353317260742,3816500.0,0.0,0.0
2022-01-24 00:00:00-05:00,180.27572054416478,194.16488540362835,179.43857701780144,193.47406260172525,4626083.333333333,0.0,0.0
2022-01-25 00:00:00-05:00,189.74492353813244,194.29518780532192,186.7774686196441,190.65266545613608,3275833.3333333335,0.0,0.0
2022-01-26 00:00:00-05:00,193.03613538410318,195.55012523501105,186.46061356743732,188.06689453125,3511500.0,0.0,0.0
2022-01-27 00:00:00-05:00,189.66876413231145,192.2791947185996,183.35559498611224,185.13282903035483,2657183.3333333335,0.0,0.0
2022-01-28 00:00:00-05:00,186.354328420881,192.04973510782375,182.34540457099024,191.23078409830728,2524833.3333333335,0.0,0.0
2022-01-31 00:00:00-05:00,190.891157786133,195.0780584897052,189.48879328416274,194.3440933227539,2668566.6666666665,0.0,0.0
2022-02-01 00:00:00-05:00,195.4768075804991,198.51451167090124,192.0850936779785,197.47427876790366,2230850.0,0.0,0.0
2022-02-02 00:00:00-05:00,197.5645404625799,199.5339722597162,193.06324126589365,195.66398493448892,2241800.0,0.0,0.0
2022-02-03 00:00:00-05:00,193.03027469176132,195.09978325810883,189.4641662959955,190.18631744384766,2012883.3333333333,0.0,0.0
2022-02-04 00:00:00-05:00,190.31507081417018,191.2941579237995,184.94321366034615,188.26864624023438,2215833.3333333335,0.0,0.0
2022-02-07 00:00:00-05:00,188.72390088570182,191.17860471639187,185.95766119265056,187.12036895751953,1838266.6666666667,0.0,0.0
2022-02-08 00:00:00-05:00,187.15289796797347,191.26426330094395,186.0520942055639,190.00053532918295,1827183.3333333333,0.0,0.0
2022-02-09 00:00:00-05:00,192.2832576277789,195.05954702653398,190.94913566902264,193.63643010457358,1587183.3333333333,0.0,0.0
2022-02-10 00:00:00-05:00,190.41800601719896,193.87823179685907,187.0304227400383,188.40680313110352,2157733.3333333335,0.0,0.0
2022-02-11 00:00:00-05:00,188.22888929576825,189.98582009386658,184.2432390888765,185.40349578857422,1740366.6666666667,0.0,0.0
2022-02-14 00:00:00-05:00,184.28393709883412,187.02126355259543,182.16407339699165,184.19296264648438,1937783.3333333333,0.0,0.0
2022-02-15 00:00:00-05:00,186.718239819165,188.32715468597394,184.19817534850483,186.61055755615234,1696233.3333333333,0.0,0.0
2022-02-16 00:00:00-05:00,185.43873199864666,186.20224112817974,180.5320563393296,183.49915568033853,1998383.3333333333,0.0,0.0
2022-02-17 00:00:00-05:00,182.93820120009082,184.45667113023342,178.44568957074844,179.21127700805664,2302800.0,0.0,0.0
2022-02-18 00:00:00-05:00,179.15203898311154,181.56091327927325,176.50292568390432,178.25123723347983,3052616.6666666665,0.0,0.0
2022-02-22 00:00:00-05:00,174.64105588005702,176.58924527124987,166.25271780556687,169.00272432963052,6475600.0,0.0,0.0
2022-02-23 00:00:00-05:00,171.81579353367945,174.31521972450642,166.0895855452518,166.8440958663965,5059850.0,0.0,0.0
2022-02-24 00:00:00-05:00,159.24255356666222,170.42372979045373,158.06473536311768,169.32851918469726,4568216.666666667,0.0,0.0
2022-02-25 00:00:00-05:00,171.02229762623338,174.74508139954614,167.03752385202182,173.97081502278647,3297483.3333333335,0.6,0.0
2022-02-28 00:00:00-05:00,172.0753940308373,176.20173332290065,170.08827197975688,174.57217152913412,3328250.0,0.0,0.0
2022-03-01 00:00:00-05:00,174.3578338728527,177.32791476995203,170.75123587560265,172.72098795572916,3009916.6666666665,0.0,0.0
2022-03-02 00:00:00-05:00,172.81827086015346,177.6292661795134,171.03591180693874,176.10406621246094,2622450.0,0.0,0.0
2022-03-03 00:00:00-05:00,177.16061040463305,178.30048036049686,171.84561575753966,173.50182851206705,2300633.3333333335,0.0,0.0
2022-03-04 00:00:00-05:00,172.54301718809734,175.00403633605333,170.06987134050095,172.95121892293295,2278433.3333333335,0.0,0.0
2022-03-07 00:00:00-05:00,173.27945090328456,175.75293140236332,167.02296828690467,167.91822814941406,2949616.6666666665,0.0,0.0
2022-03-08 00:00:00-05:00,167.50762242998624,174.06934624927013,165.47093051394708,168.05243428548178,2643700.0,0.0,0.0
2022-03-09 00:00:00-05:00,170.88308729579327,172.95735744556885,167.85504735067045,168.87616475423178,2419116.6666666665,1.9,0.0
2022-03-10 00:00:00-05:00,167.21668067350993,169.28311299454344,163.18751714806174,167.77848180135092,2192633.3333333335,0.0,0.0
2022-03-11 00:00:00-05:00,168.49646887820964,170.16751539830219,164.6604801587822,165.02385330200195,1965583.3333333333,0.0,0.0
2022-03-14 00:00:00-04:00,166.34981049101665,169.1715858278258,162.7403770010986,165.1768366495768,2330233.3333333335,0.0,0.0
2022-03-15 00:00:00-04:00,166.52145498137298,172.52369824486163,166.34290321650872,170.65951792399088,2599050.0,0.0,0.0
2022-03-16 00:00:00-04:00,172.7888483781472,175.33397445119115,168.75377157792937,173.26467895507812,3150716.6666666665,0.0,0.0
2022-03-17 00:00:00-04:00,173.2034476776829,176.91809469574522,170.8085772369142,176.19581604003906,3575283.3333333335,0.0,0.0
2022-03-18 00:00:00-04:00,175.23984540216694,179.82539952864764,174.05227904415764,179.18625513712564,4827483.333333333,0.0,0.0
2022-03-21 00:00:00-04:00,178.78356325633823,180.11218948807982,171.6001092480636,173.12317657470703,2555583.3333333335,0.0,0.0
2022-03-22 00:00:00-04:00,174.22261300325567,177.06882506889065,171.89411212908317,175.283327738444,2436533.3333333335,0.0,0.0
2022-03-23 00:00:00-04:00,173.51052846808378,174.93849840511226,168.44699556290286,169.2001050313314,2647850.0,0.0,0.0
2022-03-24 00:00:00-04:00,169.25204428691282,170.35815125538724,166.18354176866526,168.61039225260416,2417250.0,0.0,0.0
2022-03-25 00:00:00-04:00,169.55025385038041,169.92740718721407,162.86411681245383,164.37967554677084,3098300.0,0.0,0.0
2022-03-28 00:00:00-04:00,164.29004841601707,167.4084216423627,162.21892895771717,167.27798716227213,2689600.0,0.0,0.0
2022-03-29 00:00:00-04:00,170.63687140571298,174.96138929528254,168.8686143267474,172.9978396097819,2884366.6666666665,0.0,0.0
2022-03-30 00:00:00-04:00,169.08525940715,171.15819892182006,164.50091747148906,165.69225692749023,4196116.666666667,0.0,0.0
2022-03-31 00:00:00-04:00,164.56483123488542,165.71573696657242,159.32071980653959,159.83598200480142,4916800.0,0.0,0.0
2022-04-01 00:00:00-04:00,160.1905226506676,162.1973022257193,158.3181439379255,160.83606719970703,3274316.6666666665,0.0,0.0
2022-04-04 00:00:00-04:00,160.61663821661725,164.85450048011597,159.5023861252323,164.2502759297689,2928200.0,0.0,0.0
2022-04-05 00:00:00-04:00,164.1294048490786,167.2900654532307,162.04894433912156,163.6777254740397,2810466.6666666665,0.0,0.0
2022-04-06 00:00:00-04:00,160.62178935500432,162.99009145782034,157.26177739328918,160.92090352376303,3711733.3333333335,0.0,0.0
2022-04-07 00:00:00-04:00,159.14507912909616,163.71185163863956,157.51689501548785,162.94877751668295,3120700.0,0.0,0.0
2022-04-08 00:00:00-04:00,162.13204816098292,167.38921954518457,161.1862909580202,165.07474772186524,2972550.0,0.0,0.0
2022-04-11 00:00:00-04:00,163.0171504812998,167.5798381808448,162.2147459256524,164.5086987813314,2421016.6666666665,0.0,0.0
2022-04-12 00:00:00-04:00,166.56911413969308,168.92711594706608,161.79442598802376,162.59225591023764,2778516.6666666665,0.0,0.0
2022-04-13 00:00:00-04:00,161.79989342821557,166.70526980379825,161.26853779576655,165.72569529215494,2583633.3333333335,0.0,0.0
2022-04-14 00:00:00-04:00,166.17640209918076,167.72156137422053,161.0267493577755,161.2505353298698,2768600.0,0.0,0.0
2022-04-18 00:00:00-04:00,160.17371150385733,161.58790430674176,155.67748273180771,156.9546279914095,2735566.6666666665,0.0,0.0
2022-04-19 00:00:00-04:00,157.12333507111904,162.8374181764356,156.7060883695501,162.13182830810547,2444233.3333333335,0.8,0.0
2022-04-20 00:00:00-04:00,163.11902197337483,165.4860363062555,160.34233934984596,162.56343714396158,2777933.3333333335,0.0,0.0
2022-04-21 00:00:00-04:00,164.17747202931943,165.2441141049745,159.0373086065789,159.65233993530273,2508483.3333333335,0.39,0.0
2022-04-22 00:00:00-04:00,159.20753774400524,159.4150115609059,152.75458776295025,153.32822481791177,3059100.0,0.0,0.0
2022-04-25 00:00:00-04:00,153.137997589139,155.98192139786008,150.54191163696328,155.52096811861654,2844583.3333333335,0.0,0.0
2022-04-26 00:00:00-04:00,157.63686773931786,161.29220560264537,155.38068059681498,157.21996879526532,3398916.6666666665,0.0,0.0
2022-04-27 00:00:00-04:00,157.68582062885005,162.1199324939678,156.2548377264309,158.1956329345703,2827016.6666666665,0.0,0.0
2022-04-28 00:00:00-04:00,160.1698497460442,164.39973755730628,157.45766556095268,163.04107538859049,2816466.6666666665,0.0,0.0
2022-04-29 00:00:00-04:00,161.21606744568564,163.75930702175282,156.11350366550357,156.59842109680176,3343816.6666666665,0.0,0.0
2022-05-02 00:00:00-04:00,156.44011010518412,162.6293574719622,154.4726425930809,160.48414866129556,3121616.6666666665,0.0,0.0
2022-05-03 00:00:00-04:00,159.64905134358472,162.26040031277512,158.190127930812,160.48427073160806,2298800.0,0.0,0.0
2022-05-04 00:00:00-04:00,159.97739303548795,166.5967246789963,157.86839122180768,165.97576268513998,3203750.0,0.0,0.0
2022-05-05 00:00:00-04:00,161.42567649127716,162.4584094007176,152.4969745259631,154.9633700052897,5132366.666666667,0.0,0.0
2022-05-06 00:00:00-04:00,153.6352064572609,154.7029034814303,147.44940419190806,151.50223795572916,4433750.0,0.0,0.0
2022-05-09 00:00:00-04:00,149.10707374205467,155.65369583423634,147.7888201677114,152.04462051391602,3546116.6666666665,0.0,0.0
2022-05-10 00:00:00-04:00,153.4686219804997,155.12032306284556,146.41811119965567,148.49387868245444,3577283.3333333335,0.0,0.0
2022-05-11 00:00:00-04:00,148.24328648105293,150.83217407689858,143.82329466850643,144.25309880574545,3210850.0,0.0,0.0
2022-05-12 00:00:00-04:00,143.28930134331273,150.88401696167622,142.39484691613697,148.54971059163412,4298166.666666667,0.0,0.0
2022-05-13 00:00:00-04:00,149.1975411516954,153.08934379176338,147.3568201784001,150.11506462097168,3121866.6666666665,0.0,0.0
2022-05-16 00:00:00-04:00,149.091115556605,151.44573770979449,145.18783622891155,148.3832015991211,3256583.3333333335,0.0,0.0
2022-05-17 00:00:00-04:00,152.14221775711965,154.131343167521,145.61420104200457,150.14230155876137,5245533.333333333,0.0,0.0
2022-05-18 00:00:00-04:00,145.91005949166836,147.48811022900819,139.41162267402092,141.473663965861,5394016.666666667,0.0,0.0
2022-05-19 00:00:00-04:00,140.7965245322909,146.0540949948078,140.2062105598807,142.9025675455729,3480900.0,0.6,0.0
2022-05-20 00:00:00-04:00,143.99825418229614,144.72588176296304,137.44344265943042,142.10558382670084,3824150.0,0.0,0.0
2022-05-23 00:00:00-04:00,143.12096291224597,143.94750821030374,139.20336488691214,142.36902618408203,3013500.0,0.0,0.0
2022-05-24 00:00:00-04:00,141.06251941395712,142.6523419886132,138.13292905976346,140.71271769205728,3433483.3333333335,0.0,0.0
2022-05-25 00:00:00-04:00,139.711130798266,146.73019336544056,139.30158112308553,145.61242548624674,4463200.0,0.0,0.0
2022-05-26 00:00:00-04:00,148.5470130459592,153.55813705160043,147.71482917078166,151.93785285949707,4147550.0,0.0,0.0
2022-05-27 00:00:00-04:00,152.79136978358233,155.50377117498678,151.6671387610379,155.19059244791666,2592083.3333333335,0.0,0.0
2022-05-31 00:00:00-04:00,153.77507955902357,154.55912522572666,149.74481264733842,151.7276922861735,4101216.6666666665,0.0,0.0
2022-06-01 00:00:00-04:00,152.48987063158307,153.21752742227574,148.7180035039367,149.58666356404623,2460533.3333333335,1.9,0.0
2022-06-02 00:00:00-04:00,150.57649862940323,154.74578533908954,149.24238021498306,154.24980799357095,2983800.0,0.0,0.0
2022-06-03 00:00:00-04:00,152.14925292107674,154.976036779204,150.8111330040205,152.34130732218424,2349616.6666666665,0.0,0.0
2022-06-06 00:00:00-04:00,152.87101928023654,155.32718636075205,151.12179370600077,153.33889071146646,2310650.0,0.0,0.0
2022-06-07 00:00:00-04:00,149.19501578254463,153.27296128921805,147.82642558875165,152.61095809936523,2442150.0,0.0,0.0
2022-06-08 00:00:00-04:00,151.55482606454385,152.85058161388716,148.988042107097,150.1246134440104,2247100.0,0.0,0.0
2022-06-09 00:00:00-04:00,149.86976408476673,153.93293843850356,148.1840171187298,149.37197176666504,2443466.6666666665,0.0,0.0
2022-06-10 00:00:00-04:00,146.0080712426606,147.5170850553898,142.1360929521708,142.69415728182454,2887000.0,0.0,0.0
2022-06-13 00:00:00-04:00,139.11606240626926,141.21139046024206,136.7310263911046,137.88339678377767,3220100.0,0.0,0.0
2022-06-14 00:00:00-04:00,137.8941468860846,139.51352998470364,133.80030922243532,135.25713475545248,2560600.0,0.0,0.0
2022-06-15 00:00:00-04:00,136.60934799597263,138.4294695496571,133.46015913336518,135.97750536600748,2646016.6666666665,0.0,0.0
2022-06-16 00:00:00-04:00,132.3949263378702,133.0454088856409,128.39605355651997,130.10282770792642,3357016.6666666665,0.0,0.0
2022-06-17 00:00:00-04:00,129.88800338492925,133.65362362487772,128.7609837859603,131.34963989257812,5278550.0,0.0,0.0
2022-06-21 00:00:00-04:00,132.76160408019177,133.81025572592915,129.8442009950491,130.8226617184196,3207016.6666666665,0.0,0.0
2022-06-22 00:00:00-04:00,129.10843535713164,133.04767638579258,128.47327102130603,131.55919901581055,3183033.3333333335,0.0,0.0
2022-06-23 00:00:00-04:00,132.02209583349085,135.764423670529,131.44505882672794,135.51254272460938,3193983.3333333335,0.0,0.0
2022-06-24 00:00:00-04:00,136.6717076933776,140.75756809167424,135.81816582156102,140.57670911153156,4641766.666666667,0.0,0.0
2022-06-27 00:00:00-04:00,140.62159831939024,141.51032505183784,137.75675344486825,139.01727549235025,2371100.0,0.0,0.0
2022-06-28 00:00:00-04:00,139.7748262552652,140.9815320933188,132.84631424065427,133.07652537027994,2868683.3333333335,0.0,0.0
2022-06-29 00:00:00-04:00,132.98346756959532,134.8606073375652,131.33224766556518,133.44896062164062,2282316.6666666665,0.0,0.0
2022-06-30 00:00:00-04:00,131.05548372126185,133.2915833703509,128.21192898884965,131.3277931213379,3703366.6666666665,0.0,0.0
2022-07-01 00:00:00-04:00,132.0205340027067,135.8742479837496,131.30595467392666,135.07698504130045,2526666.6666666665,0.0,0.0
2022-07-05 00:00:00-04:00,133.43480665762266,140.72316813854496,132.42996898565283,140.61215464274088,3245616.6666666665,0.0,0.0
2022-07-06 00:00:00-04:00,140.95283624230007,142.88386591874354,138.0123356519597,139.73165321350098,2298933.3333333335,0.0,0.0
2022-07-07 00:00:00-04:00,139.50373957333312,143.3427163829006,138.83923572089722,142.1080207824707,2527400.0,0.0,0.0
2022-07-08 00:00:00-04:00,141.2811847342918,142.67346584067772,139.4428484859389,141.4977912902832,2096983.3333333333,0.0,0.0
2022-07-11 00:00:00-04:00,140.59867014693342,143.3135865483329,139.18042056796804,140.65446662902832,1959666.6666666667,0.0,0.0
2022-07-12 00:00:00-04:00,142.09367966647423,145.61560829098988,140.42802556401637,141.70047442118326,2375016.6666666665,0.0,0.0
2022-07-13 00:00:00-04:00,139.14330986154377,143.89769619065697,137.93248238664017,142.45639101664224,2128533.3333333335,0.0,0.0
2022-07-14 00:00:00-04:00,140.33426359185327,142.76956590004679,139.04673269928767,141.9256935119629,1988183.3333333333,0.0,0.0
2022-07-15 00:00:00-04:00,144.41050136105414,145.46359312637753,142.48813109875445,144.11734453837076,2081166.6666666667,0.0,0.0
2022-07-18 00:00:00-04:00,145.51144968418484,147.46132386807773,143.54124653233734,144.0961170203402,2235900.0,0.0,0.0
2022-07-19 00:00:00-04:00,145.56942296504852,147.85938459296534,143.78180403932387,147.44888178507486,2078266.6666666667,1.05,0.0
2022-07-20 00:00:00-04:00,147.64509767750144,149.7520438625971,146.3315226085554,148.99456469217935,2119283.3333333335,0.0,0.0
2022-07-21 00:00:00-04:00,149.17404867682896,151.92795557173983,147.5862091467424,151.42278734842935,2023833.3333333333,0.39,0.0
2022-07-22 00:00:00-04:00,152.24817710360506,154.48440260640473,149.98730497340293,151.14805094332357,2251550.0,0.0,0.0
2022-07-25 00:00:00-04:00,150.95244495334666,151.4102061728299,148.6183966562103,150.13822491963705,1683433.3333333333,0.0,0.0
2022-07-26 00:00:00-04:00,146.29710477587525,147.60164174817336,144.4931482619941,145.58925310701986,2684183.3333333335,0.0,0.0
2022-07-27 00:00:00-04:00,141.35733682267343,144.62200746369095,138.35803189776342,143.9756882985433,3526416.6666666665,0.0,0.0
2022-07-28 00:00:00-04:00,142.70368774042674,148.3829632212625,141.14724612363636,147.48945744832358,3401333.3333333335,0.0,0.0
2022-07-29 00:00:00-04:00,147.03960703627067,149.33750150098098,145.3311899191213,148.39723523457846,2702883.3333333335,0.0,0.0
2022-08-01 00:00:00-04:00,147.9493894805989,151.4854532732331,147.00021346490254,150.35986709594727,2494416.6666666665,0.0,0.0
2022-08-02 00:00:00-04:00,149.9055013478968,151.19072006332738,147.12598482168588,148.4495143890381,2394883.3333333335,0.0,0.0
2022-08-03 00:00:00-04:00,149.37074961091733,153.14454011955726,147.77425134684535,151.70171610514322,2881866.6666666665,0.0,0.0
2022-08-04 00:00:00-04:00,150.84272034673668,154.66558363754237,150.10399756731059,152.14919726053873,2987983.3333333335,0.0,0.0
2022-08-05 00:00:00-04:00,151.31344414687706,154.93190445046017,149.7890441076859,153.77899996439615,2471466.6666666665,0.0,0.0
2022-08-08 00:00:00-04:00,155.10781520820822,159.90387777149616,154.48532334170966,157.19074122111002,3049966.6666666665,0.0,0.0
2022-08-09 00:00:00-04:00,155.76004900611113,156.222836555467,149.33010335769606,150.30519485473633,2987633.3333333335,0.0,0.0
2022-08-10 00:00:00-04:00,153.96151710048954,157.45684735125042,153.0696649228307,156.1868756612142,2822033.3333333335,0.0,0.0
2022-08-11 00:00:00-04:00,157.77968845799046,159.6833837430134,154.82476874874519,155.9497439066569,2569833.3333333335,0.0,0.0
2022-08-12 00:00:00-04:00,156.89423934153152,160.35915250287252,155.4735809959033,160.22645696004233,1979016.6666666667,0.0,0.0
2022-08-15 00:00:00-04:00,159.57747676349308,162.76642822424688,158.70302630972392,161.7984848022461,2432600.0,0.0,0.0
2022-08-16 00:00:00-04:00,160.8227584339481,169.91195476606214,160.18216209419313,166.58022181193033,4804166.666666667,0.0,0.0
2022-08-17 00:00:00-04:00,164.6787072567808,167.07105084903773,162.13844969880589,164.16313298543295,3474200.0,0.0,0.0
2022-08-18 00:00:00-04:00,163.83174409172247,165.91302867595638,161.94813460061684,164.40780893961588,2037833.3333333333,0.6,0.0
2022-08-19 00:00:00-04:00,162.8229906184658,163.40411641203391,158.01036387663933,158.96707725524902,3372083.3333333335,0.0,0.0
2022-08-22 00:00:00-04:00,156.7020824309632,158.37921413183142,154.5929767165272,155.4066645304362,2753300.0,0.0,0.0
2022-08-23 00:00:00-04:00,155.3240409792734,156.72805801306515,153.33605498315623,154.17837206522623,2165650.0,0.0,0.0
2022-08-24 00:00:00-04:00,153.8145490196117,156.8425323025215,152.80845774235604,154.81623077392578,2183350.0,0.0,0.0
2022-08-25 00:00:00-04:00,155.846030105203,157.71007413155112,154.29342712007784,157.01304054260254,2325766.6666666665,0.0,0.0
2022-08-26 00:00:00-04:00,157.4806107993023,157.9791637487415,149.5433725895849,149.93599255930826,2544316.6666666665,0.0,0.0
2022-08-29 00:00:00-04:00,148.91080920027488,151.3631032065203,147.72438571004326,149.33025233001953,1958783.3333333333,0.0,0.0
2022-08-30 00:00:00-04:00,150.90290399392828,152.02235740779693,147.23524789986226,148.10722287495932,2084216.6666666667,0.0,0.0
2022-08-31 00:00:00-04:00,148.88067787460957,149.1247636824029,145.47050905974234,145.95095443725586,3073266.6666666665,1.9,0.0
2022-09-01 00:00:00-04:00,145.24023647331344,147.21745465249845,143.56216938145133,146.63570340474448,2605400.0,0.0,0.0
2022-09-02 00:00:00-04:00,148.21489580485277,149.0620501406706,144.75048203056278,145.69789759318033,2041383.3333333333,0.0,0.0
2022-09-06 00:00:00-04:00,146.2874728497052,146.64726303544637,142.06215773269602,143.26040140736654,2551850.0,0.0,0.0
2022-09-07 00:00:00-04:00,143.73656173332208,149.32242113373383,143.3256634524757,149.06635602366373,2315450.0,0.0,0.0
2022-09-08 00:00:00-04:00,147.46733449079161,150.45245711264698,146.3063125635126,150.21462567647296,2948833.3333333335,0.0,0.0
2022-09-09 00:00:00-04:00,150.0785102856867,152.3913969388521,149.35027633550547,151.36185836791992,2984733.3333333335,0.0,0.0
2022-09-12 00:00:00-04:00,152.0356149876111,154.72422866413237,151.00264689288255,152.8854274749756,3185000.0,0.0,0.0
2022-09-13 00:00:00-04:00,148.3717788677767,149.170037675786,142.44665604119493,143.0304775238037,3374350.0,0.0,0.0
2022-09-14 00:00:00-04:00,143.61849388843947,143.98240560771754,139.7579924824518,141.84567896525064,2520150.0,0.0,0.0
2022-09-15 00:00:00-04:00,142.04682666368768,143.98610523337933,139.07251904366555,139.8165365854899,2794366.6666666665,0.0,0.0
2022-09-16 00:00:00-04:00,137.78996080792308,140.59448380981775,136.88590871331192,139.34956550598145,5861383.333333333,0.0,0.0
2022-09-19 00:00:00-04:00,138.44119748745103,141.81447804353965,138.20266286262685,141.14723014831543,2280683.3333333335,0.0,0.0
2022-09-20 00:00:00-04:00,139.14431276993363,140.12061342382125,135.82909310194225,137.0898660017139,2563866.6666666665,0.0,0.0
2022-09-21 00:00:00-04:00,138.09175726638418,140.27747907171792,135.0078311613179,135.17589950561523,2705366.6666666665,0.0,0.0
2022-09-22 00:00:00-04:00,134.44448477996067,135.07461531263064,131.63362539575488,132.4211222330729,2892183.3333333335,0.0,0.0
2022-09-23 00:00:00-04:00,131.16320483662625,133.8035612120652,130.21324997957046,132.7876968383789,2830616.6666666665,0.0,0.0
2022-09-26 00:00:00-04:00,132.8295212602346,134.44746800544524,129.8768022354495,130.60280481974283,2593000.0,0.0,0.0
2022-09-27 00:00:00-04:00,132.49357522015845,134.37801466897307,130.19708609957,131.68222999572754,2678800.0,0.0,0.0
2022-09-28 00:00:00-04:00,134.14873932198967,137.74860982132756,132.76757526946722,137.06378173828125,3403416.6666666665,0.0,0.0
2022-09-29 00:00:00-04:00,134.98556681396613,135.28883297644063,131.54119904068168,133.12900734016438,3015800.0,0.0,0.0
2022-09-30 00:00:00-04:00,132.70559628284732,134.37827737121583,130.15320681013307,131.00839869181314,3632800.0,0.0,0.0
2022-10-03 00:00:00-04:00,133.03002574060204,136.96498572581166,132.30757941343185,135.7125562032064,2951966.6666666665,0.0,0.0
2022-10-04 00:00:00-04:00,138.18926595267476,140.60455100832382,137.59020596977226,139.34185854593912,3014566.6666666665,0.0,0.0
2022-10-05 00:00:00-04:00,137.2480370591805,140.16920922930538,136.43329756435136,138.78885968526205,2181633.3333333335,0.0,0.0
2022-10-06 00:00:00-04:00,138.63433691236358,140.89723657121544,137.59517268203865,138.50181452433267,2053633.3333333333,0.0,0.0
2022-10-07 00:00:00-04:00,136.53814191894813,137.0914798369628,132.5897495143204,133.57746092478433,2737300.0,0.0,0.0
2022-10-10 00:00:00-04:00,133.26810097383864,134.42337607713134,130.84431924592067,133.07340685595216,2464283.3333333335,0.0,0.0
2022-10-11 00:00:00-04:00,132.66070200524865,135.52418685756956,131.52321474518212,133.50647417704263,3099250.0,0.0,0.0
2022-10-12 00:00:00-04:00,134.3507130929934,134.84052612071366,131.39771721157462,132.57718563079834,2158133.3333333335,0.0,0.0
2022-10-13 00:00:00-04:00,129.4608555487196,134.31967059397297,126.52823257568252,133.08544762929282,3216400.0,0.0,0.0
2022-10-14 00:00:00-04:00,134.53388501533485,135.8411025509594,129.29314460249856,129.53031826019287,2762666.6666666665,0.0,0.0
2022-10-17 00:00:00-04:00,131.80459147705236,134.91543569739576,131.73813094906828,133.80248069763184,2952700.0,0.0,0.0
2022-10-18 00:00:00-04:00,137.2621449320889,139.3283726063501,134.24505123987777,135.37733586629233,2943933.3333333335,1.05,0.0
2022-10-19 00:00:00-04:00,132.98644342816604,133.69431036454975,128.44152296691655,129.98473834991455,3267366.6666666665,0.0,0.0
2022-10-20 00:00:00-04:00,129.6830616877251,131.7260085345664,125.96270998629954,126.8462683359782,2623266.6666666665,0.39,0.0
2022-10-21 00:00:00-04:00,126.24214663591857,130.60289818467842,125.45989153072621,130.39718310038248,2579150.0,0.0,0.0
2022-10-24 00:00:00-04:00,130.6363972697768,134.14366056864012,129.48429202244336,133.26710828145346,2922550.0,0.0,0.0
2022-10-25 00:00:00-04:00,136.18160754230504,140.27876717652134,135.07207397983242,138.2180264790853,3057466.6666666665,0.0,0.0
2022-10-26 00:00:00-04:00,137.98013226843526,140.61677904132472,135.86690302981427,138.25503349253094,2457600.0,0.0,0.0
2022-10-27 00:00:00-04:00,139.19448886762189,140.42491131216457,137.41650798579397,138.29131825764975,2255366.6666666665,0.0,0.0
2022-10-28 00:00:00-04:00,137.58771319006613,142.37838461474493,136.98471499002406,141.64438311207846,2429550.0,0.0,0.0
2022-10-31 00:00:00-04:00,140.32625020535374,142.42576813241502,139.2683047993219,140.60873794555664,2877383.3333333335,0.0,0.0
2022-11-01 00:00:00-04:00,142.96510353243605,143.8173201161625,138.63389952957405,140.04971249898276,2660833.3333333335,0.0,0.0
2022-11-02 00:00:00-04:00,139.74329491460603,141.03211297572724,134.0109591896591,134.18569819132486,3281450.0,0.0,0.0
2022-11-03 00:00:00-04:00,131.6339607876847,135.4090124177888,130.47095709463795,133.17256546089195,3946616.6666666665,0.0,0.0
2022-11-04 00:00:00-04:00,135.60534081291803,137.27527027342168,129.9861209122615,133.44918505350748,3562650.0,0.0,0.0
2022-11-07 00:00:00-05:00,134.48562974255015,137.24043797873014,132.20679824195125,136.45697085062662,2275133.3333333335,0.0,0.0
2022-11-08 00:00:00-05:00,137.55333213448074,138.91541509936897,134.89940187531678,137.1193323135376,2293883.3333333335,0.0,0.0
2022-11-09 00:00:00-05:00,136.11521447838552,137.76733757277384,134.1037064439825,134.47995567321777,2336283.3333333335,0.0,0.0
2022-11-10 00:00:00-05:00,141.30270344978598,150.5889800766577,140.81473187486122,147.91028277079263,5602383.333333333,0.0,0.0
2022-11-11 00:00:00-05:00,147.62303747697976,152.88097359635617,146.8789469674685,150.64189910939777,3814400.0,0.0,0.0
2022-11-14 00:00:00-05:00,150.10089852844,151.66091625450932,146.7203483536554,147.1354777018229,3924516.6666666665,0.0,0.0
2022-11-15 00:00:00-05:00,148.62159560664048,152.78922785798798,146.99346355368706,150.35614840189615,4170016.6666666665,0.0,0.0
2022-11-16 00:00:00-05:00,148.6088267871849,152.56771867318687,147.13570714793394,150.1017939244564,3855516.6666666665,0.0,0.0
2022-11-17 00:00:00-05:00,148.2057175801139,149.2669483620301,144.1508784840293,147.20007769266763,3359166.6666666665,0.6,0.0
2022-11-18 00:00:00-05:00,147.96114942081013,149.84413208518876,144.87116571093378,147.12100982734702,4001133.3333333335,0.0,0.0
2022-11-21 00:00:00-05:00,147.48046524264507,148.82235293998892,145.7892556480409,147.39251073201498,3031616.6666666665,0.0,0.0
2022-11-22 00:00:00-05:00,148.4509397746364,151.53814510854895,147.1989037971277,150.6544647216797,3168066.6666666665,0.0,0.0
2022-11-23 00:00:00-05:00,151.18290954122136,152.63611245503344,148.43276138143713,150.42492802937826,2214550.0,0.0,0.0
2022-11-25 00:00:00-05:00,150.22167713685823,151.94217576538438,149.32855259059764,150.85150210062662,1205733.3333333333,0.0,0.0
2022-11-28 00:00:00-05:00,149.69700743960442,151.35833760619997,147.3392450251773,147.80386606852213,2542450.0,0.0,0.0
2022-11-29 00:00:00-05:00,147.02975219194045,148.3931588592539,145.3165391808876,146.3488728205363,2483366.6666666665,0.0,0.0
2022-11-30 00:00:00-05:00,145.79050034658712,151.62637182763845,144.11997830284398,151.39948590596518,6496950.0,1.9,0.0
2022-12-01 00:00:00-05:00,153.04408847463105,155.24541730697993,151.3386231410124,154.079958597819,3250950.0,0.0,0.0
2022-12-02 00:00:00-05:00,151.47648422519896,155.8404958383915,150.47281339408724,155.05509503682455,3033750.0,0.0,0.0
2022-12-05 00:00:00-05:00,152.88644295443643,153.8346480144513,149.947191156319,150.50709533691406,3121566.6666666665,0.0,0.0
2022-12-06 00:00:00-05:00,150.7093363833656,151.4983176244406,146.50232157741172,148.64479319254556,2432016.6666666665,0.0,0.0
2022-12-07 00:00:00-05:00,148.4341253803467,151.78858942077827,147.15643457272543,149.66788864204426,2606516.6666666665,0.0,0.0
2022-12-08 00:00:00-05:00,149.13790883009418,151.59229583117454,148.14984229461393,150.83777236938477,2428250.0,0.0,0.0
2022-12-09 00:00:00-05:00,149.53491554654667,152.02577072793883,148.60627678360024,150.02032852172852,2462533.3333333335,0.0,0.0
2022-12-12 00:00:00-05:00,150.9095481463994,152.4828570043682,148.47105979380623,151.90427589416504,2661250.0,0.0,0.0
2022-12-13 00:00:00-05:00,159.63908191876388,161.2630790385203,153.3901266683745,155.36133003234863,3463950.0,0.0,0.0
2022-12-14 00:00:00-05:00,154.13533894746328,158.3474655880817,152.48158286416813,154.27306302439615,3396850.0,0.0,0.0
2022-12-15 00:00:00-05:00,151.85311631949705,152.62808951236772,148.79960178463202,151.11109479268393,3163483.3333333335,0.0,0.0
2022-12-16 00:00:00-05:00,149.57231089412602,150.9609602766277,146.8492746508326,148.60363960266113,5240933.333333333,0.0,0.0
2022-12-19 00:00:00-05:00,147.76026743234942,148.98700497221867,145.0039238198522,145.98348999023438,2478583.3333333335,0.0,0.0
2022-12-20 00:00:00-05:00,144.42960187683073,146.5798335674102,143.1647378219631,145.36687405904135,2253300.0,0.0,0.0
2022-12-21 00:00:00-05:00,146.82447850468273,148.25484211436395,145.40346857660793,147.77388191223145,2007616.6666666667,0.0,0.0
2022-12-22 00:00:00-05:00,145.63108065762037,146.51199234510864,142.92167763063694,145.91120592753092,2293150.0,0.0,0.0
2022-12-23 00:00:00-05:00,145.31194768683844,147.6420423036805,144.0990501876903,147.0832544962565,1464966.6666666667,0.0,0.0
2022-12-27 00:00:00-05:00,146.67276779429307,147.86708016603555,145.31933066055026,145.8917096455892,1767116.6666666667,0.0,0.0
2022-12-28 00:00:00-05:00,146.09783425376867,147.0356807884286,143.81914178156637,144.18863487243652,1690066.6666666667,0.0,0.0
2022-12-29 00:00:00-05:00,145.47440670939832,147.60761620714686,145.00268501910975,146.7452850341797,1714300.0,0.0,0.0
2022-12-30 00:00:00-05:00,145.1193453373801,145.93584658754958,143.07665937267078,144.52705510457358,1985433.3333333333,0.0,0.0
2023-01-03 00:00:00-05:00,146.22725033091908,147.11125953673243,142.89323532372367,145.199427286097,2496916.6666666665,0.0,0.0
2023-01-04 00:00:00-05:00,147.44610992015814,149.24327563914045,145.3612446481606,148.30522219340006,2638866.6666666665,0.0,0.0
2023-01-05 00:00:00-05:00,146.33122180482272,147.52619695486172,142.82383416569309,144.62197049458823,1992600.0,0.0,0.0
2023-01-06 00:00:00-05:00,145.47363496551057,148.2597597089387,142.4835231310437,147.5955568942513,2675050.0,0.0,0.0
2023-01-09 00:00:00-05:00,148.64458227020395,150.9021498480043,146.89304567725182,147.6005999247233,2616383.3333333335,0.0,0.0
2023-01-10 00:00:00-05:00,147.2046359725804,149.35337651833012,146.0944709422528,148.94036738077799,2077200.0,0.0,0.0
2023-01-11 00:00:00-05:00,150.26194672439595,154.3113380753804,149.83923390819243,154.21170234680176,2359283.3333333335,0.0,0.0
2023-01-12 00:00:00-05:00,155.39038957201322,156.33800886435225,151.77324883122853,154.89130147298178,2570333.3333333335,0.0,0.0
2023-01-13 00:00:00-05:00,153.06313873146865,157.0065473327354,152.87541300386522,155.6220417022705,2697050.0,0.0,0.0
2023-01-17 00:00:00-05:00,155.62930594048163,157.3433620382527,153.57138205078115,154.65143839518228,2531300.0,0.0,0.0
2023-01-18 00:00:00-05:00,156.0241049127703,158.11112876371462,152.71960547797184,153.0099900563558,2407700.0,0.0,0.0
2023-01-19 00:00:00-05:00,151.3330523989107,152.0956328655281,146.452441465945,146.8563575744629,3085450.0,0.39,0.0
2023-01-20 00:00:00-05:00,147.36755061752794,152.58344215127275,145.87633672564462,151.9256223042806,5698650.0,0.0,0.0
2023-01-23 00:00:00-05:00,152.62348194443618,156.02485892570232,151.38812064046604,154.90780131022134,6460983.333333333,0.0,0.0
2023-01-24 00:00:00-05:00,154.1408974721223,156.57572198311362,152.44138704756685,155.10299364725748,3682583.3333333335,1.05,0.0
2023-01-25 00:00:00-05:00,153.02098379925653,156.10595800675827,151.2526739786995,155.39980761210123,2915800.0,0.0,0.0
2023-01-26 00:00:00-05:00,151.00675997244278,154.55301643631358,148.38897673175697,150.12355422973633,4006366.6666666665,0.0,0.0
2023-01-27 00:00:00-05:00,149.5295467573581,154.21892182700518,149.09552447115166,152.8929983774821,3772133.3333333335,0.0,0.0
2023-01-30 00:00:00-05:00,152.30877651756276,154.41840438396937,150.88750357390757,151.93256060231283,3430150.0,0.0,0.0
2023-01-31 00:00:00-05:00,152.8156888743561,157.23749460811746,152.32208261275392,157.02851804046387,2774716.6666666665,0.0,0.0
2023-02-01 00:00:00-05:00,156.5211220030116,162.71583338862808,154.6536015016813,161.66891860961914,3246816.6666666665,0.0,0.0
2023-02-02 00:00:00-05:00,163.91931662505888,169.03483423202388,163.2736590612861,167.25709279378256,4568650.0,0.0,0.0
2023-02-03 00:00:00-05:00,163.2216717741414,165.51676890367818,161.92082677676405,163.25387318929037,2948433.3333333335,0.0,0.0
2023-02-06 00:00:00-05:00,161.6130727831895,163.76115484191467,160.4915169809819,162.27128092447916,2325533.3333333335,0.0,0.0
2023-02-07 00:00:00-05:00,160.30270588076573,161.92302501432482,157.31302162419752,160.5963649749756,2585016.6666666665,0.0,0.0
2023-02-08 00:00:00-05:00,158.71228769074665,160.18831974335674,156.78520037221807,158.26180013020834,2103166.6666666665,0.0,0.0
2023-02-09 00:00:00-05:00,159.669675211709,160.62742613173006,154.81313868270058,155.21534538269043,2366100.0,0.0,0.0
2023-02-10 00:00:00-05:00,153.7281186159638,154.95372676265302,151.87681045939243,153.24651082356772,2769783.3333333335,0.0,0.0
2023-02-13 00:00:00-05:00,153.65613723829475,157.60555102529082,152.3776914391758,156.8430461883545,2428700.0,0.0,0.0
2023-02-14 00:00:00-05:00,155.33558055331437,157.56186995753697,153.23896150972053,155.7007179260254,2557733.3333333335,0.0,0.0
2023-02-15 00:00:00-05:00,154.8162293055701,158.11373129241838,153.97748124563373,157.44721221923828,2337466.6666666665,0.0,0.0
2023-02-16 00:00:00-05:00,153.486324079282,157.72534612844325,152.861421100861,155.32332293192545,2402900.0,0.0,0.0
2023-02-17 00:00:00-05:00,154.31968952852185,155.37007782555384,151.5134865088705,154.20524787902832,2881550.0,0.0,0.0
2023-02-21 00:00:00-05:00,149.90248621033436,151.04076365136197,145.61151073215956,146.36552556355795,4302533.333333333,0.0,0.0
2023-02-22 00:00:00-05:00,147.13278816100964,148.74847967702078,145.79758744536056,147.02216021219888,3135766.6666666665,0.0,0.0
2023-02-23 00:00:00-05:00,146.4440917456859,147.8580079889539,142.68673931415353,145.6746037801107,6506233.333333333,0.0,0.0
2023-02-24 00:00:00-05:00,144.083905422473,146.1232198390264,142.0751541191497,144.6908925374349,3596083.3333333335,0.605,0.0
2023-02-27 00:00:00-05:00,146.47712529085828,147.44679111004135,144.48973684839467,145.52143351236978,2839366.6666666665,0.0,0.0
2023-02-28 00:00:00-05:00,145.2100075057049,147.6387136782684,144.4013275185762,146.041872660319,3342966.6666666665,0.0,0.0
2023-03-01 00:00:00-05:00,144.69748916923416,145.54294139422908,140.90438018317928,142.11410840352377,3914733.3333333335,0.0,0.0
2023-03-02 00:00:00-05:00,140.60556563225882,143.98587389690925,139.95419219997123,143.28919156392416,2669016.6666666665,0.0,0.0
2023-03-03 00:00:00-05:00,144.27203282761198,146.79155435005825,143.43187635550828,146.28569539388022,2514450.0,0.0,0.0
2023-03-06 00:00:00-05:00,146.48743651045243,147.9918174007494,144.64756623196138,145.26488876342773,2571283.3333333335,0.0,0.0
2023-03-07 00:00:00-05:00,145.51318850775888,146.5011943246676,142.1867487564352,142.76052029927573,2789633.3333333335,0.0,0.0
2023-03-08 00:00:00-05:00,142.97201939233565,144.6330374227321,141.84238621677386,143.74247678120932,2618866.6666666665,2.09,0.0
2023-03-09 00:00:00-05:00,144.31663564281695,145.605165170573,141.219292855543,141.50379626007324,2368033.3333333335,0.0,0.0
2023-03-10 00:00:00-05:00,141.86561424766896,143.58688071791815,138.35876909172006,139.6518236796061,3880166.6666666665,0.0,0.0
2023-03-13 00:00:00-04:00,138.16941860050235,142.8867604927898,137.45370411365772,139.9208176923877,3417450.0,0.0,0.0
2023-03-14 00:00:00-04:00,141.70801110506403,142.58005240742781,138.02419035052006,140.03416061452475,3718233.3333333335,0.0,0.0
2023-03-15 00:00:00-04:00,138.81329320834126,141.8135788733516,137.9229259701531,140.75979359944662,3498566.6666666665,0.0,0.0
2023-03-16 00:00:00-04:00,140.40103874727424,142.74042363649008,139.25940256760592,141.80215644836426,3744366.6666666665,0.0,0.0
2023-03-17 00:00:00-04:00,141.88767333215333,143.11838651752984,139.62917459344013,140.9856150939917,5421083.333333333,0.0,0.0
2023-03-20 00:00:00-04:00,140.83158372698193,142.75875241921088,140.1766789762336,141.66094144185385,2436700.0,0.0,0.0
2023-03-21 00:00:00-04:00,142.93110295367242,144.52536909433832,141.22894321729115,142.78576596577963,2979050.0,0.0,0.0
2023-03-22 00:00:00-04:00,142.69895189305907,143.4401343880022,138.52329593057328,138.646946589152,3007350.0,0.0,0.0
2023-03-23 00:00:00-04:00,139.6474639363001,140.5966151271069,136.3365004097669,138.38162740071616,3379916.6666666665,0.0,0.0
2023-03-24 00:00:00-04:00,137.66993112221232,139.52250938073553,136.32124808933546,138.67428843180338,2413933.3333333335,0.0,0.0
2023-03-27 00:00:00-04:00,139.45902139193973,140.29434487388662,137.3808329220868,138.82862281799316,2543250.0,0.0,0.0
2023-03-28 00:00:00-04:00,138.75687361045678,140.08731652690682,137.66542602681096,138.44077364603677,2250816.6666666665,0.0,0.0
2023-03-29 00:00:00-04:00,139.29699614572743,140.37356607214213,138.17037609781374,139.8929125467936,2544316.6666666665,0.0,0.0
2023-03-30 00:00:00-04:00,141.04008908699237,141.64378112629672,139.51081775890228,140.48769887288412,3188716.6666666665,0.0,0.0
2023-03-31 00:00:00-04:00,141.27613204836362,145.9114549331237,140.8479156761237,145.5865535736084,3076300.0,0.0,0.0
2023-04-03 00:00:00-04:00,145.96202636215745,147.68706638295257,145.20137641510786,147.23189481099448,2965116.6666666665,0.0,0.0
2023-04-04 00:00:00-04:00,147.3144447848604,148.2076172327411,144.89829972488414,145.8245016740674,2332100.0,0.0,0.0
2023-04-05 00:00:00-04:00,145.2799164111348,146.04690586904647,142.2407955232859,143.08138147989908,2386633.3333333335,0.0,0.0
2023-04-06 00:00:00-04:00,142.00398156220493,143.45742039162815,140.4723829096282,142.7694880167643,2303750.0,0.0,0.0
2023-04-10 00:00:00-04:00,141.75178891658496,145.38161033859254,141.34114954262182,144.7119083404541,2416466.6666666665,0.0,0.0
2023-04-11 00:00:00-04:00,145.49610431665425,146.7988438450566,144.7336364987592,145.9753189086914,2149800.0,0.0,0.0
2023-04-12 00:00:00-04:00,147.40215160537537,148.3199961125288,144.04928050694417,144.35267066955566,2404800.0,0.0,0.0
2023-04-13 00:00:00-04:00,144.75934705162095,146.18237051573732,143.0181447589551,145.65236282348633,2234933.3333333335,0.0,0.0
2023-04-14 00:00:00-04:00,145.60510275443195,147.43192541225775,144.79346811105185,145.48107401529947,1808733.3333333333,0.0,0.0
2023-04-17 00:00:00-04:00,145.62871895629624,147.62607288555247,145.15007203980448,147.3253059387207,1982683.3333333333,0.0,0.0
2023-04-18 00:00:00-04:00,148.2803094945765,149.82236826415854,147.39891709725154,148.93663787841797,2406916.6666666665,0.0,0.0
2023-04-19 00:00:00-04:00,148.00805886973373,149.75718048093373,147.14784006848905,149.3000659942627,2022150.0,0.0,0.0
2023-04-20 00:00:00-04:00,148.55822342124262,151.1783374419318,148.13684861163182,149.73413530985513,2156116.6666666665,0.45,0.0
2023-04-21 00:00:00-04:00,150.54836573007233,151.25517408138523,149.03474139065528,150.02450815836588,2072566.6666666667,0.0,0.0
2023-04-24 00:00:00-04:00,150.13915150379043,151.5122541874556,149.2066113059157,150.7875734971875,2148383.3333333335,0.0,0.0
2023-04-25 00:00:00-04:00,151.05054319166086,151.6859229903902,147.84839698444006,148.29733339945474,2508083.3333333335,1.05,0.0
2023-04-26 00:00:00-04:00,148.48912829735386,148.92472704780684,144.10679372300876,144.5628967278288,2603950.0,0.0,0.0
2023-04-27 00:00:00-04:00,144.91925234408077,147.99063559860335,144.3402529215716,147.73924636909507,2454016.6666666665,0.0,0.0
2023-04-28 00:00:00-04:00,147.87803026321814,150.81939261557707,147.1140077240119,150.19550069173178,2652116.6666666665,0.0,0.0
2023-05-01 00:00:00-04:00,149.74485127463782,150.31665822553254,147.82832994915478,148.3339983622233,2824500.0,0.0,0.0
2023-05-02 00:00:00-04:00,148.01362744293476,148.84850585327484,144.98075602095778,147.21434911092123,3050766.6666666665,0.0,0.0
2023-05-03 00:00:00-04:00,147.51871500293797,149.73990004221048,145.99204713161862,146.32357470194498,2477000.0,0.0,0.0
2023-05-04 00:00:00-04:00,146.55680428205778,148.45408014522675,143.83967689645908,144.86338488260904,4278083.333333333,0.0,0.0
2023-05-05 00:00:00-04:00,144.76639223926585,147.69523325347782,143.78941573411197,146.61598014831543,3953800.0,0.0,0.0
2023-05-08 00:00:00-04:00,146.46654969150708,147.35207915913603,144.55505532013984,145.84577624003092,2155766.6666666665,0.0,0.0
2023-05-09 00:00:00-04:00,144.78588903933476,146.87972557083285,144.0272164425114,145.76863161773926,3462433.3333333335,0.0,0.0
2023-05-10 00:00:00-04:00,146.70165484229258,147.68308838676583,143.20812462108395,145.05532709826173,3925900.0,0.0,0.0
2023-05-11 00:00:00-04:00,145.17004127709353,145.65633258076647,143.52524130110783,144.90468533833823,2851616.6666666665,0.0,0.0
2023-05-12 00:00:00-04:00,145.15834190413753,146.1273113101811,143.16773178123526,144.55762990315756,2684133.3333333335,0.0,0.0
2023-05-15 00:00:00-04:00,144.37337033844338,145.58163178223037,142.74158448669914,144.3285732269287,2810000.0,0.0,0.0
2023-05-16 00:00:00-04:00,141.49748575105073,142.95445333550995,138.95739257799863,141.18049558003744,4580150.0,0.0,0.0
2023-05-17 00:00:00-04:00,141.22412286000073,146.45965525488452,140.5696246900016,145.7825247446696,3623416.6666666665,0.0,0.0
2023-05-18 00:00:00-04:00,145.92175428488707,148.21279057938253,144.87628499652865,147.92799949645996,2617200.0,0.605,0.0
2023-05-19 00:00:00-04:00,147.9271600448548,148.09523268160657,144.4891692171534,145.53799756368002,3153466.6666666665,0.0,0.0
2023-05-22 00:00:00-04:00,145.5063248290406,146.86372453483338,143.606836053048,144.6578369140625,3107583.3333333335,0.0,0.0
2023-05-23 00:00:00-04:00,144.43055216087194,148.1494566661924,143.23336865244298,145.4245891571045,4611616.666666667,0.0,0.0
2023-05-24 00:00:00-04:00,146.27035473438738,147.22667887973998,143.04513278287533,144.69682248433432,2625633.3333333335,0.0,0.0
2023-05-25 00:00:00-04:00,144.94356770194008,145.53557944751483,141.84359634926207,142.68666585286456,2739950.0,0.0,0.0
2023-05-26 00:00:00-04:00,142.890481459561,146.4057964829603,142.40772553138905,145.93830871582028,2556050.0,0.0,0.0
2023-05-30 00:00:00-04:00,146.6765549974459,147.8298104787511,144.5577042479321,146.70289993286133,3197016.6666666665,0.0,0.0
2023-05-31 00:00:00-04:00,146.21385537533078,146.62587193283113,142.38674270571525,144.28562863667807,5357166.666666667,2.09,0.0
2023-06-01 00:00:00-04:00,144.22902002634933,147.9237687261623,142.37888197929732,147.33561579386392,3038150.0,0.0,0.0
2023-06-02 00:00:00-04:00,148.77889827860528,151.9888384513386,148.06123857897595,151.1014664967855,2780616.6666666665,0.0,0.0
2023-06-05 00:00:00-04:00,150.57233378297002,151.63173176425562,148.59861445026874,149.92136573791504,2652466.6666666665,0.0,0.0
2023-06-06 00:00:00-04:00,149.47586269630554,152.86768637443737,148.95455476734463,151.8688443506901,3087866.6666666665,0.0,0.0
2023-06-07 00:00:00-04:00,152.9296311495922,156.1970372854893,152.06138772796984,154.70053354899088,4606516.666666667,0.0,0.0
2023-06-08 00:00:00-04:00,155.17395687547977,157.64073254217885,153.96022293444244,155.02988306681314,3228366.6666666665,0.0,0.0
2023-06-09 00:00:00-04:00,155.3486381538256,155.74341065808167,152.80431790862067,153.54518699645996,2694466.6666666665,0.0,0.0
2023-06-12 00:00:00-04:00,153.82521305886186,156.1911321644732,152.62640274394647,155.41436322530112,3109683.3333333335,0.0,0.0
2023-06-13 00:00:00-04:00,156.22775211113296,157.96648609148968,155.01428449221646,156.83070627848306,3409516.6666666665,0.0,0.0
2023-06-14 00:00:00-04:00,157.3783753310743,158.61314433279105,154.35568492160053,155.78393999735513,2999500.0,0.0,0.0
2023-06-15 00:00:00-04:00,156.23890152795653,158.6331785364257,155.25759626288087,157.76610565185547,2473016.6666666665,0.0,0.0
2023-06-16 00:00:00-04:00,158.55866398175263,159.2654054716723,156.3215859367792,156.94012514750162,4785300.0,0.0,0.0
2023-06-20 00:00:00-04:00,156.033634475219,157.88770042472444,154.88432040415495,156.85522524464682,2649916.6666666665,0.0,0.0
2023-06-21 00:00:00-04:00,157.09111835316776,157.79216921914596,155.22361690765356,156.15366236368814,2258600.0,0.0,0.0
2023-06-22 00:00:00-04:00,156.4071779831224,157.3690577659537,154.6480587062355,156.29185167948404,2064400.0,0.0,0.0
2023-06-23 00:00:00-04:00,155.6411716660538,158.1411271152709,154.62547399886984,156.84722646077475,4337750.0,0.0,0.0
2023-06-26 00:00:00-04:00,157.65109160247715,160.60297930849734,156.79769375882918,159.64629364013672,2653450.0,0.0,0.0
2023-06-27 00:00:00-04:00,160.1320983238235,165.15011261635905,159.79274218294748,164.08437538146973,3350983.3333333335,0.0,0.0
2023-06-28 00:00:00-04:00,163.62418376766348,165.41620940371863,161.75544421178606,162.4485651652018,2735433.3333333335,0.0,0.0
2023-06-29 00:00:00-04:00,162.5619213937114,164.5926084657395,161.15992193010402,163.2245248158773,2645200.0,0.0,0.0
2023-06-30 00:00:00-04:00,164.55255547255146,166.54470774348928,163.62947759448522,165.72897593180338,2778683.3333333335,0.0,0.0
2023-07-03 00:00:00-04:00,165.08109865155464,166.7137083916123,164.46739108477925,165.9408836364746,1355166.6666666667,0.0,0.0
2023-07-05 00:00:00-04:00,165.60517237310583,166.53459819865654,163.54942903543204,164.53579394022623,2855133.3333333335,0.0,0.0
2023-07-06 00:00:00-04:00,162.27053176556197,163.10289816414726,159.25355346795894,160.4634577433268,3585833.3333333335,0.0,0.0
2023-07-07 00:00:00-04:00,160.36270375032822,162.6391210462195,159.66276739884623,160.85483996073404,2534633.3333333335,0.0,0.0
2023-07-10 00:00:00-04:00,160.9823293989795,165.6596202435395,160.83506948963117,165.10059229532877,2498966.6666666665,0.0,0.0
2023-07-11 00:00:00-04:00,166.10859382368173,168.59898071336576,165.24658690493803,167.78674697875977,2639700.0,0.0,0.0
2023-07-12 00:00:00-04:00,169.7072833171018,172.09752856589253,168.46542435161504,170.05862045288086,2795016.6666666665,0.0,0.0
2023-07-13 00:00:00-04:00,170.3882546706578,171.6926258536416,168.39748407310606,170.19692293802896,2372800.0,0.0,0.0
2023-07-14 00:00:00-04:00,170.25942376933173,171.39187495490737,168.2998650973378,169.45777956644693,2386950.0,0.0,0.0
2023-07-17 00:00:00-04:00,169.16429978731637,170.48158330159802,168.11997193072798,169.33177947998047,1822866.6666666667,0.0,0.0
2023-07-18 00:00:00-04:00,169.3327109450246,172.1037673964379,168.16555454737556,170.5463695526123,2061816.6666666667,0.0,0.0
2023-07-19 00:00:00-04:00,171.0428147390087,172.96107496282673,170.2981507283095,171.78360875447592,2002766.6666666667,0.0,0.0
2023-07-20 00:00:00-04:00,171.70444603900015,172.5007435165143,169.7115302927971,171.0252914428711,1976050.0,0.45,0.0
2023-07-21 00:00:00-04:00,171.30978723298418,173.01211193926255,169.7460106342081,171.63606643676758,2560800.0,0.0,0.0
2023-07-24 00:00:00-04:00,171.86776530765124,173.52203684448625,170.61756053464086,171.94096247355142,2046783.3333333333,0.0,0.0
2023-07-25 00:00:00-04:00,173.06838984685103,175.88054545521095,172.21699447560084,173.74795786539713,2499216.6666666665,1.1,0.0
2023-07-26 00:00:00-04:00,174.18298186372758,176.44458518003805,173.2245446013998,175.5531438191732,2139483.3333333335,0.0,0.0
2023-07-27 00:00:00-04:00,177.1373784285016,178.57352175904802,174.32874116528237,174.9939104715983,2161683.3333333335,0.0,0.0
2023-07-28 00:00:00-04:00,177.11047800634572,178.63471458838254,175.85466686348687,177.33873240152994,1929116.6666666667,0.0,0.0
2023-07-31 00:00:00-04:00,178.1585906606646,179.38301372831293,175.63536337839346,177.7901611328125,2854666.6666666665,0.0,0.0
2023-08-01 00:00:00-04:00,176.62211060206212,178.78141163133077,175.54348243352737,177.37218729654947,2428033.3333333335,0.0,0.0
2023-08-02 00:00:00-04:00,175.38224404424386,176.8055691009231,173.92955593348134,174.96731440226236,2196266.6666666665,0.0,0.0
2023-08-03 00:00:00-04:00,176.03130998865845,178.903595301104,174.04422615377416,176.19462076822916,5805583.333333333,0.0,0.0
2023-08-04 00:00:00-04:00,174.94257099370517,176.09239556326975,172.21884923619106,173.25306955973306,3071266.6666666665,0.0,0.0
2023-08-07 00:00:00-04:00,174.31647842486962,175.62604370541806,172.74023485695594,174.1124636332194,1963600.0,0.0,0.0
2023-08-08 00:00:00-04:00,172.21789343522323,173.77162162888158,170.59241036949066,173.28631337483725,2046533.3333333333,0.0,0.0
2023-08-09 00:00:00-04:00,173.02352302249042,174.2678235218244,170.90674937077983,171.5440419514974,2110033.3333333335,0.0,0.0
2023-08-10 00:00:00-04:00,172.9180283375862,174.74119561827646,170.96518266895296,171.73110326131186,2163600.0,0.0,0.0
2023-08-11 00:00:00-04:00,171.80330377950213,173.59599962076194,170.62032234311295,172.62739690144858,2277833.3333333335,0.0,0.0
2023-08-14 00:00:00-04:00,172.67863448777015,174.7446085556053,171.39620430430605,173.8915926615397,2698850.0,0.0,0.0
2023-08-15 00:00:00-04:00,173.3175610152671,175.7408011106822,171.939552688796,173.34403483072916,2471066.6666666665,0.0,0.0
2023-08-16 00:00:00-04:00,173.60920275792037,175.2163208243876,171.55387583887662,171.94999758402506,2070966.6666666667,0.0,0.0
2023-08-17 00:00:00-04:00,172.32352346243627,173.17128143950933,167.88949869692857,168.2439219156901,2666116.6666666665,0.605,0.0
2023-08-18 00:00:00-04:00,166.99547296541195,169.82993396788197,166.41266635766115,169.2049102783203,2238133.3333333335,0.0,0.0
2023-08-21 00:00:00-04:00,168.89005619762955,170.05673866923402,166.61999738434466,167.7921314239502,2421016.6666666665,0.0,0.0
2023-08-22 00:00:00-04:00,169.23176674098752,170.48474284604944,166.54029952613203,168.1282526652018,2518533.3333333335,0.0,0.0
2023-08-23 00:00:00-04:00,168.88798880870567,171.50664016811172,168.24893668785276,170.82248814900717,3312883.3333333335,0.0,0.0
2023-08-24 00:00:00-04:00,170.58761490673592,172.17108788772296,167.7233926494756,168.11335627237955,2223966.6666666665,0.0,0.0
2023-08-25 00:00:00-04:00,168.56156654589958,169.91790240109472,166.11266756927878,167.3324406941732,2133550.0,0.0,0.0
2023-08-28 00:00:00-04:00,167.90575877846948,169.66801544867005,166.7703325053232,168.05043029785156,1658316.6666666667,0.0,0.0
2023-08-29 00:00:00-04:00,168.19106671238106,171.4807296720228,167.73828142365537,170.8096783955892,2057416.6666666667,0.0,0.0
2023-08-30 00:00:00-04:00,170.9914238706132,173.52335247972647,170.6290388020745,172.6088078816732,1923666.6666666667,2.09,0.0
2023-08-31 00:00:00-04:00,172.90972360786,173.9296117306584,171.79819474229785,172.50334930419922,2074316.6666666667,0.0,0.0
2023-09-01 00:00:00-04:00,173.8043289226031,175.3374145067459,173.16996537241985,174.59219106038412,1866800.0,0.0,0.0
2023-09-05 00:00:00-04:00,174.0569937111073,174.96125620322144,171.15968809959895,172.51256561279297,2206966.6666666665,0.0,0.0
2023-09-06 00:00:00-04:00,172.31475623221286,173.03150307934297,170.3775413112205,171.30802408854166,2176433.3333333335,0.0,0.0
2023-09-07 00:00:00-04:00,170.84502152057038,173.54620978425024,169.9069989402047,172.4704666144564,1950316.6666666667,0.0,0.0
2023-09-08 00:00:00-04:00,171.4507432375126,173.1965274167221,170.5958402107531,171.87652842203775,1925916.6666666667,0.0,0.0
2023-09-11 00:00:00-04:00,172.76814499144362,174.10119293729394,171.89460037739377,172.80480321248373,1713566.6666666667,0.0,0.0
2023-09-12 00:00:00-04:00,171.873097131054,173.22024517442955,170.08958687562748,170.66316350301108,1917483.3333333333,0.0,0.0
2023-09-13 00:00:00-04:00,170.18483942710054,171.6543953533766,169.1384250776986,170.51772944132486,2051333.3333333333,0.0,0.0
2023-09-14 00:00:00-04:00,171.39781696347322,172.8440737068861,169.84151046189928,171.75263468424478,2006150.0,0.0,0.0
2023-09-15 00:00:00-04:00,170.79598225486606,171.23370431626563,166.44367482824887,167.34601465861002,4565150.0,0.0,0.0
2023-09-18 00:00:00-04:00,166.84643296612873,167.58528068134407,164.00749757504488,164.57152557373047,2898866.6666666665,0.0,0.0
2023-09-19 00:00:00-04:00,163.83636607446581,165.1334700278447,162.1615810307239,164.38773409525552,2266866.6666666665,0.0,0.0
2023-09-20 00:00:00-04:00,165.28343306495086,166.4034849350312,163.02774248963092,163.22981452941895,1783583.3333333333,0.0,0.0
2023-09-21 00:00:00-04:00,161.80185599646063,162.4407871607767,159.58008880771857,159.85347493489584,2420016.6666666665,0.0,0.0
2023-09-22 00:00:00-04:00,160.3535108425878,161.12539893949534,158.7720212306829,159.24683316548666,2149633.3333333335,0.0,0.0
2023-09-25 00:00:00-04:00,159.05014692637758,162.12687532475255,158.70076052987307,161.47982025146484,3635900.0,0.0,0.0
2023-09-26 00:00:00-04:00,160.53397379619116,161.4385831228416,158.48584217363555,158.9822031656901,2336233.3333333335,0.0,0.0
2023-09-27 00:00:00-04:00,159.46669482415814,160.65915433928103,157.22449373917607,158.759406408361,2213333.3333333335,0.0,0.0
2023-09-28 00:00:00-04:00,158.44769402151556,161.30466228516653,157.7542575200636,159.92642784118652,2190200.0,0.0,0.0
2023-09-29 00:00:00-04:00,161.02817283291054,162.38295816627942,159.18458957465492,159.92923736572266,2219050.0,0.0,0.0
2023-10-02 00:00:00-04:00,159.46028830542073,160.848015217106,157.81209086736337,159.20441945325194,2066450.0,0.0,0.0
2023-10-03 00:00:00-04:00,158.26190059302257,159.11179754304572,153.31738667556417,154.4264901479085,3076616.6666666665,0.0,0.0
2023-10-04 00:00:00-04:00,155.81562049765014,156.97520002826133,154.16593760512856,156.09988212636554,2119550.0,0.0,0.0
2023-10-05 00:00:00-04:00,155.41681141251772,156.22644412228667,153.16831939811792,154.63588651021323,2158500.0,0.0,0.0
2023-10-06 00:00:00-04:00,153.80073671468222,157.25550455320442,152.6798203666003,155.77085812886557,2122650.0,0.0,0.0
2023-10-09 00:00:00-04:00,154.0202156666393,156.54400066266362,152.57683254282503,155.88283411661783,1904000.0,0.0,0.0
2023-10-10 00:00:00-04:00,156.16916508707314,159.2181760514772,155.55262107375083,157.62043952941895,2181350.0,0.0,0.0
2023-10-11 00:00:00-04:00,158.01555711990585,159.356482273779,155.6558413616249,157.67704137166342,1869166.6666666667,0.0,0.0
2023-10-12 00:00:00-04:00,157.23022386903858,157.4126634115594,152.54480052898697,153.37364641825357,2303833.3333333335,0.0,0.0
2023-10-13 00:00:00-04:00,153.34793440398633,154.42819525259193,151.34355144433968,152.05884234110513,2407883.3333333335,0.0,0.0
2023-10-16 00:00:00-04:00,153.54178031773287,155.43713813698898,152.6871018197886,154.65691121419272,1852966.6666666667,0.0,0.0
2023-10-17 00:00:00-04:00,153.8130697868599,155.72087268450764,153.16717734087578,154.52983856201172,1851200.0,0.0,0.0
2023-10-18 00:00:00-04:00,153.85455918102232,154.0494696849544,150.19918480850038,150.7152525583903,3368083.3333333335,0.0,0.0
2023-10-19 00:00:00-04:00,150.75330995400896,151.58204807470275,147.9037240384434,148.5454298655192,5264650.0,0.45,0.0
2023-10-20 00:00:00-04:00,148.2685940536206,149.4828139163137,146.82895208923256,147.92459932963052,2441166.6666666665,0.0,0.0
2023-10-23 00:00:00-04:00,147.34650186814403,149.28043051871816,146.21435661400469,147.20661036173502,2346866.6666666665,0.0,0.0
2023-10-24 00:00:00-04:00,148.8633911219252,150.1507146103541,144.77491796857828,146.0744857788086,2383766.6666666665,1.1,0.0
2023-10-25 00:00:00-04:00,145.2569741951483,146.9674763591721,143.86380858372013,145.16027323336263,2438250.0,0.0,0.0
2023-10-26 00:00:00-04:00,145.38234061790925,146.5172375597979,142.79688838098303,143.19160842895508,2976700.0,0.0,0.0
2023-10-27 00:00:00-04:00,143.516048244019,144.83221342661372,141.68430506143255,142.90837224324545,2489966.6666666665,0.0,0.0
2023-10-30 00:00:00-04:00,143.72762654909894,146.2038251826544,142.16947998896453,145.21115302970864,2424266.6666666665,0.0,0.0
2023-10-31 00:00:00-04:00,145.8109373310377,147.8658541672556,145.01656415532634,147.17083740303062,2893133.3333333335,0.0,0.0
2023-11-01 00:00:00-04:00,147.02104468589533,148.52382803167976,145.04776484282021,148.02968788146973,3863950.0,0.0,0.0
2023-11-02 00:00:00-04:00,150.17781645987367,153.1573520470029,149.6854500352346,151.76653861999512,3115900.0,0.0,0.0
2023-11-03 00:00:00-04:00,151.54317746558607,154.9639582870126,150.7470510593054,152.88688977559408,3707783.3333333335,0.0,0.0
2023-11-06 00:00:00-05:00,152.68570877306345,153.58301422919425,150.45236643044598,151.30782063802084,2685116.6666666665,0.0,0.0
2023-11-07 00:00:00-05:00,151.56258061143063,152.69235795141498,150.4699511860372,151.7558937072754,2143233.3333333335,0.0,0.0
2023-11-08 00:00:00-05:00,152.027799539381,154.02436896491994,151.06837456985997,152.80279350280762,2223183.3333333335,0.0,0.0
2023-11-09 00:00:00-05:00,151.82214010467519,152.53287342591156,148.7469590080781,149.0081246693929,2726733.3333333335,0.0,0.0
2023-11-10 00:00:00-05:00,149.42112658836984,151.38366743673063,147.9615222208039,151.1758893330892,2243200.0,0.0,0.0
2023-11-13 00:00:00-05:00,150.00481536523196,151.09119428888275,148.88247660047747,150.07943153381348,2649833.3333333335,0.0,0.0
2023-11-14 00:00:00-05:00,155.80119520951345,160.53027579115738,154.88860517944087,158.303638458763,4365083.333333333,0.0,0.0
2023-11-15 00:00:00-05:00,158.57439237893837,162.3145903807817,158.2460620463747,160.49584770202637,3753250.0,0.0,0.0
2023-11-16 00:00:00-05:00,159.7070227816874,162.459082914617,158.6272514804119,161.0442123413086,2837350.0,0.605,0.0
2023-11-17 00:00:00-05:00,162.07152799673923,163.33451373129088,160.64897805107645,162.4630158742269,2416366.6666666665,0.0,0.0
2023-11-20 00:00:00-05:00,162.35673446524285,164.75242253454203,161.71316090244616,163.93458429921225,2605600.0,0.0,0.0
2023-11-21 00:00:00-05:00,161.97156343869491,163.1818959601843,160.34900096701458,162.018580754598,2770866.6666666665,0.0,0.0
2023-11-22 00:00:00-05:00,163.28820471194422,164.7822916909872,161.96165103489878,163.47590319264486,1993966.6666666667,0.0,0.0
2023-11-24 00:00:00-05:00,163.1308097597817,164.68765702110264,162.4716237465192,164.2815424601237,867800.0,0.0,0.0
2023-11-27 00:00:00-05:00,163.8573897490327,165.90763586156223,163.27732547020176,164.91062355041504,2430050.0,0.0,0.0
2023-11-28 00:00:00-05:00,164.64546660238892,166.7841243797345,163.50319454494846,165.93129666646323,2568550.0,0.0,0.0
2023-11-29 00:00:00-05:00,166.8074149762622,168.339817451869,165.6480659846645,166.3027712504069,2525483.3333333335,2.09,0.0
2023-11-30 00:00:00-05:00,166.76204871853938,167.945270387906,164.28594557768537,166.85357729593912,2765266.6666666665,0.0,0.0
2023-12-01 00:00:00-05:00,166.97987907158654,171.62146948964946,166.1292573393261,171.323014576543,2735050.0,0.0,0.0
2023-12-04 00:00:00-05:00,170.82052696862183,174.3390314359042,170.41753000233885,172.83889198303223,2639300.0,0.0,0.0
2023-12-05 00:00:00-05:00,171.5822345381148,172.9352660669425,170.0296363789955,171.89710680643717,2406133.3333333335,0.0,0.0
2023-12-06 00:00:00-05:00,173.13695696703567,175.33728034886613,172.04648346713768,173.2125727335612,2797566.6666666665,0.0,0.0
2023-12-07 00:00:00-05:00,173.27964189798593,175.00008010906512,172.45469009285367,174.1578458150228,2293150.0,0.0,0.0
2023-12-08 00:00:00-05:00,173.65741534724467,175.07912655954956,172.4224189007065,174.16105270385742,2442150.0,0.0,0.0
2023-12-11 00:00:00-05:00,175.22741976004465,176.33786912932555,174.0277649180487,174.97667694091797,2357716.6666666665,0.0,0.0
2023-12-12 00:00:00-05:00,174.94190492357953,176.60198596837418,173.1188354456871,174.91029421488443,3046883.3333333335,0.0,0.0
2023-12-13 00:00:00-05:00,175.43457726262372,182.18006667645375,173.97174563672903,181.53987757364908,4421416.666666667,0.0,0.0
2023-12-14 00:00:00-05:00,185.2746572752865,189.61013203029984,184.44283179084377,188.03645706176758,5530416.666666667,0.0,0.0
2023-12-15 00:00:00-05:00,187.31954437748837,189.91830021885667,185.7908144387549,188.75997416178384,5596150.0,0.0,0.0
2023-12-18 00:00:00-05:00,188.7505252109644,189.30515580422068,186.23007380492575,186.95919863382974,2481683.3333333335,0.0,0.0
2023-12-19 00:00:00-05:00,187.75574095113416,189.59375245026874,186.9413359835775,188.40067672729492,2829100.0,0.0,0.0
2023-12-20 00:00:00-05:00,187.23290182197874,189.49240201041596,185.7284501462698,186.13935343424478,2618500.0,0.0,0.0
2023-12-21 00:00:00-05:00,188.3111965238376,189.2553247909692,186.53085924919117,188.20570755004883,1998416.6666666667,0.0,0.0
2023-12-22 00:00:00-05:00,188.38104326767896,189.81130240147877,186.62552378220155,188.44444147745767,1680916.6666666667,0.0,0.0
2023-12-26 00:00:00-05:00,188.5251208997628,189.86319687132888,187.6438542704437,188.6816151936849,1292816.6666666667,0.0,0.0
2023-12-27 00:00:00-05:00,188.80318557866516,189.62540364111928,187.58261560435665,188.54132461547852,1524116.6666666667,0.0,0.0
2023-12-28 00:00:00-05:00,188.54250144974833,188.93932126580103,187.05695822727512,188.00120290120444,1427866.6666666667,0.0,0.0
2023-12-29 00:00:00-05:00,187.60722282652168,188.6818203927895,185.68709056308452,186.7479165395101,3073533.3333333335,0.0,0.0
2024-01-02 00:00:00-05:00,184.39067255316903,186.23753246324574,182.6172931288916,184.14511489868164,2619450.0,0.0,0.0
2024-01-03 00:00:00-05:00,181.80534904565522,182.1948786630761,177.5152439888284,178.18045934041342,2990533.3333333335,0.0,0.0
2024-01-04 00:00:00-05:00,177.78245486581366,180.27149310840795,176.88098241073567,178.33460744222006,2648750.0,0.0,0.0
2024-01-05 00:00:00-05:00,177.48429163499273,180.911628258737,177.43276618908138,179.39572143554688,2071550.0,0.0,0.0
2024-01-08 00:00:00-05:00,179.79756829984646,182.6366993186424,178.99046149265897,182.1946233113607,1880400.0,0.0,0.0
2024-01-09 00:00:00-05:00,180.40999677492005,182.4149586332629,179.81499775781285,181.11770248413086,1803283.3333333333,0.0,0.0
2024-01-10 00:00:00-05:00,182.31880819202203,184.37486981040493,181.515669453411,183.6618537902832,2388333.3333333335,0.0,0.0
2024-01-11 00:00:00-05:00,184.2638257961222,185.34040228616217,181.5012904914487,183.50509643554688,2192150.0,0.0,0.0
2024-01-12 00:00:00-05:00,184.10955862974473,185.34380403258368,181.44623128518094,183.48301315307617,1865916.6666666667,0.0,0.0
2024-01-16 00:00:00-05:00,183.64764782781697,184.61139635438477,181.8159953396258,183.50033124287924,2361600.0,0.0,0.0
2024-01-17 00:00:00-05:00,182.0084677199508,184.25471974051985,180.6349810414683,182.7072353363037,2173350.0,0.0,0.0
2024-01-18 00:00:00-05:00,183.45735663451117,185.513893394058,181.91962725074083,184.60413869222006,2275016.6666666665,0.45,0.0
2024-01-19 00:00:00-05:00,186.21915883084102,187.76165957606648,183.61195994909247,186.3878027598063,4794483.333333333,0.0,0.0
2024-01-22 00:00:00-05:00,186.09919651886028,188.64719135032678,184.97679138526814,187.14078013102213,3147483.3333333335,0.0,0.0
2024-01-23 00:00:00-05:00,187.36118247300791,187.91406991010479,184.00521058785299,184.8027712504069,2388100.0,1.1,0.0
2024-01-24 00:00:00-05:00,185.51405125050528,186.07781148617235,181.69571227375243,181.96887016296387,2636616.6666666665,0.0,0.0
2024-01-25 00:00:00-05:00,182.34617129767926,184.8039223255,180.1029888580027,183.63751602172852,2536983.3333333335,0.0,0.0
2024-01-26 00:00:00-05:00,183.99426728674118,185.9294308840724,182.7470964540881,184.1393725077311,2144866.6666666665,0.0,0.0
2024-01-29 00:00:00-05:00,183.9538654313305,185.45869091784598,181.07798055192202,183.78177324930826,2509150.0,0.0,0.0
2024-01-30 00:00:00-05:00,183.09173648012776,185.34653312053274,181.752729539219,183.36999130249023,2278650.0,0.0,0.0
2024-01-31 00:00:00-05:00,183.44951704462719,185.06553480290572,180.48810550522157,180.80618540445963,3029933.3333333335,0.0,0.0
2024-02-01 00:00:00-05:00,181.2429754540082,185.2584068763888,179.89118674577128,184.99888038635254,2566216.6666666665,0.0,0.0
2024-02-02 00:00:00-05:00,182.39265451210107,186.05649975926954,179.8202370444585,184.93182690938315,2596333.3333333335,0.0,0.0
2024-02-05 00:00:00-05:00,182.85467122674854,183.8065556618059,180.33671466385843,182.75574239095053,2078433.3333333333,0.0,0.0
2024-02-06 00:00:00-05:00,182.5625611883231,185.00192175218308,181.9413436722044,184.24091021219888,1852333.3333333333,0.0,0.0
2024-02-07 00:00:00-05:00,185.21634294646603,187.42979100173258,184.33351733919594,186.2939828236898,2450600.0,0.0,0.0
2024-02-08 00:00:00-05:00,186.64434015832782,189.13938657230247,185.29141035062898,188.0218474070231,2056150.0,0.0,0.0
2024-02-09 00:00:00-05:00,188.41151970155875,189.78770917353293,186.89622827751973,189.00316747029623,1594516.6666666667,0.0,0.0
2024-02-12 00:00:00-05:00,189.98950113228977,193.56368802876588,189.44385804176974,191.7478224436442,2711100.0,0.0,0.0
2024-02-13 00:00:00-05:00,186.90239662292768,188.7624723451254,184.36143785584315,187.29119427998862,2899950.0,0.0,0.0
2024-02-14 00:00:00-05:00,188.1050238708215,189.7711682067572,186.0948801865848,189.06333223978677,2295883.3333333335,0.0,0.0
2024-02-15 00:00:00-05:00,190.0616842808354,191.1084315932175,188.56269925900563,190.21648152669272,1707850.0,0.0,0.0
2024-02-16 00:00:00-05:00,189.78830487110417,191.75967495617246,188.0010670964389,189.98252296447754,2424116.6666666665,0.0,0.0
2024-02-20 00:00:00-05:00,187.37792911115855,190.49736756989873,185.97865975582715,189.51856676737467,2810100.0,0.0,0.0
2024-02-21 00:00:00-05:00,188.7093441380232,190.60870920600453,187.3369416477085,189.9595464070638,2569700.0,0.0,0.0
2024-02-22 00:00:00-05:00,192.3770204213455,195.50486720899104,191.01531345396526,194.60861841837564,4014283.3333333335,0.0,0.0
2024-02-23 00:00:00-05:00,195.3716919622018,197.12386549198595,193.9725729491831,195.82456143697104,2981716.6666666665,0.715,0.0
2024-02-26 00:00:00-05:00,195.5457442274848,197.8940207927947,194.5849995003341,195.69793637593588,2389266.6666666665,0.0,0.0
2024-02-27 00:00:00-05:00,197.14348814770435,200.72627110176919,195.91961656457468,199.70651308695474,3228200.0,0.0,0.0
2024-02-28 00:00:00-05:00,199.5142524932874,202.77751895683403,198.96447896247153,201.35415331522623,2471950.0,0.0,0.0
2024-02-29 00:00:00-05:00,202.12052558192678,204.03204923831365,201.0260056505132,202.7034454345703,4557000.0,0.0,0.0
2024-03-01 00:00:00-05:00,202.37943304814118,205.3882601582428,201.4162498676543,204.7013734181722,2224700.0,0.0,0.0
2024-03-04 00:00:00-05:00,204.1170764679285,206.56172416824697,203.09886345028656,204.64029502868652,2284666.6666666665,0.0,0.0
2024-03-05 00:00:00-05:00,203.53803490981264,205.6606909885691,201.84873794098527,203.04137674967447,2238483.3333333335,0.0,0.0
2024-03-06 00:00:00-05:00,204.45303565351182,205.92177170384866,202.6103388131313,204.46607653299967,2038616.6666666667,2.25,0.0
2024-03-07 00:00:00-05:00,206.37501335096735,208.55270214996418,204.86629350715336,206.59241739908853,1970600.0,0.0,0.0
2024-03-08 00:00:00-05:00,205.8774692420243,207.86095414265262,203.77462584560934,204.32847849527994,2456133.3333333335,0.0,0.0
2024-03-11 00:00:00-04:00,203.59233047853263,204.48175968796133,200.99040671552234,202.920436223348,2449900.0,0.0,0.0
2024-03-12 00:00:00-04:00,203.68637792583908,206.22888703666476,203.0443367744856,205.2226308186849,2260016.6666666665,0.0,0.0
2024-03-13 00:00:00-04:00,207.5640532640716,212.75962638470818,206.0372871381431,210.1327641805013,3886333.3333333335,0.0,0.0
2024-03-14 00:00:00-04:00,210.00236915175378,211.54272036724072,205.7066021661727,207.91308720906576,2587566.6666666665,0.0,0.0
2024-03-15 00:00:00-04:00,206.7506247073029,209.67027074771133,205.55208671767903,207.0236670176188,4707683.333333333,0.0,0.0
2024-03-18 00:00:00-04:00,208.31564750665632,209.25023989657385,205.5529336125737,206.37800280253092,2176850.0,0.0,0.0
2024-03-19 00:00:00-04:00,207.31410530494156,209.97554238665725,206.53054097360607,209.29397519429526,2288566.6666666665,0.0,0.0
2024-03-20 00:00:00-04:00,209.444384132282,213.60687929360128,208.33992560003023,213.00167973836264,2063466.6666666667,0.0,0.0
2024-03-21 00:00:00-04:00,214.47492420812657,221.3813595190517,213.70135279483603,220.54652659098306,2998150.0,0.0,0.0
2024-03-22 00:00:00-04:00,220.1067264143992,221.22006657032577,217.17519896155602,217.61854044596353,1931233.3333333333,0.0,0.0
2024-03-25 00:00:00-04:00,217.59016495003115,218.68880207732096,214.43604867819076,215.09540176391602,2067183.3333333333,0.0,0.0
2024-03-26 00:00:00-04:00,215.0385319384067,216.87930877311638,213.844450931737,214.1943499247233,2030933.3333333333,0.0,0.0
2024-03-27 00:00:00-04:00,216.26920715352574,218.2906381716306,215.0805013213587,217.4789581298828,2296833.3333333335,0.0,0.0
2024-03-28 00:00:00-04:00,218.2006872904535,219.54446433384427,215.51377490349287,217.7372957865397,2458100.0,0.0,0.0
2024-04-01 00:00:00-04:00,216.7448574887101,217.75739568620034,211.3182262471371,211.83431116739908,2472000.0,0.0,0.0
2024-04-02 00:00:00-04:00,209.32795984926474,209.88494591590322,206.6678071723504,207.94898160298666,2546800.0,0.0,0.0
2024-04-03 00:00:00-04:00,207.00614463523928,208.55124684076904,205.4814041680695,206.53147824605307,2465016.6666666665,0.0,0.0
2024-04-04 00:00:00-04:00,209.01818810114676,210.28240893992358,203.9000617847053,204.58286158243814,2645116.6666666665,0.0,0.0
2024-04-05 00:00:00-04:00,204.50086756165493,206.23118932294085,203.6727178266824,205.4417813618978,1757100.0,0.0,0.0
2024-04-08 00:00:00-04:00,205.51671520457094,207.99972058797687,204.75102996742567,207.3772341410319,2092533.3333333333,0.0,0.0
2024-04-09 00:00:00-04:00,208.7920851508059,209.72376166942647,205.32766989056108,208.34301122029623,1839883.3333333333,0.0,0.0
2024-04-10 00:00:00-04:00,201.69564597742547,203.4233894163091,198.57589715322197,199.76697858174643,3350050.0,0.0,0.0
2024-04-11 00:00:00-04:00,200.83515816434326,201.607288345337,197.72415178879226,199.14922332763672,2359533.3333333335,0.0,0.0
2024-04-12 00:00:00-04:00,197.75084895405698,198.47072716814924,195.1056011664394,196.37984911600748,2071616.6666666667,0.0,0.0
2024-04-15 00:00:00-04:00,198.9985164532235,199.13466698765663,192.92834943201342,193.5285212198893,2757683.3333333335,0.0,0.0
2024-04-16 00:00:00-04:00,192.16205020773168,193.2479901633861,189.40476681420787,190.82584508260092,3188116.6666666665,0.0,0.0
2024-04-17 00:00:00-04:00,192.29366389874744,193.25635596203674,189.7332454815104,190.7981859842936,2345933.3333333335,0.0,0.0
2024-04-18 00:00:00-04:00,191.92798215680978,194.05503340325356,189.8573333778505,190.7358824412028,2133683.3333333335,0.565,0.0
2024-04-19 00:00:00-04:00,191.10252824605888,192.2879649223339,189.05430454254486,190.3512446085612,2081133.3333333333,0.0,0.0
2024-04-22 00:00:00-04:00,191.6390157230411,193.23831115570195,189.2411954985873,191.49778175354004,2220566.6666666665,0.0,0.0
2024-04-23 00:00:00-04:00,190.15634803405695,193.6225665430068,189.09572899582108,192.51965840657553,2772283.3333333335,1.1,0.0
2024-04-24 00:00:00-04:00,191.71783404417818,192.97009572589798,188.79122185293326,190.44011688232422,2874816.6666666665,0.0,0.0
2024-04-25 00:00:00-04:00,188.1056564685094,190.71370340429903,186.20157599484853,189.4938284556071,2457050.0,0.0,0.0
2024-04-26 00:00:00-04:00,189.6508734690808,192.76832066605053,189.1621403274476,190.93914477030435,2016200.0,0.0,0.0
2024-04-29 00:00:00-04:00,191.48618739746848,193.0733283098099,190.37396900486087,191.58479944864908,2083866.6666666667,0.0,0.0
2024-04-30 00:00:00-04:00,190.7777362607072,192.19187172669112,188.4273896764214,189.3392244974772,2461683.3333333335,0.0,0.0
2024-05-01 00:00:00-04:00,189.19970060239845,192.17038040927392,186.50423657708063,189.1492576599121,2912716.6666666665,0.0,0.0
2024-05-02 00:00:00-04:00,192.62108024500944,193.62690362461447,188.97655883313894,192.8642946879069,4050750.0,0.0,0.0
2024-05-03 00:00:00-04:00,196.90470393070086,200.83588189744978,195.09363454105338,197.45047442118326,3561416.6666666665,0.0,0.0
2024-05-06 00:00:00-04:00,199.0819171532314,201.32969753242378,196.9831370763316,199.6523869832357,2752616.6666666665,0.0,0.0
2024-05-07 00:00:00-04:00,200.23974866782217,202.39960244703113,198.30315296447543,199.60903930664062,2558650.0,0.0,0.0
2024-05-08 00:00:00-04:00,198.2229989320056,199.94375293708,197.19500272181014,199.23601277669272,1978250.0,0.0,0.0
2024-05-09 00:00:00-04:00,199.49538849799333,204.6067629310247,198.93575227938513,204.16681035359701,2402116.6666666665,0.0,0.0
2024-05-10 00:00:00-04:00,204.53230796574087,205.63596096057404,202.34437557003284,203.56842676798502,1986666.6666666667,0.0,0.0
2024-05-13 00:00:00-04:00,204.92301214119937,206.69261271081163,201.25625727992258,201.8076197306315,2596100.0,0.0,0.0
2024-05-14 00:00:00-04:00,201.25265286090428,204.24175642701906,199.30990677379896,201.48221842447916,3031733.3333333335,0.0,0.0
2024-05-15 00:00:00-04:00,204.2774302598358,206.33832801638076,202.5980026462264,203.94725036621094,2440966.6666666665,0.0,0.0
2024-05-16 00:00:00-04:00,203.3051977631326,203.77943525217924,200.14884576350934,200.52438100179037,2004100.0,0.715,0.0
2024-05-17 00:00:00-04:00,201.4757011787983,201.6414026372747,198.44174081310777,199.75803502400717,1808450.0,0.0,0.0
2024-05-20 00:00:00-04:00,199.04915577530414,200.35222032088862,197.17502098262483,198.3194236755371,2287966.6666666665,0.0,0.0
2024-05-21 00:00:00-04:00,198.5890625518109,199.25542491099392,194.67104254972523,196.62992986043295,3148683.3333333335,0.0,0.0
2024-05-22 00:00:00-04:00,198.64649732250953,199.77091349923865,190.31286695406698,191.30807876586914,3446133.3333333335,0.0,0.0
2024-05-23 00:00:00-04:00,191.63578824406045,192.4946376609873,187.92894643432007,189.17351404825845,2739216.6666666665,0.0,0.0
2024-05-24 00:00:00-04:00,189.72507415791685,191.24199445509637,188.1189039803843,189.3352813720703,2100450.0,0.0,0.0
2024-05-28 00:00:00-04:00,189.50897845108497,191.29663570545497,187.59215933202688,188.80245717366537,2602850.0,0.0,0.0
2024-05-29 00:00:00-04:00,186.7421113579326,188.19989940261044,185.3407402034317,186.7458127339681,2256433.3333333335,0.0,0.0
2024-05-30 00:00:00-04:00,187.68432523655076,190.5148071520576,186.74097978558248,189.69389152526855,2167233.3333333335,2.25,0.0
2024-05-31 00:00:00-04:00,190.26122554746084,193.2448744423405,189.01502297638993,192.7034854888916,4648333.333333333,0.0,0.0
2024-06-03 00:00:00-04:00,192.83782764840785,194.07653796539307,189.00013823285178,190.55295944213867,2560750.0,0.0,0.0
2024-06-04 00:00:00-04:00,189.5770416578098,191.4495719849349,187.10977321122434,189.22910372416177,2864350.0,0.0,0.0
2024-06-05 00:00:00-04:00,189.62009567255197,193.44626713212526,188.1711450744317,193.19339179992676,2137466.6666666665,0.0,0.0
2024-06-06 00:00:00-04:00,192.59798945163257,194.4527896822352,190.61394439891953,192.40945370992026,2048466.6666666667,0.0,0.0
2024-06-07 00:00:00-04:00,188.5110073057056,190.28249413185506,185.45075404241302,188.1996873219808,2257933.3333333335,0.0,0.0
2024-06-10 00:00:00-04:00,187.39742687911883,190.60853196996118,186.8802968659131,189.80074246724448,1918966.6666666667,0.0,0.0
2024-06-11 00:00:00-04:00,189.5933804802189,191.80746310453773,187.5024921174952,191.1753749847412,2107283.3333333335,0.0,0.0
2024-06-12 00:00:00-04:00,196.9267619431404,200.73371739273398,194.85602832989616,196.32992235819498,3074800.0,0.0,0.0
2024-06-13 00:00:00-04:00,196.96630205434303,198.96774184024744,194.2482980483404,197.35406875610352,2497233.3333333335,0.0,0.0
2024-06-14 00:00:00-04:00,195.11703757873775,196.2970351398262,191.31097535319722,193.59980328877768,2330283.3333333335,0.0,0.0
2024-06-17 00:00:00-04:00,192.760174926105,196.8698612359316,192.21954321911028,195.988889058431,1812083.3333333333,0.0,0.0
2024-06-18 00:00:00-04:00,196.42958190868742,199.03346235491233,194.99618481544007,197.64924748738608,2277633.3333333335,0.0,0.0
2024-06-20 00:00:00-04:00,196.84667555140376,198.84767973971086,193.90840812843248,196.06894238789877,2384066.6666666665,0.0,0.0
2024-06-21 00:00:00-04:00,196.15440879324876,197.8554150946703,193.83106311916026,196.0773671468099,3430600.0,0.0,0.0
2024-06-24 00:00:00-04:00,196.43417897736245,197.91180663305985,194.30195786474175,195.11240832010904,2663350.0,0.0,0.0
2024-06-25 00:00:00-04:00,193.90726168935814,194.37505115589343,185.90333357170778,187.60767046610513,3351016.6666666665,0.0,0.0
2024-06-26 00:00:00-04:00,187.2695151557566,190.18507838964618,186.3800942377609,189.1293570200602,2250600.0,0.0,0.0
2024-06-27 00:00:00-04:00,189.4414708388384,190.46726546687208,186.55826794700988,188.03140513102213,2549900.0,0.0,0.0
2024-06-28 00:00:00-04:00,187.98327565089906,189.8560576199824,186.31228984111235,188.27668571472168,5869683.333333333,0.0,0.0
2024-07-01 00:00:00-04:00,187.82238165266392,188.8947662215289,183.39160041465593,183.9374472295101,2338150.0,0.0,0.0
2024-07-02 00:00:00-04:00,183.26634841879886,184.98700931268243,181.5709080150813,184.08892059326172,2450866.6666666665,0.0,0.0
2024-07-03 00:00:00-04:00,184.96762405898002,186.9347978708066,183.4102532398074,184.49133618723795,1368550.0,0.0,0.0
2024-07-05 00:00:00-04:00,184.20401920139167,185.42712134833218,182.5950739078985,183.76630210876465,1841816.6666666667,0.0,0.0
2024-07-08 00:00:00-04:00,184.70974705607694,187.73407565831266,183.81180880868214,186.36805534362793,2698833.3333333335,0.0,0.0
2024-07-09 00:00:00-04:00,185.70855264012152,186.68132921910697,184.15821466316504,185.13339487711588,1982400.0,0.0,2.0
2024-07-10 00:00:00-04:00,186.3761249601254,189.55556528157322,185.00213831339576,189.02836545308432,2341016.6666666665,0.0,0.0
2024-07-11 00:00:00-04:00,192.935321237215,196.4363153646309,190.84371363038417,195.72624715169272,3081666.6666666665,0.0,0.0
2024-07-12 00:00:00-04:00,196.35537364988593,201.64927144396142,195.57593381716563,198.98990122477213,2940116.6666666665,0.0,0.0
2024-07-15 00:00:00-04:00,198.50682097187996,199.73180993056965,195.17826207397593,196.6321818033854,2658766.6666666665,0.0,0.0
2024-07-16 00:00:00-04:00,198.03529591843017,204.0842550033018,197.45797267182425,203.7247791297152,2809083.3333333335,0.0,0.0
2024-07-17 00:00:00-04:00,201.5791972924526,205.37534198383318,198.66712279161038,201.62714004516602,2980033.3333333335,0.0,0.0
2024-07-18 00:00:00-04:00,201.10968023245104,205.44068786485238,198.63790875880625,199.4427344004313,2498250.0,0.0,0.0
2024-07-19 00:00:00-04:00,199.1900046187554,200.62123258679625,197.06467870267008,197.77750714619955,2001766.6666666667,0.57,0.0
2024-07-22 00:00:00-04:00,198.8927109864849,200.91063694287573,196.50395800621152,199.174685160319,2420650.0,0.0,0.0
2024-07-23 00:00:00-04:00,202.24963005139762,204.84795132228223,199.17838782054716,202.7860279083252,2598000.0,0.0,0.0
2024-07-24 00:00:00-04:00,201.97894520365466,203.57820875949164,196.0116680859103,196.31077194213867,2609366.6666666665,1.15,0.0
2024-07-25 00:00:00-04:00,196.57448124324057,203.04704619100673,194.7579685993619,199.55121421813965,2745450.0,0.0,0.0
2024-07-26 00:00:00-04:00,201.18119258275064,206.22941309869407,200.50732420941506,204.15403429667154,2411600.0,0.0,0.0
2024-07-29 00:00:00-04:00,204.48274912098577,206.566833193733,202.95509615454452,205.29798634847006,2339233.3333333335,0.0,0.0
2024-07-30 00:00:00-04:00,205.76376602896678,207.44517462892568,202.60589434456918,204.76341565450033,2367550.0,0.0,0.0
2024-07-31 00:00:00-04:00,206.37804779899582,210.57094209631052,203.73961258796632,207.3066724141439,2817266.6666666665,0.0,0.0
2024-08-01 00:00:00-04:00,206.72665441132065,208.76116823858524,199.30190176720976,202.05742200215658,4014933.3333333335,0.0,0.0
2024-08-02 00:00:00-04:00,199.502799843517,201.19981175299407,195.03508610808788,200.3007297515869,3342033.3333333335,0.0,0.0
2024-08-05 00:00:00-04:00,194.61325576212252,199.68453313923519,191.8233349507058,195.94562848409018,3581683.3333333335,0.0,0.0
2024-08-06 00:00:00-04:00,195.87142656231444,201.42507887283287,194.41437935047858,198.6512826283773,2525183.3333333335,0.0,0.0
2024-08-07 00:00:00-04:00,200.40180763311972,201.4936273978976,193.2441874639576,193.7454681401595,3093466.6666666665,0.0,0.0
2024-08-08 00:00:00-04:00,193.31189197332324,197.43992801293226,192.4681291566436,196.75717544486977,2476733.3333333335,0.0,0.0
2024-08-09 00:00:00-04:00,196.45084350393248,198.8834758923692,195.3432025394801,197.29965273539224,2056333.3333333333,0.0,0.0
2024-08-12 00:00:00-04:00,197.40777245780177,198.03235835610715,193.48333697673152,195.09825007120767,2612000.0,0.0,0.0
2024-08-13 00:00:00-04:00,194.36108195685551,200.7717276433485,193.6173266400804,199.57457478841147,3503866.6666666665,0.0,0.0
2024-08-14 00:00:00-04:00,199.81700752370634,202.68914144172268,197.83089042075065,200.10649172465006,2518950.0,0.0,0.0
2024-08-15 00:00:00-04:00,204.38321430547657,206.46410022355485,201.38887395939096,203.37127176920572,2706900.0,0.0,0.0
2024-08-16 00:00:00-04:00,203.14492806307388,204.56635435465182,201.30730597981938,203.09100977579752,1937166.6666666667,0.715,0.0
2024-08-19 00:00:00-04:00,203.46710397814195,205.25881457396974,202.4704874115926,204.57332865397134,2245100.0,0.0,0.0
2024-08-20 00:00:00-04:00,203.33506881424555,206.4603509281976,201.8376785363438,203.77168083190918,2471516.6666666665,0.0,0.0
2024-08-21 00:00:00-04:00,205.02215102142486,207.45544772101744,204.1513711368403,206.70586776733398,2561450.0,0.0,0.0
2024-08-22 00:00:00-04:00,205.07648265080152,206.1120050754554,201.8979274810794,202.66959126790366,2931050.0,0.0,0.0
2024-08-23 00:00:00-04:00,203.8287848406393,209.80187492186312,202.83819702171172,208.98747189839682,2838250.0,0.0,0.0
2024-08-26 00:00:00-04:00,209.7279284575894,211.12188111031716,207.3762893595996,208.10592333475748,1969166.6666666667,0.0,0.0
2024-08-27 00:00:00-04:00,207.22300274053626,208.59190409157665,205.69643918200947,207.26045862833658,1843366.6666666667,0.0,0.0
2024-08-28 00:00:00-04:00,207.2452170471331,208.85809630671977,205.71595265795688,207.47084999084473,1645450.0,0.0,0.0
2024-08-29 00:00:00-04:00,208.74479769540923,209.20237583706663,205.4595800121074,205.92763328552246,1658900.0,2.25,0.0
2024-08-30 00:00:00-04:00,207.42953962392588,209.22887779530004,204.81362368751715,208.4931837717692,2266683.3333333335,0.0,0.0
2024-09-03 00:00:00-04:00,207.6120359061521,209.33981105240937,203.86161011896453,204.9292984008789,2507566.6666666665,0.0,0.0
2024-09-04 00:00:00-04:00,204.13544215500474,205.99466942528534,201.93510985240104,204.76421610514322,2402016.6666666665,0.0,0.0
2024-09-05 00:00:00-04:00,205.04310744448742,206.0218092688656,201.29321920731806,203.0910390218099,2058133.3333333333,0.0,0.0
2024-09-06 00:00:00-04:00,203.6026108457592,206.1793224324274,201.94485206146922,203.2377611796061,1851950.0,0.0,0.0
2024-09-09 00:00:00-04:00,204.32291939488653,206.6877994354049,202.65805338707614,205.27752558390299,2133716.6666666665,0.0,0.0
2024-09-10 00:00:00-04:00,205.60743364606742,208.67666903622617,203.39924220400462,207.5570748647054,2279366.6666666665,0.0,0.0
2024-09-11 00:00:00-04:00,207.15808729005707,209.09734978801524,202.65846012754696,208.3733730316162,2217216.6666666665,0.0,0.0
2024-09-12 00:00:00-04:00,208.85484442821976,211.21486492509487,207.1751512316106,210.90365854899088,1986933.3333333333,0.0,0.0
2024-09-13 00:00:00-04:00,212.73494622807706,217.02716053548144,212.40969724107845,215.17136764526367,2684416.6666666665,0.0,0.0
2024-09-16 00:00:00-04:00,216.23241807994714,218.3790130547968,214.82629574274833,216.94899368286133,1963433.3333333333,0.0,0.0
2024-09-17 00:00:00-04:00,217.990104945991,220.51388219843253,216.61921053536085,217.9030564626058,1885550.0,0.0,0.0
2024-09-18 00:00:00-04:00,218.17045133183788,222.65492257523863,215.91258072225386,217.66327921549478,2523316.6666666665,0.0,0.0
2024-09-19 00:00:00-04:00,221.83428979154965,222.90691438088368,219.42889433401595,221.65790176391602,2759100.0,0.0,0.0
2024-09-20 00:00:00-04:00,220.1357948389243,221.93284347450103,218.55351611882756,220.61612447102866,3725383.3333333335,0.0,0.0
2024-09-23 00:00:00-04:00,221.38954365743953,223.2277401321918,219.0004028810658,222.6611811319987,1893900.0,0.0,0.0
2024-09-24 00:00:00-04:00,223.94242456220982,226.22340001918073,222.49599864674988,224.8471705118815,2348866.6666666665,0.0,0.0
2024-09-25 00:00:00-04:00,225.1608299502565,225.24705485517006,221.60643157814886,222.6153933207194,1964633.3333333333,0.0,0.0
2024-09-26 00:00:00-04:00,224.2031186402594,225.94463186517092,221.0779197572451,224.34501965840658,2257616.6666666665,0.0,0.0
2024-09-27 00:00:00-04:00,225.7439030881034,228.08384724647803,224.32702687071856,226.08806292215982,2025700.0,0.0,0.0
2024-09-30 00:00:00-04:00,226.0554829657004,228.4235143608953,224.4052760670019,227.66097132364908,2291966.6666666665,0.0,0.0
2024-10-01 00:00:00-04:00,227.23323533817015,229.57217892909838,223.62747501286307,226.78984769185385,2564483.3333333335,0.0,0.0
2024-10-02 00:00:00-04:00,225.52612852939788,227.63616466589443,224.4198807968904,226.74653689066568,2006233.3333333333,0.0,0.0
2024-10-03 00:00:00-04:00,225.74765334021006,227.07626232546409,223.428382041772,225.10474395751953,1690333.3333333333,0.0,0.0
2024-10-04 00:00:00-04:00,225.8190772694002,226.69228390851845,219.74937809447,223.3076171875,2423700.0,0.0,0.0
2024-10-07 00:00:00-04:00,221.06772351327183,223.62484098112336,219.1172410774268,222.5901985168457,2169816.6666666665,0.0,0.0
2024-10-08 00:00:00-04:00,223.48953714587321,227.27137556137504,222.51432217181593,225.8133347829183,2130916.6666666665,0.0,0.0
2024-10-09 00:00:00-04:00,228.03233251771914,228.81534875524076,223.82884472732755,226.48856163024902,2074433.3333333333,0.0,0.0
2024-10-10 00:00:00-04:00,223.4026601730196,225.42299534479648,221.51050872263014,223.53248087565103,2176733.3333333335,0.0,0.0
2024-10-11 00:00:00-04:00,223.4787593921375,225.9923987589726,222.87151142985476,225.0119171142578,1816333.3333333333,0.0,0.0
2024-10-14 00:00:00-04:00,224.74363422916414,228.55745432174282,223.92723667333277,227.8306624094645,1627983.3333333333,0.0,0.0
2024-10-15 00:00:00-04:00,228.80208424176953,232.6193635701926,227.43545466693558,228.8012555440267,2199433.3333333335,0.0,0.0
2024-10-16 00:00:00-04:00,228.74988294413924,231.42355861372053,228.16922512834583,230.41752497355142,1680016.6666666667,0.0,0.0
2024-10-17 00:00:00-04:00,230.40202286152385,231.10421599490448,226.30974703821505,226.98200225830078,1720100.0,0.0,0.0
2024-10-18 00:00:00-04:00,228.23062607202817,228.60324318676794,225.75715920944648,227.39969380696616,1818400.0,0.57,0.0
2024-10-21 00:00:00-04:00,227.01889386309472,228.09201126249715,221.23303780908634,222.00565020243326,3114050.0,0.0,0.0
2024-10-22 00:00:00-04:00,218.94370907638907,222.1727375051778,213.77589029977105,216.9254010518392,3857600.0,0.0,0.0
2024-10-23 00:00:00-04:00,215.9866799598096,218.93191817168255,214.20339430950958,216.0773048400879,2325800.0,1.15,0.0
2024-10-24 00:00:00-04:00,216.51539589244297,217.7654363969318,214.82090866031277,216.30194918314615,1847800.0,0.0,0.0
2024-10-25 00:00:00-04:00,216.62955725001302,217.46781023421485,213.1539733942432,213.7215207417806,1884383.3333333333,0.0,0.0
2024-10-28 00:00:00-04:00,216.24275729047758,217.7522911009056,213.94336571339056,214.7232983907064,2332366.6666666665,0.0,0.0
2024-10-29 00:00:00-04:00,210.8225117702226,213.81091463046732,208.85049669021944,211.83635965983072,2618883.3333333335,0.0,0.0
2024-10-30 00:00:00-04:00,211.6013276227301,214.13549923161827,209.9787887783808,211.27983856201172,2569466.6666666665,0.0,0.0
2024-10-31 00:00:00-04:00,211.2697782624164,214.1309317768256,210.06079089869286,211.70579783121744,2955633.3333333335,0.0,0.0
2024-11-01 00:00:00-04:00,212.87322819077542,215.02770134492388,210.0426450144228,210.75995127360025,4338883.333333333,0.0,0.0
2024-11-04 00:00:00-05:00,214.7531867433022,220.0042892529602,212.38365435423285,216.18992360432944,3839050.0,0.0,0.0
2024-11-05 00:00:00-05:00,215.25138632551702,218.93887161431405,214.59197597725014,218.4419708251953,2491900.0,0.0,0.0
2024-11-06 00:00:00-05:00,214.32922834680986,215.44860857087346,207.98866726031213,212.95096588134766,7010916.666666667,0.0,0.0
2024-11-07 00:00:00-05:00,214.19938052439548,218.84102121535068,213.31121000741098,216.68084589640299,5562350.0,0.0,0.0
2024-11-08 00:00:00-05:00,218.1217555227511,219.93493377968977,215.41443583698427,217.98092142740884,3044866.6666666665,0.0,0.0
2024-11-11 00:00:00-05:00,218.9922869610186,221.68860159865858,217.94608486824941,219.80250612894693,2584616.6666666665,0.0,0.0
2024-11-12 00:00:00-05:00,221.58951336215068,222.99802502564773,216.25834111568926,216.96189244588217,3456566.6666666665,0.0,0.0
2024-11-13 00:00:00-05:00,219.05919194209991,221.35889835174225,217.4354143068692,219.18476168314615,2400683.3333333335,0.0,0.0
2024-11-14 00:00:00-05:00,218.8559170278866,220.6536329652711,217.12716102105603,218.57521438598633,2808133.3333333335,0.0,0.0
2024-11-15 00:00:00-05:00,217.79151914865562,219.84034994956417,215.68837580033133,217.3561808268229,2393583.3333333335,0.715,0.0
2024-11-18 00:00:00-05:00,216.938236806577,220.68210508479933,214.96788831946824,218.3028647104899,2805800.0,0.0,0.0
2024-11-19 00:00:00-05:00,215.6053401436986,217.92714733922273,212.24219263172378,215.52010345458984,3334100.0,0.0,0.0
2024-11-20 00:00:00-05:00,221.4083987345555,224.7658736607035,218.03870348574642,221.8472525278727,4429500.0,0.0,0.0
2024-11-21 00:00:00-05:00,222.80309396195852,227.05236411720946,220.502817190731,226.02941195170084,2738883.3333333335,0.0,0.0
2024-11-22 00:00:00-05:00,227.7303751375531,230.58094382005547,225.51789717096656,229.28892771402994,2891983.3333333335,0.0,0.0
2024-11-25 00:00:00-05:00,232.59947475648653,238.80392748145798,231.90021103048153,237.17767016092935,4230233.333333333,0.0,0.0
2024-11-26 00:00:00-05:00,236.1604813922987,238.37181724533244,232.82408634669744,234.7170810699463,2436600.0,0.0,0.0
2024-11-27 00:00:00-05:00,235.22227071765903,236.55829580601633,233.08027787732354,233.61526425679526,2075700.0,2.25,0.0
2024-11-29 00:00:00-05:00,234.20169447703424,236.49657404499263,232.9846675011465,234.3051331837972,1470216.6666666667,0.0,0.0
2024-12-02 00:00:00-05:00,234.5332398929961,236.88809161673274,232.04621512205048,234.7353375752767,2245933.3333333335,0.0,0.0
2024-12-03 00:00:00-05:00,235.55061072249498,237.43189238528464,232.5511754093301,236.22278213500977,2149150.0,0.0,0.0
2024-12-04 00:00:00-05:00,235.21100185350113,237.2970404635029,233.50157890617876,235.56012789408365,2211050.0,0.0,0.0
2024-12-05 00:00:00-05:00,234.58783418259193,236.0899279675632,232.2499728876377,232.94679005940756,1766066.6666666667,0.0,0.0
2024-12-06 00:00:00-05:00,235.32428571954665,239.2356100487855,233.88437137741698,236.3597844441732,2609416.6666666665,0.0,0.0
2024-12-09 00:00:00-05:00,236.93129073543878,240.4413919888558,234.2492212509268,235.66926383972168,2743883.3333333335,0.0,0.0
2024-12-10 00:00:00-05:00,234.03263637143445,235.09622261006896,230.97300819942325,232.35954729715982,2292400.0,0.0,0.0
2024-12-11 00:00:00-05:00,234.19342619735264,235.9158901722005,231.62915625846836,232.7113037109375,2450733.3333333335,0.0,0.0
2024-12-12 00:00:00-05:00,232.3142315706078,233.29237354475094,228.3693918720426,229.70218213399252,2196983.3333333335,0.0,0.0
2024-12-13 00:00:00-05:00,231.01103341450127,232.5328487249974,228.15658869435143,229.8435961405436,2207183.3333333335,0.0,0.0
2024-12-16 00:00:00-05:00,229.86523342140526,231.37273464864617,227.1229244149814,227.54220263163248,2277516.6666666665,0.0,0.0
2024-12-17 00:00:00-05:00,226.71856050007568,229.3925196276235,225.14870236348182,227.21140162150064,2513533.3333333335,0.0,0.0
2024-12-18 00:00:00-05:00,226.48582904768065,228.44747793090343,216.97628515066955,217.2549508412679,3200466.6666666665,0.0,0.0
2024-12-19 00:00:00-05:00,217.17884826357513,218.0842453498203,211.44738434916326,211.8672103881836,3577100.0,0.0,0.0
2024-12-20 00:00:00-05:00,210.77006016194346,217.5700212260474,210.40374386644433,215.78347396850586,5519166.666666667,0.0,0.0
2024-12-23 00:00:00-05:00,214.94696540093005,216.7471540509008,212.99737971735306,216.077854792277,1697616.6666666667,0.0,0.0
2024-12-24 00:00:00-05:00,216.0298153266206,217.91826218653742,214.74110684438247,217.59870402018228,803183.3333333334,0.0,0.0
2024-12-26 00:00:00-05:00,215.64738427150112,217.7790315010117,215.20377134630948,216.8893839518229,1190166.6666666667,0.0,0.0
2024-12-27 00:00:00-05:00,215.80728641997783,217.45337136452358,214.33090415388065,215.37934494087236,1275216.6666666667,0.0,0.0
2024-12-30 00:00:00-05:00,214.2673244037084,215.78530496234706,211.46186859436727,214.02831331888834,1954383.3333333333,0.0,0.0
2024-12-31 00:00:00-05:00,214.27306522591616,215.49995662622075,212.5234039454381,213.86376571655273,1697683.3333333333,0.0,0.0
2025-01-02 00:00:00-05:00,215.23274735911477,216.59308765744228,211.19480472952333,213.00467236836752,2150300.0,0.0,0.0
2025-01-03 00:00:00-05:00,213.92189156375085,215.65592536263588,212.01482751504065,214.79694239298502,1807683.3333333333,0.0,0.0
2025-01-06 00:00:00-05:00,215.99225843477848,219.28921133846143,214.75972814297643,216.89463488260904,2561733.3333333335,0.0,0.0
2025-01-07 00:00:00-05:00,216.94847729598033,218.55503197366366,211.848880884968,213.32809829711914,1912216.6666666667,0.0,0.0
2025-01-08 00:00:00-05:00,212.80728013701412,214.70172502495757,210.54010252002877,214.31085205078125,2031116.6666666667,0.0,0.0
2025-01-10 00:00:00-05:00,212.56433862638906,216.00784623485688,210.88931222701714,213.68791961618817,2739083.3333333335,0.0,0.0
2025-01-13 00:00:00-05:00,213.01488681252806,216.40772655185697,211.20770116428443,214.61412938435873,2178516.6666666665,0.0,0.0
2025-01-14 00:00:00-05:00,215.80087650617622,218.07283730299366,213.4254920052849,215.8042984008789,2117416.6666666665,0.0,0.0
2025-01-15 00:00:00-05:00,222.84785926178802,224.4415381063225,219.40875963715914,220.9858830769857,2847616.6666666665,0.0,0.0
2025-01-16 00:00:00-05:00,220.94814249759295,224.07993649062942,219.45790585916612,223.16205279101075,2083283.3333333333,0.0,0.0
2025-01-17 00:00:00-05:00,225.72689665406088,228.58893196914275,223.13307948153957,224.9304714202881,2923366.6666666665,0.57,0.0
2025-01-21 00:00:00-05:00,227.78944224159397,231.9421485510867,227.26710628950931,230.37841733296713,3056216.6666666665,0.0,0.0
2025-01-22 00:00:00-05:00,230.3764208838168,231.0317946605412,226.69207441764516,227.49406051635742,2018283.3333333333,1.15,0.0
2025-01-23 00:00:00-05:00,227.46348975864927,229.89519779435105,226.24794506523688,229.468381245931,2048666.6666666667,0.0,0.0
2025-01-24 00:00:00-05:00,229.81905126689625,231.8526394604377,228.00350334111158,230.25504620869955,1996983.3333333333,0.0,0.0
2025-01-27 00:00:00-05:00,229.67576363860795,234.7892581673773,228.7098097441973,233.74158795674643,2102116.6666666665,0.0,0.0
2025-01-28 00:00:00-05:00,233.1648551629754,234.10289059424736,230.13372886548612,232.1998488108317,1754033.3333333333,0.0,0.0
2025-01-29 00:00:00-05:00,232.53021279009644,233.91635034186575,229.02985958268678,230.19437980651855,1818550.0,0.0,0.0
2025-01-30 00:00:00-05:00,231.53366627695473,234.55355738228116,228.73008268129206,232.21283213297525,2221933.3333333335,0.0,0.0
2025-01-31 00:00:00-05:00,231.55758491934884,232.85074549563646,227.04577642759978,228.0793170928955,2082683.3333333333,0.0,0.0
2025-02-03 00:00:00-05:00,223.4649061191003,227.14724008717505,219.92030424449013,224.76396814982095,2271166.6666666665,0.0,0.0
2025-02-04 00:00:00-05:00,224.71270915849564,227.46975101054036,223.24043623096088,226.64779917399088,1686933.3333333333,0.0,0.0
2025-02-05 00:00:00-05:00,228.4754853559391,230.22451515753173,225.47868509094965,229.40582338968912,1597616.6666666667,0.0,0.0
2025-02-06 00:00:00-05:00,230.75930536406165,232.0719396978102,228.28044025757103,229.5162041982015,1741800.0,0.0,0.0
2025-02-07 00:00:00-05:00,228.9084160994452,229.59881087213242,223.57595777847402,225.11494890848795,2203333.3333333335,0.0,0.0
2025-02-10 00:00:00-05:00,227.4380250268724,228.84652244048254,223.97221580723138,226.82665061950684,1841750.0,0.0,0.0
2025-02-11 00:00:00-05:00,226.7261776215762,228.62436462165365,225.1828814970286,226.8643658955892,1348883.3333333333,0.0,0.0
2025-02-12 00:00:00-05:00,221.6425458285112,223.87283973573787,218.6495181403678,222.8391138712565,2378883.3333333335,0.0,0.0
2025-02-13 00:00:00-05:00,224.36041372347236,226.87407499077605,222.75460116903022,226.23002815246582,2259900.0,0.0,0.0
2025-02-14 00:00:00-05:00,228.165276940863,231.3609740318052,225.132861190091,226.40022849967934,2231233.3333333335,0.0,0.0
2025-02-18 00:00:00-05:00,225.7443593523501,227.074761842106,222.4448159655063,225.22166951497397,2390166.6666666665,0.0,0.0
2025-02-19 00:00:00-05:00,221.71121654664208,223.30091301053324,218.81400675461643,221.40222676595053,3035300.0,0.0,0.0
2025-02-20 00:00:00-05:00,221.14515819125393,222.14151053984665,217.6162388912188,219.75995190938315,3626433.3333333335,0.0,0.0
2025-02-21 00:00:00-05:00,222.92595919116368,223.38171857365225,212.12361515748492,213.3673388158138,3923716.6666666665,0.0,0.0
2025-02-24 00:00:00-05:00,214.28851433760255,215.3415933525952,210.45755063381992,212.8082192738851,3607316.6666666665,0.0,0.0
2025-02-25 00:00:00-05:00,213.9997673576154,220.6544176107926,213.36124941450535,217.95722452799478,3692533.3333333335,0.0,0.0
2025-02-26 00:00:00-05:00,221.10451403525983,224.4751928592099,217.51701606945463,219.98688570658365,2810783.3333333335,0.0,0.0
2025-02-27 00:00:00-05:00,219.84300957810004,221.83773257897758,215.94869566530318,216.57927640279135,2534566.6666666665,0.0,0.0
2025-02-28 00:00:00-05:00,218.10402387173795,220.38758936813005,215.94309231066987,219.5908234914144,2807483.3333333335,0.0,0.0
2025-03-03 00:00:00-05:00,220.0339050573127,220.42956585426893,213.30650455447787,214.89312299092612,2632333.3333333335,0.79,0.0
2025-03-04 00:00:00-05:00,212.6703120131626,214.6927823616419,208.07233466381436,210.32352701822916,3722466.6666666665,0.0,0.0
2025-03-05 00:00:00-05:00,209.98456066015635,214.18400920770443,208.74451073526606,213.6728375752767,2687133.3333333335,0.0,0.0
2025-03-06 00:00:00-05:00,211.62742817638966,215.78813832348555,209.9434845145897,211.98046112060547,2821933.3333333335,0.0,0.0
2025-03-07 00:00:00-05:00,211.82800573325832,214.4315729766646,207.2689506208361,213.0757516225179,2946566.6666666665,0.0,0.0
2025-03-10 00:00:00-04:00,211.9240478703092,216.24192269525463,209.19144567840706,211.19331487019858,3135833.3333333335,0.0,0.0
2025-03-11 00:00:00-04:00,211.23975088728605,212.14234588905632,203.9030542971427,205.68806075981124,2945583.3333333335,0.0,0.0
2025-03-12 00:00:00-04:00,208.07729249167346,209.86589913590888,202.14781571089532,203.6681842803955,2559783.3333333335,0.0,0.0
2025-03-13 00:00:00-04:00,203.02341653943176,204.36248046198796,195.00216417904605,196.2629737854004,3490250.0,2.3,0.0
2025-03-14 00:00:00-04:00,198.3112379453786,199.48078484746216,195.379485964261,197.8556836439258,2711566.6666666665,0.0,0.0
2025-03-17 00:00:00-04:00,197.58420930429932,201.20008773950113,196.44874714204698,199.88793309529623,2626266.6666666665,0.0,0.0
2025-03-18 00:00:00-04:00,198.21029294765324,199.85554446201402,195.69325937783165,196.46397654215494,2604016.6666666665,0.0,0.0
2025-03-19 00:00:00-04:00,194.44664672529598,197.5052315057576,191.13329403470198,196.52486896514893,3443266.6666666665,0.0,0.0
2025-03-20 00:00:00-04:00,196.0631027275067,200.9531358418836,194.8555115802158,197.1047331492106,2951000.0,0.0,0.0
2025-03-21 00:00:00-04:00,194.73964582537792,197.4470798848338,191.35566530549178,196.4238109588623,9598066.666666666,0.0,0.0
2025-03-24 00:00:00-04:00,198.88399704984434,203.44490925905174,197.8943078092536,202.8537165323893,3347016.6666666665,0.0,0.0
2025-03-25 00:00:00-04:00,202.15410669185326,203.42075706195718,199.3948650749027,201.27562904409015,2655716.6666666665,0.0,0.0
2025-03-26 00:00:00-04:00,201.39999680716093,203.38958874154773,199.39493644703862,201.2954476669287,2345916.6666666665,0.0,0.0
2025-03-27 00:00:00-04:00,201.27503001194373,203.2571673537973,199.8538021848291,201.3392473856608,2443483.3333333335,0.0,0.0
2025-03-28 00:00:00-04:00,201.37183699841998,201.97793189224475,196.37886216769255,197.30915069648765,2993283.3333333335,0.0,0.0
2025-03-31 00:00:00-04:00,195.10174295632598,202.11667207148977,194.4892710299604,200.58653004964194,3387433.3333333335,0.0,0.0
2025-04-01 00:00:00-04:00,199.89446145965857,202.07943290850562,197.88376725298545,200.79673099517822,2375700.0,0.0,0.0
2025-04-02 00:00:00-04:00,198.8389220599059,205.01823997060947,198.43870344087918,204.06395848592123,2945533.3333333335,0.0,0.0
2025-04-03 00:00:00-04:00,192.2494897821891,194.11607192055246,187.22442232948322,189.67715390472168,8332866.666666667,0.0,0.0
2025-04-04 00:00:00-04:00,186.17788488547333,196.85888495377935,183.45078903796238,188.87972704569498,8133333.333333333,0.0,0.0
2025-04-07 00:00:00-04:00,184.54690560130766,193.31894576990842,179.45178651586914,185.3180195490519,5914716.666666667,0.0,0.0
2025-04-08 00:00:00-04:00,189.2996932638879,191.9942668284519,176.76003180432738,179.86785634358725,4918100.0,0.0,0.0
2025-04-09 00:00:00-04:00,177.6369161769519,195.87658040551352,175.3908434533254,194.24042193094888,6633916.666666667,0.0,0.0
2025-04-10 00:00:00-04:00,191.535261395854,192.69823866859426,182.74959877381943,189.65239461263022,4187266.6666666665,0.0,0.0
2025-04-11 00:00:00-04:00,187.21402751865335,191.57759481434263,183.45523411914405,190.99092801411948,3188433.3333333335,0.0,0.0
2025-04-14 00:00:00-04:00,193.319521778801,195.64081409534057,189.70737882771223,192.07291062672934,2790133.3333333335,0.0,0.0
2025-04-15 00:00:00-04:00,191.56658728885216,193.67507743834358,188.8817823739541,189.63812414805093,2400033.3333333335,0.0,0.0
2025-04-16 00:00:00-04:00,188.1408508864168,189.66186809681014,183.5651157884807,184.77071634928384,2439900.0,0.0,0.0
2025-04-17 00:00:00-04:00,187.05291767343556,189.8570559977276,185.058913020667,188.18692525227866,2683416.6666666665,0.66,0.0
2025-04-21 00:00:00-04:00,186.91739090350498,187.4207094826002,180.5341481152228,183.0967473978654,2664750.0,0.0,0.0
2025-04-22 00:00:00-04:00,185.2093246886701,189.51434058415512,184.75678861428605,188.11207803090414,2696783.3333333335,0.0,0.0
2025-04-23 00:00:00-04:00,193.04840158322313,196.72864331201217,188.65538272178446,189.3253320058187,3324300.0,1.15,0.0
2025-04-24 00:00:00-04:00,189.62401883488494,193.3459915088448,188.1403233239149,192.72862815856934,2162300.0,0.0,0.0
2025-04-25 00:00:00-04:00,192.38490827032274,193.0382653529473,189.72226828998757,191.6194585164388,2110116.6666666665,0.0,0.0
2025-04-28 00:00:00-04:00,192.22269898665138,194.2354566578359,190.0848630011766,192.13619677225748,2939716.6666666665,0.0,0.0
2025-04-29 00:00:00-04:00,193.40516076471422,196.9036482320454,192.10897100094598,195.63056564331055,2845050.0,0.0,0.0
2025-04-30 00:00:00-04:00,193.82655388322613,197.26229241622016,191.75769591040591,196.54483222961426,4096366.6666666665,0.0,0.0
2025-05-01 00:00:00-04:00,197.75552267371157,199.51351877815958,195.67508825157708,196.63796043395996,3624266.6666666665,0.0,0.0
2025-05-02 00:00:00-04:00,198.9776681527593,202.5778478587564,198.07596945987754,200.93736457824707,3942650.0,0.0,0.0
2025-05-05 00:00:00-04:00,199.5306078949546,201.78719309344763,198.16205928803848,199.35759766896567,2809016.6666666665,0.0,0.0
2025-05-06 00:00:00-04:00,197.19507237846835,199.08464100493765,195.70692540810663,196.47673511505127,2462300.0,0.0,0.0
2025-05-07 00:00:00-04:00,196.98963197790295,198.81638023685943,195.8327720175481,197.58238919644694,2442966.6666666665,0.0,0.0
2025-05-08 00:00:00-04:00,198.86999867985665,201.90097817834922,197.19410383690743,199.7807585398356,3058383.3333333335,0.0,0.0
2025-05-09 00:00:00-04:00,199.08163548800837,200.51141409468585,197.6495681182298,198.57222239107747,2347066.6666666665,0.0,0.0
2025-05-12 00:00:00-04:00,207.36658150954278,211.30512413785672,206.17205532214766,208.20856030782065,4939666.666666667,0.0,0.0
2025-05-13 00:00:00-04:00,210.16088184326077,210.42298196813718,206.0941176234916,206.8359203338623,3149733.3333333335,0.0,0.0
2025-05-14 00:00:00-04:00,206.08927912652038,207.84851289982512,204.09401010316387,204.76059595743814,2668516.6666666665,0.0,0.0
2025-05-15 00:00:00-04:00,203.960329006675,208.65546431450218,203.4947444301548,207.81381352811198,2441266.6666666665,0.0,0.0
2025-05-16 00:00:00-04:00,208.3644641241638,209.94359265449543,207.13274133109363,209.62206649780273,2344933.3333333335,0.79,0.0
2025-05-19 00:00:00-04:00,205.8473647472782,209.89413602191158,205.33403178213612,209.0261656443278,2827500.0,0.0,0.0
2025-05-20 00:00:00-04:00,210.74381841586015,212.15046958597398,206.07513297400965,207.27452341715494,3106700.0,0.0,0.0
2025-05-21 00:00:00-04:00,206.28449189562414,207.03047885476437,201.67247751969285,202.91962687174478,2834633.3333333335,0.0,0.0
2025-05-22 00:00:00-04:00,200.02530459103923,202.08018264210298,196.94045270704552,200.06158955891928,3269483.3333333335,0.0,0.0
2025-05-23 00:00:00-04:00,197.65455173584573,200.06931805784973,196.70096598626893,198.43487866719565,2265833.3333333335,0.0,0.0
2025-05-27 00:00:00-04:00,200.98629167885488,204.24158333704972,199.3733378447272,203.85429890881835,3222683.3333333335,0.0,0.0
2025-05-28 00:00:00-04:00,203.34271408342752,204.6455118104847,201.51992996019007,202.07366943359375,2497766.6666666665,0.0,0.0
2025-05-29 00:00:00-04:00,203.58493591135337,204.20222766127142,200.337861870618,202.64788309733072,2504616.6666666665,0.0,0.0
2025-05-30 00:00:00-04:00,201.83143510935187,203.61157293767243,200.02857975954745,202.37346585591635,3187016.6666666665,0.0,0.0
2025-06-02 00:00:00-04:00,200.74404302905245,201.8536056322085,197.32093605662172,200.93035507202148,2971716.6666666665,0.0,0.0
2025-06-03 00:00:00-04:00,201.42971117429542,204.36493328360294,199.88677353578612,203.97269757588705,2379766.6666666665,0.0,0.0
2025-06-04 00:00:00-04:00,204.05458886789222,206.28729650233586,202.84359932730135,204.53516006469727,2498183.3333333335,0.0,0.0
2025-06-05 00:00:00-04:00,204.83354249176637,205.77974968569876,201.96031021181395,203.18715159098306,2296883.3333333335,2.3,0.0
2025-06-06 00:00:00-04:00,204.66962270175597,205.54561770146452,201.57922187223753,202.27397918701172,2065383.3333333333,0.0,0.0
2025-06-09 00:00:00-04:00,203.0800616661636,204.11701843454304,201.0414506899327,202.41379038492838,2508933.3333333335,0.0,0.0
2025-06-10 00:00:00-04:00,203.63038265139485,204.67515697331302,201.33198288194748,204.09578895619953,2129933.3333333335,0.0,0.0
2025-06-11 00:00:00-04:00,205.34466130761825,206.29064228743576,200.4911295363447,201.15582275390625,2534616.6666666665,0.0,0.0
2025-06-12 00:00:00-04:00,201.01647685575813,202.8922495232233,199.21172089784093,201.8244997660319,2172033.3333333335,0.0,0.0
2025-06-13 00:00:00-04:00,199.58579229890628,202.17741696603466,194.08302941945263,195.15670522054037,2753750.0,0.0,0.0
2025-06-16 00:00:00-04:00,196.5632167548999,197.94922998756087,194.23371401871677,196.01788711496746,2566500.0,0.0,0.0
2025-06-17 00:00:00-04:00,194.8254444739392,196.72989016720547,192.23920779275568,193.24825795491537,2451983.3333333335,0.0,0.0
2025-06-18 00:00:00-04:00,193.87439937087063,196.01856742027817,192.1139919997391,193.7096150716146,2486150.0,0.0,0.0
2025-06-20 00:00:00-04:00,194.82718304075945,196.63379780074135,193.02565111100742,194.89269892374674,4488816.666666667,0.0,0.0
2025-06-23 00:00:00-04:00,194.3684313748529,198.92361853114372,192.6051892072013,198.496151605555,2479866.6666666665,0.0,0.0
2025-06-24 00:00:00-04:00,199.52702120966782,201.37580308600948,197.26116782928258,200.09770520528158,2400866.6666666665,0.0,0.0
2025-06-25 00:00:00-04:00,199.7968688589424,201.33649518756394,197.9505636038925,200.0678253173828,2338150.0,0.0,0.0
2025-06-26 00:00:00-04:00,200.73919514517593,202.0915081130629,198.6176341830651,200.68925412495932,2161766.6666666665,0.0,0.0
2025-06-27 00:00:00-04:00,201.14658216471867,204.5891288019383,200.53375775564834,202.9760258992513,3347483.3333333335,0.0,0.0
2025-06-30 00:00:00-04:00,203.28835047561347,204.27912864531595,200.3418288290068,201.90610376993814,2687116.6666666665,0.0,0.0
2025-07-01 00:00:00-04:00,200.8672042747237,211.55669181783318,200.16815237884683,208.0657876332601,3657416.6666666665,0.0,0.0
2025-07-02 00:00:00-04:00,208.4600293021396,210.4710138650469,206.45372342015537,208.7493158976237,3160716.6666666665,0.0,0.0
2025-07-03 00:00:00-04:00,208.77281557647044,210.23901102361188,207.0777777604861,209.1385269165039,1753783.3333333333,0.0,0.0
2025-07-07 00:00:00-04:00,208.40994553542373,209.0145953822395,203.76422299250112,205.46410369873047,2814816.6666666665,0.0,0.0
2025-07-08 00:00:00-04:00,205.05089946434524,207.22073303143597,203.2792105604356,205.40947278340658,2642866.6666666665,0.0,0.0
2025-07-09 00:00:00-04:00,206.219397160069,208.84563608808048,204.54362548448418,208.46404266357422,2321833.3333333335,0.0,0.0
2025-07-10 00:00:00-04:00,208.0431099394525,212.905575892916,207.73786187660565,210.39874394683594,2692700.0,0.0,0.0
2025-07-11 00:00:00-04:00,207.98410605695585,209.12754294317287,206.37441198546148,207.37009620666504,1983833.3333333333,0.0,0.0
2025-07-14 00:00:00-04:00,206.75922992702007,207.84208139094588,204.24503834550103,205.76625569712564,2113866.6666666665,0.0,0.0
2025-07-15 00:00:00-04:00,206.3288028604687,206.93696931795589,199.4315884337901,199.6116008758545,2620083.3333333335,0.0,0.0
2025-07-16 00:00:00-04:00,200.26148122606403,201.40830025558216,197.03180965665615,200.34384854634604,2826650.0,0.0,0.0
2025-07-17 00:00:00-04:00,200.3537174727572,203.17000067997068,199.32612109426307,202.2499682108561,2468350.0,0.0,0.0
2025-07-18 00:00:00-04:00,203.0245639018699,203.29999659899025,200.51857470552338,202.3184388478597,2184666.6666666665,0.66,0.0
2025-07-21 00:00:00-04:00,203.64800511737812,205.9309144818494,201.87325261328365,203.5686149597168,2553050.0,0.0,0.0
2025-07-22 00:00:00-04:00,202.88732183002745,208.6440532987774,201.70991901173034,207.8657328292871,2996166.6666666665,0.0,0.0
2025-07-23 00:00:00-04:00,209.9584869088491,212.4477130598266,208.84409040593377,211.08431243896484,2737450.0,1.2,0.0
2025-07-24 00:00:00-04:00,209.99921737044488,212.4231067356216,207.95280445470848,208.63942082722983,2295350.0,0.0,0.0
2025-07-25 00:00:00-04:00,209.85372740505366,210.66911446958898,208.22713280294613,209.9751078294629,1983750.0,0.0,0.0
2025-07-28 00:00:00-04:00,209.6153085116914,213.7990428970277,208.24662087638924,211.69540278185548,2922750.0,0.0,0.0
2025-07-29 00:00:00-04:00,211.83984779714288,212.81334372082446,209.12692179694295,211.27073669433594,2398216.6666666665,0.0,0.0
2025-07-30 00:00:00-04:00,211.5197474784129,213.04581097501068,207.66408968287007,209.43695195515951,2648966.6666666665,0.0,0.0
2025-07-31 00:00:00-04:00,208.0827518577499,210.39167638238214,206.26373426119417,207.00847625732422,2679200.0,0.0,0.0
2025-08-01 00:00:00-04:00,206.36193869159084,211.96850641248224,203.9834660335289,210.87834930419922,3746633.3333333335,0.0,0.0
2025-08-04 00:00:00-04:00,213.11892155925923,218.6557812761137,211.89678260794258,218.04321924845377,4122583.3333333335,0.0,0.0
2025-08-05 00:00:00-04:00,218.86518546441445,221.89626585227896,217.4493353340517,220.8648821512858,2926783.3333333335,0.0,0.0
2025-08-06 00:00:00-04:00,220.7778727345451,222.8151299115314,218.6718296511447,220.531842550153,2463733.3333333335,0.0,0.0
2025-08-07 00:00:00-04:00,222.88648968074816,223.9551604731712,217.7569734850506,219.57289377848306,2349150.0,0.0,0.0
2025-08-08 00:00:00-04:00,220.1819568305613,221.7138264659917,218.51774606439668,220.45402526786782,2074083.3333333333,0.0,0.0
2025-08-11 00:00:00-04:00,221.06923843486138,222.73815959051808,217.80700970651276,220.3642323811849,2300166.6666666665,0.0,0.0
2025-08-12 00:00:00-04:00,222.56667721485618,226.56982671660083,221.41979832428117,225.69741439819336,2733850.0,0.0,0.0
2025-08-13 00:00:00-04:00,227.28070142299475,233.7828575030684,226.5468073593245,232.80053202311197,4255716.666666667,0.0,0.0
2025-08-14 00:00:00-04:00,229.37886735629186,231.47320243005814,227.36880021889075,229.27045567830405,3036900.0,0.0,0.0
2025-08-15 00:00:00-04:00,230.22500730506627,230.9931646068253,226.82813962253866,228.64480845133463,2414016.6666666665,0.79,0.0
2025-08-18 00:00:00-04:00,227.95534327277278,228.82589396324826,225.27720410361576,226.2065887451172,2474583.3333333335,0.0,0.0
2025-08-19 00:00:00-04:00,228.24699951903946,234.15676575657963,227.84489707271896,231.4149932861328,3721883.3333333335,0.0,0.0
2025-08-20 00:00:00-04:00,233.2185644066109,234.75121105118663,228.60080150946237,229.6321678161621,3970033.3333333335,0.0,0.0
2025-08-21 00:00:00-04:00,227.85272315011164,229.85276335790184,225.28732462828813,227.05447642008463,2619150.0,0.0,0.0
2025-08-22 00:00:00-04:00,228.46851959358347,237.33871788817785,226.67292081159027,234.84623336740887,3994150.0,0.0,0.0
2025-08-25 00:00:00-04:00,231.2461958798309,233.04814867599455,228.14976043504893,229.90494918823242,3054866.6666666665,0.0,0.0
2025-08-26 00:00:00-04:00,229.924691131253,230.98757118019736,227.47791882041338,229.40375900268555,3167833.3333333335,0.0,0.0
2025-08-27 00:00:00-04:00,230.76515147944806,232.5482698941771,228.02080573019518,229.00617599487305,2203150.0,0.0,0.0
2025-08-28 00:00:00-04:00,229.37441017247093,230.2206021893589,226.26712604865398,228.15455627510093,2249200.0,0.0,0.0
2025-08-29 00:00:00-04:00,228.03113586884146,228.94928449617768,226.20733662080428,227.66009648640951,1862750.0,0.0,0.0
2025-09-02 00:00:00-04:00,225.49632182840915,228.5560015296771,224.2569658238483,227.53269704182944,2387533.3333333335,0.0,0.0
2025-09-03 00:00:00-04:00,226.7524249594601,229.72779466178494,226.1328106049045,228.65252685546875,2325450.0,0.0,0.0
2025-09-04 00:00:00-04:00,230.04760708731942,234.60568383172543,228.9229106681199,233.86339314778647,2647633.3333333335,2.3,0.0
2025-09-05 00:00:00-04:00,236.51766164793375,240.8923112726319,234.51786931082754,238.90350087483725,4273583.333333333,0.0,0.0
2025-09-08 00:00:00-04:00,238.67844266494208,240.8633053690206,237.1353273272338,239.79233042399088,3172050.0,0.0,0.0
2025-09-09 00:00:00-04:00,238.3716181068306,238.8679364933727,233.77220006002338,235.66954294840494,2426516.6666666665,0.0,0.0
2025-09-10 00:00:00-04:00,235.056883170433,236.68726075174138,232.4640006780637,234.16049194335938,1823733.3333333333,0.0,0.0
2025-09-11 00:00:00-04:00,235.66939590109897,241.34284455900274,234.8737743075511,240.1885019938151,2735083.3333333335,0.0,0.0
2025-09-12 00:00:00-04:00,237.93785302851515,240.01888132786362,235.41811883527726,236.74245071411133,2614833.3333333335,0.0,0.0
2025-09-15 00:00:00-04:00,236.92309743673115,238.49726676101815,234.26678125799242,237.25029881795248,2387600.0,0.0,0.0
2025-09-16 00:00:00-04:00,237.53232204393677,238.04103943413656,233.64902824957963,235.14115397135416,2159666.6666666665,0.0,0.0
2025-09-17 00:00:00-04:00,236.6127656788196,240.05089975813158,232.1248423033014,233.0004793802897,2647766.6666666665,0.0,0.0
2025-09-18 00:00:00-04:00,233.1795160221324,235.77361494671177,232.04067117136174,233.7341334025065,2197400.0,0.0,0.0
2025-09-19 00:00:00-04:00,234.26180364691376,234.75174099073055,231.02019275519956,231.8906618754069,3924983.3333333335,0.0,0.0
2025-09-22 00:00:00-04:00,231.02219959850402,231.89587876123935,228.22937121085542,229.09735488891602,2215066.6666666665,0.0,0.0
2025-09-23 00:00:00-04:00,229.3184834264846,231.4430217132174,226.92315568435615,228.8960685735091,2355700.0,0.0,0.0
2025-09-24 00:00:00-04:00,227.17931346400349,229.759894031929,226.1111912626101,227.61504109751627,2289366.6666666665,0.0,0.0
2025-09-25 00:00:00-04:00,225.60057179736108,228.42657582979567,224.23323095110473,226.4956512451172,2169550.0,0.0,0.0
2025-09-26 00:00:00-04:00,225.9404416930464,228.71034859600886,224.78514766010696,227.7760442097982,1775950.0,0.0,0.0
2025-09-29 00:00:00-04:00,227.1806741847873,228.17429521609213,222.7717351711655,225.39547220865884,2685350.0,0.0,0.0
2025-09-30 00:00:00-04:00,225.47981631898975,227.32416023698045,223.2402835390917,225.69684855143228,2463566.6666666665,0.0,0.0
2025-10-01 00:00:00-04:00,225.44777075090215,226.3366365570263,221.02354676957168,222.37289810180664,2677783.3333333335,0.0,0.0
2025-10-02 00:00:00-04:00,221.5286613370015,223.64695140016224,220.31512805351952,222.57577260335287,1924033.3333333333,0.0,0.0
2025-10-03 00:00:00-04:00,222.48671778561308,226.0820361877537,221.59291933567314,223.7758814493815,1909550.0,0.0,0.0
2025-10-06 00:00:00-04:00,223.5391205329073,223.78510207552998,217.76310373352206,218.85170364379883,2549566.6666666665,0.0,0.0
2025-10-07 00:00:00-04:00,218.82112382500077,219.07995540057559,215.3608790885518,216.58167012532553,2341766.6666666665,0.0,0.0
2025-10-08 00:00:00-04:00,216.5968588838075,217.35684948913692,214.68629426099338,216.04432423909506,2128383.3333333335,0.0,0.0
2025-10-09 00:00:00-04:00,215.68546270372678,216.16473897931087,211.6959786845623,212.7057749437207,2356916.6666666665,0.0,0.0
2025-10-10 00:00:00-04:00,214.16747683424362,214.8389842124551,208.8316269007346,209.46219126383463,2844850.0,0.0,0.0
2025-10-13 00:00:00-04:00,210.63397655419297,213.86041457254882,209.611765991638,212.4888916015625,2503866.6666666665,0.0,0.0
2025-10-14 00:00:00-04:00,211.14880900274704,217.29747900769416,209.98718556861016,216.33231735160805,2885283.3333333335,0.0,0.0
2025-10-15 00:00:00-04:00,217.20339532209255,220.04540099090983,215.4417767320555,216.3314018242643,2354550.0,0.0,0.0
2025-10-16 00:00:00-04:00,217.56130176452007,217.93959589431026,213.9838907315792,216.12159983317056,1916316.6666666667,0.0,0.0
2025-10-17 00:00:00-04:00,216.53834652523156,218.41515644839384,214.67331520136486,216.69366200764975,1910933.3333333333,0.66,0.0
2025-10-20 00:00:00-04:00,217.1627623674774,219.0177472569395,215.3934648016417,216.88147099812826,2038183.3333333333,0.0,0.0
2025-10-21 00:00:00-04:00,216.1490773735063,220.57442859002126,214.81992756726035,218.78962198893228,2003983.3333333333,0.0,0.0
2025-10-22 00:00:00-04:00,218.65587614392814,219.73614603717763,215.9103590135277,217.01374689737955,2190933.3333333335,1.2,0.0
2025-10-23 00:00:00-04:00,216.30048962257104,217.98384446840853,213.63760397574103,216.3434969584147,1991400.0,0.0,0.0
2025-10-24 00:00:00-04:00,218.72685349816962,220.1158795872981,216.55378505553804,217.1844927475,2096466.6666666667,0.0,0.0
2025-10-27 00:00:00-04:00,218.58433316918456,220.4618666527189,216.75348613023445,218.6591835015104,2762450.0,0.0,0.0
2025-10-28 00:00:00-04:00,224.3226791500629,230.8835307699529,221.46646960275461,226.23101552327475,5134700.0,0.0,0.0
2025-10-29 00:00:00-04:00,224.52037079034963,226.9054875259445,219.7407563399676,220.9223264058431,3089000.0,0.0,0.0
2025-10-30 00:00:00-04:00,221.02974873870463,225.638748777654,218.63183743972328,221.3357391357422,2492300.0,0.0,0.0
2025-10-31 00:00:00-04:00,220.7629991108382,222.64947772100774,217.91890154206726,219.67849922180176,2694833.3333333335,0.0,0.0
2025-11-03 00:00:00-05:00,218.0878390573738,219.53560041502485,214.93189433133026,218.38231658935547,2837200.0,0.0,0.0
2025-11-04 00:00:00-05:00,216.9069895446813,220.8107013709225,214.99576385399078,218.9959805806478,2871500.0,0.0,0.0
2025-11-05 00:00:00-05:00,218.6746581063219,221.25751593962153,213.32121311748494,216.72695350646973,3013150.0,0.0,0.0
2025-11-06 00:00:00-05:00,215.89233401637944,217.1501324833339,212.0912876199084,213.12049865722656,2602083.3333333335,0.0,0.0
2025-11-07 00:00:00-05:00,213.038232692589,218.3255640565501,212.3793478322361,217.11343828811525,2745466.6666666665,0.0,0.0
2025-11-10 00:00:00-05:00,216.7548384114468,219.70726061281962,213.19350419173114,217.9845403035482,2755916.6666666665,0.0,0.0
2025-11-11 00:00:00-05:00,218.50532135391074,220.48293724363563,216.8724556169069,218.769411722819,1852950.0,0.0,0.0
2025-11-12 00:00:00-05:00,219.3723857536294,221.1813161101101,217.57977867184232,218.74482345581055,2480933.3333333335,0.0,0.0
2025-11-13 00:00:00-05:00,218.17914689775515,220.38396503710365,214.00786266769845,214.632293065389,2459833.3333333335,0.0,0.0
2025-11-14 00:00:00-05:00,212.7733001001186,214.39352370855372,209.42064931071573,210.4449863433838,2406316.6666666665,0.79,0.0
2025-11-17 00:00:00-05:00,209.49407480947067,211.5592452852009,206.36149730292263,207.26723353068033,3205200.0,0.0,0.0
2025-11-18 00:00:00-05:00,201.57289900352575,205.77431166928906,199.1298194333615,201.79632504781088,4665466.666666667,0.0,0.0
2025-11-19 00:00:00-05:00,204.98579599209575,208.17390011268503,199.60036525170833,203.1050707499186,4308966.666666667,0.0,0.0
2025-11-20 00:00:00-05:00,204.50750801571834,206.97903883054414,201.29653576497557,202.1117432914746,3504683.3333333335,0.0,0.0
2025-11-21 00:00:00-05:00,203.56150007135662,212.1884305787638,202.9196380054722,209.0578416188558,4157083.3333333335,0.0,0.0
2025-11-24 00:00:00-05:00,209.15244939629497,210.2403476246569,205.4967368727658,206.5347112019857,3355000.0,0.0,0.0
2025-11-25 00:00:00-05:00,207.79971965970446,214.89207682111348,207.25250778662163,213.56750742525716,2864350.0,0.0,0.0
2025-11-26 00:00:00-05:00,213.03048806224248,217.60811468406428,212.40930012027036,215.8343709309896,2198450.0,0.0,0.0
2025-11-28 00:00:00-05:00,215.29871754566543,216.8619779641268,214.0902291241383,215.59608523050943,1085366.6666666667,0.0,0.0
2025-12-01 00:00:00-05:00,213.5324303154824,219.64934749941256,212.77764842951362,216.39812342325845,3024616.6666666665,0.0,0.0
2025-12-02 00:00:00-05:00,216.81195722263,217.63173315568952,211.3035664107699,212.44468053181967,2910650.0,0.0,0.0
2025-12-03 00:00:00-05:00,212.2136812679809,215.4158797531787,210.8607618430241,213.32757314046225,2981633.3333333335,0.0,0.0
2025-12-04 00:00:00-05:00,213.4795705596754,214.75935361120733,210.11898781277958,211.19569778442383,2748300.0,2.3,0.0
2025-12-05 00:00:00-05:00,211.20543762415855,213.77957050038958,210.03765223729462,212.09422747294107,2744200.0,0.0,0.0
2025-12-08 00:00:00-05:00,211.40177060761323,212.60480394409024,208.17573766237447,209.2185764312744,3179750.0,0.0,0.0
2025-12-09 00:00:00-05:00,208.04316608531101,211.70567654333294,205.9948404314844,207.2463035583496,2590650.0,0.0,0.0
2025-12-10 00:00:00-05:00,207.28101472486696,212.37170426606318,206.35069719373087,210.7135353088379,3383583.3333333335,0.0,0.0
2025-12-11 00:00:00-05:00,212.8714371350525,217.11726633302274,211.58194615419453,214.14099184672037,3255150.0,0.0,0.0
2025-12-12 00:00:00-05:00,214.8865007878868,216.43586439864373,211.20078550183007,213.3324654897054,2216700.0,0.0,0.0
2025-12-15 00:00:00-05:00,214.04653015774602,216.2642243038681,211.31457736422942,213.12582397460938,2834650.0,0.0,0.0
2025-12-16 00:00:00-05:00,213.52421944213904,215.02662717292085,210.59696910824098,212.0608336130778,2389233.3333333335,0.0,0.0
2025-12-17 00:00:00-05:00,211.39387314123266,214.64973113108587,210.2493819739578,213.27463722229004,2519516.6666666665,0.0,0.0
2025-12-18 00:00:00-05:00,216.71074076954991,220.32592233748687,212.23166162350446,212.55622673034668,2860883.3333333335,0.0,0.0
2025-12-19 00:00:00-05:00,212.43675029442193,214.06352316605023,208.2911750824694,209.9091822306315,5664950.0,0.0,0.0
2025-12-22 00:00:00-05:00,210.092457129669,212.37394503822452,208.77623537666497,211.49119440714517,1878300.0,0.0,0.0
2025-12-23 00:00:00-05:00,210.6899808806293,211.7356179592828,207.85384695276375,210.32935651143393,1906650.0,0.0,0.0
2025-12-24 00:00:00-05:00,209.65169428052047,211.88777329179388,209.29366430322435,211.23301442464194,777800.0,0.0,0.0
2025-12-26 00:00:00-05:00,210.98028382911323,212.47850778737583,209.8658682616506,211.91569964090982,1179300.0,0.0,0.0
2025-12-29 00:00:00-05:00,211.50440288890647,212.38914939354387,209.46340099189732,210.9936205546061,1787216.6666666667,0.0,0.0
2025-12-30 00:00:00-05:00,210.03139961284288,211.17888419428934,207.72042720833102,209.63543828328451,1399433.3333333333,0.0,0.0
2025-12-31 00:00:00-05:00,209.37627398470076,210.17166019629948,207.7168839995512,207.9234186808268,1347833.3333333333,0.0,0.0
2026-01-02 00:00:00-05:00,209.41685275613563,214.25677890816758,207.88281408827132,212.70596567789713,2565416.6666666665,0.0,0.0
2026-01-05 00:00:00-05:00,211.3991511573953,215.95016152173216,209.22936848136692,213.39217631022134,2709666.6666666665,0.0,0.0
2026-01-06 00:00:00-05:00,211.7387276072867,218.8347169565794,210.11367722357616,217.756472269694,2519000.0,0.0,0.0
2026-01-07 00:00:00-05:00,220.44550120046168,223.47906259252304,215.03553666793246,215.40370178222656,2506516.6666666665,0.0,0.0
2026-01-08 00:00:00-05:00,213.1578727162901,224.67928696429317,211.93604877788584,222.2771313985189,2913866.6666666665,0.0,0.0
2026-01-09 00:00:00-05:00,224.85986563130385,231.40930312364367,221.84889120514137,230.16996256510416,3829583.3333333335,0.0,0.0
2026-01-12 00:00:00-05:00,229.30651828357597,233.8811159556743,226.5189516234723,232.9834416707357,3244933.3333333335,0.0,0.0
2026-01-13 00:00:00-05:00,233.45471650145797,236.74328571895776,231.4319000172678,235.31330998807292,2496366.6666666665,0.0,0.0
2026-01-14 00:00:00-05:00,233.37970900144987,236.54485221364146,231.31535734672477,233.33188120524088,2905300.0,0.0,0.0
2026-01-15 00:00:00-05:00,233.86704159523654,237.02886924468712,232.50824310101189,235.69525527902996,2402816.6666666665,0.0,0.0
2026-01-16 00:00:00-05:00,235.99909945803725,237.7858523553573,233.56577976867138,236.14651234944662,2214133.3333333335,0.66,0.0
2026-01-20 00:00:00-05:00,231.80716592144563,234.6665644573753,228.02762882997436,229.24332682291666,3137916.6666666665,0.0,0.0
2026-01-21 00:00:00-05:00,230.34333038330078,237.9388338724772,229.1483370469922,236.5066655476888,2974716.6666666665,1.2,0.0
2026-01-22 00:00:00-05:00,237.72166951497397,240.95833206176758,233.25000381469727,233.77500279744467,2539266.6666666665,0.0,0.0
2026-01-23 00:00:00-05:00,232.65500005086264,234.144167582194,230.09833399454752,233.0899976094564,1963433.3333333333,0.0,0.0
2026-01-26 00:00:00-05:00,233.69166564941406,234.7966651916504,230.5733324686686,233.09333038330078,2134833.3333333335,0.0,0.0
2026-01-27 00:00:00-05:00,233.30000432332358,234.44000371297201,230.04666392008463,231.93666203816733,2007283.3333333333,0.0,0.0
2026-01-28 00:00:00-05:00,232.05500030517578,233.31166712443033,227.6716651916504,229.67500178019205,2280116.6666666665,0.0,0.0
2026-01-29 00:00:00-05:00,229.8316650390625,232.40333684285483,225.6691640218099,229.081667582194,2774183.3333333335,0.0,0.0
2026-01-30 00:00:00-05:00,228.20833460489908,230.92916488578774,225.06833140124024,228.39833323160806,2585883.3333333335,0.0,0.0
2026-02-02 00:00:00-05:00,228.71666844634765,233.28166707356772,225.68333307902017,231.32166290283203,2838683.3333333335,0.0,0.0
2026-02-03 00:00:00-05:00,230.85333506266275,240.65000025431314,230.04499689737955,233.83833694406903,2993316.6666666665,0.0,0.0
2026-02-04 00:00:00-05:00,236.04666773427084,239.6091677347819,231.19500223795572,234.79833729993166,3939300.0,0.0,0.0
2026-02-05 00:00:00-05:00,234.09333292643228,234.80166371663412,228.8749974568685,230.97167078722657,2777750.0,0.0,0.0
2026-02-06 00:00:00-05:00,232.01999791463217,236.19499969482422,230.6258341471354,234.6933339436849,2626750.0,0.0,0.0
2026-02-09 00:00:00-05:00,233.83749516805014,235.52499771118164,230.83917363484701,232.82500457694985,2503550.0,0.0,0.0
2026-02-10 00:00:00-05:00,234.2249972032422,238.1383310953776,232.02833557128906,236.08000055948892,2314266.6666666665,0.0,0.0
2026-02-11 00:00:00-05:00,234.70833587646484,238.12216695081054,232.12499491373697,235.81166712443033,2578900.0,0.0,0.0
2026-02-12 00:00:00-05:00,237.6850013726042,241.01416524251303,232.67666625976562,234.49666595458984,3260316.6666666665,0.0,0.0
2026-02-13 00:00:00-05:00,235.68000666300455,238.67416381835938,231.9499994913737,235.7483367919922,2373700.0,0.0,0.0
2026-02-17 00:00:00-05:00,236.2466697692871,238.29833094227865,229.60166676839194,233.07333755493164,2266533.3333333335,0.0,0.0
2026-02-18 00:00:00-05:00,232.96666844685873,236.39499791463217,231.19000116984049,234.46666844685873,2698016.6666666665,0.0,0.0
2026-02-19 00:00:00-05:00,230.64666366577148,232.7374928785449,226.2466723124186,228.47999572753906,3817933.3333333335,0.0,0.0
2026-02-20 00:00:00-05:00,228.4383405049642,235.91250101656576,227.52500279744467,231.4199981689453,3965733.3333333335,0.0,0.0
2026-02-23 00:00:00-05:00,230.2783342997233,232.35083516438803,223.31833140055338,226.5516611735026,3455066.6666666665,0.0,0.0
2026-02-24 00:00:00-05:00,229.88499323527017,233.45167032877603,227.55166625976562,230.0483373006185,2866050.0,0.0,0.0
2026-02-25 00:00:00-05:00,228.12999852498373,229.91583379109701,221.69166564941406,224.88666661580405,3218133.3333333335,0.0,0.0
2026-02-26 00:00:00-05:00,226.2516632080078,229.1425018310547,224.19000117035156,226.74500274658203,2500766.6666666665,0.0,0.0
2026-02-27 00:00:00-05:00,224.2749989827474,227.8550008138021,221.84999720255533,226.49166615804037,2668550.0,0.0,0.0
