Date,Open,High,Low,Close,Volume,Dividends,Stock Splits
2017-04-03 00:00:00-04:00,377.73879965918246,379.5975545968258,374.90235405451796,376.45112864176434,2196026.0,0.0,0.0
2017-04-04 00:00:00-04:00,375.86299568138287,376.9987356595628,374.3174807547671,376.1248582204183,1875208.5,0.0,0.0
2017-04-05 00:00:00-04:00,376.2274663557466,376.86239091471606,371.6911313886924,372.40876992543537,2514983.6666666665,0.0,0.0
2017-04-06 00:00:00-04:00,372.36687219891587,375.70192976725184,368.91914857201573,371.60155932108563,2443349.5,0.0,0.0
2017-04-07 00:00:00-04:00,369.6423931813334,371.8069703074336,367.73116296235145,368.5062754948934,2433638.3333333335,0.0,0.0
2017-04-10 00:00:00-04:00,368.03352210948225,373.5702707512682,367.9580969247948,368.7993351618449,1898196.6666666667,0.0,0.0
2017-04-11 00:00:00-04:00,368.7829358554448,378.05906878195145,365.1593827656896,376.7088165283203,2804161.5,0.013333333333333334,0.0
2017-04-12 00:00:00-04:00,377.0883122071386,379.80325503039944,374.32919805888247,376.0618600845337,2001136.8333333333,0.0,0.0
2017-04-13 00:00:00-04:00,375.43013884980996,380.98208106260785,374.90166186743846,377.64798005421954,2683503.3333333335,0.0,0.0
2017-04-17 00:00:00-04:00,377.68054727236046,383.029390943372,377.5444671590771,382.76103178660077,2458797.1666666665,0.0,0.0
2017-04-18 00:00:00-04:00,381.7038073127688,390.5194382583132,380.31608256148587,382.676344871521,2368496.8333333335,0.0,0.0
2017-04-19 00:00:00-04:00,383.3451733965135,390.2700728044733,381.69255597913804,384.6812442143758,2535697.8333333335,0.0,0.0
2017-04-20 00:00:00-04:00,380.1570323218795,388.9469727118012,362.4637918962323,368.7345272699992,4962564.833333333,0.0,0.0
2017-04-21 00:00:00-04:00,365.6816532497822,376.3100964292955,365.4142206776803,373.2434612909953,3266183.8333333335,0.0,0.0
2017-04-24 00:00:00-04:00,376.05600043605597,378.0154541037196,371.6249526558303,373.5662622451782,3702780.6666666665,0.0,0.0
2017-04-25 00:00:00-04:00,372.4376394285983,374.2106063581695,365.8799529014173,370.92544237772626,6020787.666666667,0.0,0.0
2017-04-26 00:00:00-04:00,370.11371905720466,373.8021680079874,367.6900365476845,370.53222942352295,4428951.166666667,0.0,0.0
2017-04-27 00:00:00-04:00,371.25962088294233,375.93117587199316,370.84489629884655,375.52239576975506,3075090.5,0.0,0.0
2017-04-28 00:00:00-04:00,376.1216633497705,379.16729508614804,372.858842673447,376.0727828343709,2839405.1666666665,0.006345833333333333,0.0
2017-05-01 00:00:00-04:00,378.41557837441405,382.10564788021,372.685705210075,378.1432778040568,2541015.3333333335,0.0,0.0
2017-05-02 00:00:00-04:00,381.25719706485364,381.56916702334814,375.0577784263073,376.97311210632324,2688159.1666666665,0.004166666666666667,0.0
2017-05-03 00:00:00-04:00,376.39204462983133,379.94235446976154,371.13453573176736,378.92248407999676,2785393.8333333335,0.016666666666666666,0.0
2017-05-04 00:00:00-04:00,378.9169884291571,383.5171031515245,377.942538414538,382.44448439280194,2167022.5,0.0,0.0
2017-05-05 00:00:00-04:00,383.27084807485556,385.4349938362412,382.4916811468981,384.67202695210773,2156650.0,0.0,0.0
2017-05-08 00:00:00-04:00,384.38473402501876,388.01133029211934,382.78626873178746,384.48417377471924,2101895.8333333335,0.0,0.0
2017-05-09 00:00:00-04:00,385.30977461362437,389.7439596502035,385.266562132611,387.1328872044881,2605107.0,0.0,0.0
2017-05-10 00:00:00-04:00,387.96128419372457,392.780466491843,385.5827360152007,390.44580205281574,1919497.0,0.0,0.0
2017-05-11 00:00:00-04:00,390.49335946069374,391.35687643510647,387.6323291039767,389.6419264475505,2233267.6666666665,0.0,0.0
2017-05-12 00:00:00-04:00,389.91888760185475,391.46682140005265,387.77187801504834,389.54591369628906,1337339.3333333333,0.0,0.0
2017-05-15 00:00:00-04:00,395.3515958178281,398.11483503512346,391.96733456269317,397.2830753326416,2561893.1666666665,0.0,0.0
2017-05-16 00:00:00-04:00,399.1358219860149,403.37300103821735,397.3132719764617,402.3418912887573,1664681.6666666667,0.0,0.0
2017-05-17 00:00:00-04:00,402.3418886711079,402.38119588240005,395.95520687385147,396.4325952529907,2240932.5,0.0,0.0
2017-05-18 00:00:00-04:00,396.16282095329075,402.78131050539724,394.2968782285133,401.65389919281006,1806456.6666666667,0.0,0.0
2017-05-19 00:00:00-04:00,402.91074593584534,415.9495136318912,402.83206269033525,412.7295519510905,2151366.3333333335,0.0,0.0
2017-05-22 00:00:00-04:00,412.80754196391285,419.0912457469701,410.54415034547446,418.06193351745605,2769745.1666666665,0.0,0.0
2017-05-23 00:00:00-04:00,418.3282266726921,420.4513560172043,403.3693435153166,407.51455879211426,2861018.1666666665,0.0,0.0
2017-05-24 00:00:00-04:00,406.75630705396935,411.402384378212,404.70595992884677,409.55610434214276,2139888.6666666665,0.0,0.0
2017-05-25 00:00:00-04:00,409.153670910989,412.6657421900987,405.27086449160475,407.32790724436444,1975757.5,0.0,0.0
2017-05-26 00:00:00-04:00,405.3294510881229,406.5343854423649,400.2719080667685,405.6822843551636,1399113.6666666667,0.0,0.0
2017-05-30 00:00:00-04:00,405.70382508686356,407.4503180615097,400.4556684992161,405.2935667037964,1763249.3333333333,0.0,0.0
2017-05-31 00:00:00-04:00,403.0760236830149,408.30144962410986,402.6736376555353,404.8961938222249,2559326.6666666665,0.0,0.0
2017-06-01 00:00:00-04:00,407.35970031230516,411.2327297278966,403.57784263758026,411.2180817921956,2149425.5,0.0,0.0
2017-06-02 00:00:00-04:00,410.24495004423494,416.4731387643489,407.9186013419882,414.00775686899823,2909988.3333333335,0.0,0.0
2017-06-05 00:00:00-04:00,413.6661464650744,418.81321342057146,413.2815684162606,416.58072153727215,2090650.0,0.0,0.0
2017-06-06 00:00:00-04:00,415.68748142519826,418.28803316535044,413.90021107064285,414.89094829559326,2237039.6666666665,0.015,0.0
2017-06-07 00:00:00-04:00,415.39167429383537,421.96443194219205,414.85726357193056,421.47145144144696,3179681.5,0.0,0.0
2017-06-08 00:00:00-04:00,422.67201627732237,427.96253619841065,418.4739401986745,424.3371299107869,2220377.0,0.0,0.0
2017-06-09 00:00:00-04:00,423.4535421103146,426.46247453957193,420.4787304519807,421.09432379404706,2030479.5,0.0,0.0
2017-06-12 00:00:00-04:00,420.8799520781049,424.6941868652286,420.57126207017404,424.53431065877277,2267829.1666666665,0.0,0.0
2017-06-13 00:00:00-04:00,426.4062527927893,431.5848314637057,425.1142592170504,430.8706633249919,2638541.6666666665,0.0,0.0
2017-06-14 00:00:00-04:00,429.16953059419205,436.7537781645037,428.8898541974085,435.53335030873615,3577442.5,0.0,0.0
2017-06-15 00:00:00-04:00,432.6746942445829,434.20695193231654,428.21553944443536,432.28172969818115,2630694.3333333335,0.0,0.0
2017-06-16 00:00:00-04:00,431.01756676969813,433.53220077857026,428.4674580809073,432.8854703903198,2524443.5,0.0,0.0
2017-06-19 00:00:00-04:00,429.9019722371977,437.0847324493064,429.7535593331664,436.8727388381958,2650789.8333333335,0.0,0.0
2017-06-20 00:00:00-04:00,439.37212415395703,443.10583509397816,436.03865407624653,438.7558937072754,4066681.6666666665,0.0,0.0
2017-06-21 00:00:00-04:00,438.7568513043985,444.54615159955614,437.18975913648416,440.5196631749471,2393863.5,0.0,0.0
2017-06-22 00:00:00-04:00,441.47093466961564,442.565135371414,433.7360261053147,434.16530736287433,1973338.3333333333,0.0,0.0
2017-06-23 00:00:00-04:00,435.85880595161,437.0197305043407,429.8332884738301,430.0079571406047,3262438.6666666665,0.0,0.0
2017-06-26 00:00:00-04:00,430.0717176674884,434.954070813184,429.9614560283181,433.08381334940594,1611657.3333333333,0.0,0.0
2017-06-27 00:00:00-04:00,432.7193202004474,434.60149356365815,430.7130089899426,431.29188505808514,3110311.6666666665,0.0,0.0
2017-06-28 00:00:00-04:00,432.1721230766506,436.1945073316519,431.39927929966916,433.6488567988078,3237441.6666666665,0.0,0.0
2017-06-29 00:00:00-04:00,433.31502922289064,433.35970795751746,410.73317618501665,415.810240427653,3645817.6666666665,0.0,0.0
2017-06-30 00:00:00-04:00,413.9888532865364,430.9018886039787,411.89835365207904,427.97807057698566,2612556.0,0.0,0.0
2017-07-03 00:00:00-04:00,428.4859473628824,433.1369124548443,425.64079949348485,427.78231143951416,1094983.3333333333,0.0,0.0
2017-07-05 00:00:00-04:00,425.6347145454569,431.77531631987296,424.70740269154953,429.83977762858075,2712452.5,0.0,0.0
2017-07-06 00:00:00-04:00,428.4553471930412,435.1919412070293,426.63443870552834,433.9875542322795,3674278.5,0.0,0.0
2017-07-07 00:00:00-04:00,434.07400926294594,447.0912940544985,434.0493848046153,442.9275312423706,4072921.8333333335,0.0,0.0
2017-07-10 00:00:00-04:00,439.0423037336647,448.7549827152454,438.93353004316424,448.2724672953288,5279026.0,0.0,0.0
2017-07-11 00:00:00-04:00,447.00217214506125,450.46477407566437,441.5768700859772,445.8711242675781,3781268.3333333335,0.006345833333333333,0.0
2017-07-12 00:00:00-04:00,446.9176078842766,449.3414970167687,442.1858526448603,447.3713970184326,2645566.8333333335,0.013333333333333334,0.0
2017-07-13 00:00:00-04:00,448.06670264019084,449.59078350875893,445.92163672731004,447.64974371592206,2413731.8333333335,0.0,0.0
2017-07-14 00:00:00-04:00,447.6071292506324,450.46419713201203,447.2643175780945,448.48021602630615,1991163.5,0.0,0.0
2017-07-17 00:00:00-04:00,448.29473003344555,450.9388255457293,446.367780602174,449.36638418833417,2163233.5,0.0,0.0
2017-07-18 00:00:00-04:00,448.8387664298636,448.91217503353596,436.5047751077613,440.1158838272095,2413750.1666666665,0.0,0.0
2017-07-19 00:00:00-04:00,442.71834451495107,446.49612428318665,438.76369547747134,440.2317123413086,2473007.3333333335,0.0,0.0
2017-07-20 00:00:00-04:00,441.794108372159,441.8075314461878,429.5333155209335,434.19975185394287,1777456.5,0.0,0.0
2017-07-21 00:00:00-04:00,448.14222591039805,470.19370316638106,443.2366912904681,467.7805407842,2362261.5,0.0,0.0
2017-07-24 00:00:00-04:00,468.4575637233459,473.0995999443146,463.261064477392,470.4325917561849,1959362.3333333333,0.0,0.0
2017-07-25 00:00:00-04:00,471.71320803943337,475.5197071869679,470.3750900105238,472.15295759836835,2880406.0,0.0,0.0
2017-07-26 00:00:00-04:00,474.98260761183764,477.43390194814583,469.3475117170422,472.7074553171794,2307616.6666666665,0.0,0.0
2017-07-27 00:00:00-04:00,472.9891912177982,473.9576278834739,462.52156950957743,466.80712509155273,2180147.5,0.0,0.0
2017-07-28 00:00:00-04:00,465.18141334700954,466.8472307980565,459.8155791214999,463.52460130055744,2190300.1666666665,0.0,0.0
2017-07-31 00:00:00-04:00,465.4394027181954,467.0329862217204,456.51274373675346,461.02995014190674,1988340.0,0.0,0.0
2017-08-01 00:00:00-04:00,461.34577215568265,468.4312127003836,460.3490780402066,467.42728996276855,2126600.6666666665,0.004166666666666667,0.0
2017-08-02 00:00:00-04:00,467.2013695730643,474.0161624619038,465.8818398617137,472.485063234965,2276758.1666666665,0.0,0.0
2017-08-03 00:00:00-04:00,466.34351765899913,477.4804540887753,466.1417975161092,477.33635393778485,2332000.5,0.0,0.0
2017-08-04 00:00:00-04:00,477.39144887326165,480.7923020549313,472.40286489799087,472.706130027771,1898031.1666666667,0.0,0.0
2017-08-07 00:00:00-04:00,473.18538827995195,477.1186328868952,469.53302533937796,476.0336898167928,1665895.1666666667,0.016666666666666666,0.0
2017-08-08 00:00:00-04:00,476.25773193873346,482.69977954110885,473.2969604010279,482.30343278249103,1945035.5,0.0,0.0
2017-08-09 00:00:00-04:00,479.9298806076411,484.9232152222255,479.2825909183182,483.50425306955975,1811342.8333333333,0.0,0.0
2017-08-10 00:00:00-04:00,482.30551429329154,484.0763554607202,470.01686448719283,470.39721870422363,1978356.1666666667,0.0,0.0
2017-08-11 00:00:00-04:00,469.83762633903115,477.7403524231699,467.54892085736657,477.1549113591512,1334657.1666666667,0.0,0.0
2017-08-14 00:00:00-04:00,478.34843068393064,487.9369515061448,478.28033478343474,483.5891523361206,1671540.0,0.0,0.0
2017-08-15 00:00:00-04:00,483.4122764250892,486.4386946403815,479.8041633443434,482.58950742085773,1490601.0,0.0,0.0
2017-08-16 00:00:00-04:00,482.3980248258208,486.96021000614365,480.333550015667,486.9125169118245,1989885.8333333333,0.0,0.0
2017-08-17 00:00:00-04:00,485.51163864212236,489.49752603885327,483.1909769890583,484.50369962056476,1856274.5,0.0,0.0
2017-08-18 00:00:00-04:00,482.27902423505685,486.20285084762094,472.83206982553725,473.1100387573242,2012531.8333333333,0.0,0.0
2017-08-21 00:00:00-04:00,471.8708397292963,477.70705062433194,469.27965553213625,476.43456236521405,1723883.0,0.0,0.0
2017-08-22 00:00:00-04:00,478.00107103070377,481.2781572432278,475.0701679736424,477.7023293177287,2584580.5,0.0,0.0
2017-08-23 00:00:00-04:00,476.163575900136,478.49000593608815,472.86137784075225,474.1938861211141,2551615.0,0.0,0.0
2017-08-24 00:00:00-04:00,474.8556413710223,475.33652593657513,470.9408279756094,472.5762367248535,1893265.1666666667,0.0,0.0
2017-08-25 00:00:00-04:00,473.6765915727214,477.8222009944991,473.0647031738965,474.7542740503947,1953254.3333333333,0.0,0.0
2017-08-28 00:00:00-04:00,475.44474277350787,476.1670135238341,469.36131364327724,470.49167251586914,2111167.8333333335,0.0,0.0
2017-08-29 00:00:00-04:00,469.34477971950855,471.8655645563399,459.67840939333627,466.26740137736004,2101473.1666666665,0.0,0.0
2017-08-30 00:00:00-04:00,465.3900645466979,471.7534536852229,465.30767089115176,468.7546485265096,2011223.0,0.0,0.0
2017-08-31 00:00:00-04:00,469.9814498788776,479.51672421266784,466.9277533449645,479.4625406265259,2230397.1666666665,0.0,0.0
2017-09-01 00:00:00-04:00,478.58792206404956,481.75977847395376,476.39940937946466,477.4115854899089,1409003.8333333333,0.0,0.0
2017-09-05 00:00:00-04:00,476.9794478058997,477.2825661625997,471.2052548309833,476.5298096338908,2037888.6666666667,0.0,0.0
2017-09-06 00:00:00-04:00,477.69996691634327,479.0925696123781,473.32351821202593,476.34957154591876,2618693.5,0.0,0.0
2017-09-07 00:00:00-04:00,477.24538791289314,478.9515024710444,474.82249640728463,477.7130517959595,2260357.1666666665,0.0,0.0
2017-09-08 00:00:00-04:00,475.6790724036093,485.06652258821873,475.4717237118748,484.5111672083537,2002517.0,0.0,0.0
2017-09-11 00:00:00-04:00,487.51391380968516,496.5875126722546,484.9323183332431,496.1297305425008,2698358.3333333335,0.0,0.0
2017-09-12 00:00:00-04:00,497.16152400818856,500.51173517135777,489.3383154699927,493.24060980478924,2190492.8333333335,0.0,0.0
2017-09-13 00:00:00-04:00,492.94394654729876,494.3622759631739,484.4507307155416,491.50366433461505,3961782.8333333335,0.0,0.0
2017-09-14 00:00:00-04:00,488.87168073781413,492.21856251992773,480.2157046712698,489.29899406433105,2670310.1666666665,0.0,0.0
2017-09-15 00:00:00-04:00,489.28509947769135,494.4458675288792,484.2342166174194,484.55029042561847,3636597.3333333335,0.0,0.0
2017-09-18 00:00:00-04:00,491.26059370744906,492.98550803910433,487.66643884766563,492.1666266123454,2553117.1666666665,0.015,0.0
2017-09-19 00:00:00-04:00,493.9135890945483,501.1066992124776,492.00895330254053,499.1143166224162,2909180.1666666665,0.0,0.0
2017-09-20 00:00:00-04:00,500.87494989140305,503.68466837319835,489.7963216345229,491.84689299265546,2790268.8333333335,0.0,0.0
2017-09-21 00:00:00-04:00,492.6742003793159,497.45436221128904,490.6017799447797,494.0215021769206,1785961.3333333333,0.0,0.0
2017-09-22 00:00:00-04:00,494.28517605920234,499.6355345559644,493.59393319037054,498.8768841425578,2799134.0,0.0,0.0
2017-09-25 00:00:00-04:00,498.55987823773916,500.39720744926177,493.2743439718485,494.74838066101074,2237424.5,0.0,0.0
2017-09-26 00:00:00-04:00,495.61899609703966,501.6297633941931,495.48031663140586,500.7262233098348,2087313.5,0.0,0.0
2017-09-27 00:00:00-04:00,502.3834781213922,505.47129350101795,497.2215150553936,500.48929532368976,2875047.8333333335,0.0,0.0
2017-09-28 00:00:00-04:00,500.9338120137586,507.9579012457903,499.85388983268854,505.99715995788574,3822705.5,0.0,0.0
2017-09-29 00:00:00-04:00,503.8730403893334,509.88947065133385,501.8788951695394,503.57541624705,5408547.166666667,0.0,0.0
2017-10-02 00:00:00-04:00,504.8843136049832,505.3718289017186,498.89431169867294,500.5389420191447,3508694.0,0.0,0.0
2017-10-03 00:00:00-04:00,504.52878435737057,512.593532781186,501.9892747682704,510.71197509765625,4573442.0,0.0,0.0
2017-10-04 00:00:00-04:00,511.6495179578394,520.4130557078364,507.7497600121658,519.0640494028727,2915448.0,0.0,0.0
2017-10-05 00:00:00-04:00,516.5294828391351,517.8221331994736,504.6526292264357,508.09908962249756,2643677.5,0.0,0.0
2017-10-06 00:00:00-04:00,507.5904043577139,514.2893335866663,503.6331714634817,510.6217619578044,2534335.5,0.0,0.0
2017-10-09 00:00:00-04:00,511.0573320000122,514.8083251589577,508.092555929771,510.5373868942261,1951306.5,0.0,0.0
2017-10-10 00:00:00-04:00,512.1585992400867,513.9218551010264,505.6882936439368,513.154167175293,2100930.3333333335,0.0,0.0
2017-10-11 00:00:00-04:00,513.3364932857938,516.4136663577432,511.82629990809323,516.3776003519694,2015180.6666666667,0.0,0.0
2017-10-12 00:00:00-04:00,518.1089613278457,524.1524727837804,514.3831744622709,517.0832328796387,1990006.5,0.013333333333333334,0.0
2017-10-13 00:00:00-04:00,519.3070220593274,520.2494705733172,516.6008685737062,518.9464604059855,1643592.6666666667,0.0,0.0
2017-10-16 00:00:00-04:00,519.8330640878295,521.8311849525244,518.592339872846,519.958568572998,1456921.3333333333,0.0,0.0
2017-10-17 00:00:00-04:00,520.9833852083478,524.2525441719025,511.9281688291401,512.9719409942627,1950888.6666666667,0.0,0.0
2017-10-18 00:00:00-04:00,513.183350210105,515.936449907079,509.8473740108193,512.5320272445679,2349580.0,0.006345833333333333,0.0
2017-10-19 00:00:00-04:00,527.296957920824,555.4892018260964,522.5397917445902,550.8620640436808,2549784.5,0.0,0.0
2017-10-20 00:00:00-04:00,554.7784240439751,579.0861472812356,554.5751714096042,567.0195271174113,2431824.6666666665,0.0,0.0
2017-10-23 00:00:00-04:00,571.5163298523411,572.6312696783831,556.4850779759646,561.4755605061849,2321501.3333333335,0.0,0.0
2017-10-24 00:00:00-04:00,564.6537578104893,570.3339157145625,560.8199553686562,564.5469147364298,2981471.0,0.0,0.0
2017-10-25 00:00:00-04:00,567.9143734544144,568.7545541409079,554.4855497619382,556.7357765833536,3105857.8333333335,0.0,0.0
2017-10-26 00:00:00-04:00,557.1202388665655,566.0789748730804,553.563908794645,564.3990132013956,2166868.6666666665,0.0,0.0
2017-10-27 00:00:00-04:00,565.6034803678957,571.6356095605732,561.9933596367372,570.6491260528564,1970466.6666666667,0.0,0.0
2017-10-30 00:00:00-04:00,570.6562117766522,578.5372701281125,565.199396697952,570.2575117746989,5116766.333333333,0.0,0.0
2017-10-31 00:00:00-04:00,570.3151595411102,583.9787891524611,569.6891108356717,577.3491236368815,3782219.8333333335,0.0,0.0
2017-11-01 00:00:00-04:00,580.6366512521234,580.9489095754705,570.4063721873719,574.5717751185099,3394554.0,0.004166666666666667,0.0
2017-11-02 00:00:00-04:00,573.4603194402863,578.0181958546517,556.432039642807,563.2916889190674,5799617.5,0.0,0.0
2017-11-03 00:00:00-04:00,563.3190097150649,568.2702474749271,558.0761172014209,565.0719515482584,3195650.0,0.0,0.0
2017-11-06 00:00:00-05:00,567.6145783849187,576.959537482455,562.7034188420721,574.4928194681803,2528200.8333333335,0.0,0.0
2017-11-07 00:00:00-05:00,573.9541825592793,576.6755389720039,568.994546401742,571.4566971460978,2686266.6666666665,0.0,0.0
2017-11-08 00:00:00-05:00,572.0172106698524,581.0630445170963,568.7601406730049,580.5412502288818,3257864.5,0.0,0.0
2017-11-09 00:00:00-05:00,577.2217759171587,592.3269461297465,569.739212603674,581.5976101557413,4782076.0,0.0,0.16949999999999998
2017-11-10 00:00:00-05:00,581.4823291392345,583.3238173081364,571.1387744741253,579.8090279897054,3806850.8333333335,0.0,0.0
2017-11-13 00:00:00-05:00,577.8071901373265,587.7682435679462,576.3344596574924,581.7636632919312,3092502.6666666665,0.0,0.0
2017-11-14 00:00:00-05:00,577.3912679619343,587.7283884279199,577.3035295110499,586.3891334533691,2618945.0,0.0,0.0
2017-11-15 00:00:00-05:00,584.6462614908197,586.9409117692155,580.1789602541982,581.958578745524,2397129.8333333335,0.0,0.0
2017-11-16 00:00:00-05:00,583.0119016320865,583.235983256649,575.6760126999478,578.0125773747762,3070152.0,0.0,0.0
2017-11-17 00:00:00-05:00,577.9089537673453,583.7562153908458,573.4548299461295,575.4164435068766,2806713.5,0.0,0.0
2017-11-20 00:00:00-05:00,578.49882722373,587.3212629224698,577.4284975093311,585.263531366984,2956342.8333333335,0.0,0.0
2017-11-21 00:00:00-05:00,587.5440142290582,602.4314828218818,587.444226508557,595.8345486323038,2998492.1666666665,0.0,0.0
2017-11-22 00:00:00-05:00,595.8307483323134,603.5060609654915,591.2317603129646,602.5985339482626,2126998.3333333335,0.0,0.0
2017-11-24 00:00:00-05:00,605.6535169418916,605.9734157233,598.6723220535549,600.2097803751627,932632.6666666666,0.0,0.0
2017-11-27 00:00:00-05:00,601.1282990411469,611.3217550204881,599.2950429834799,600.4010334014893,2627569.0,0.0,0.0
2017-11-28 00:00:00-05:00,601.4954641276169,606.2765170098171,597.2612568278603,599.8855530420939,3239246.1666666665,0.0,0.0
2017-11-29 00:00:00-05:00,600.3857594982063,612.4405545329508,599.041154141721,612.2231973012289,3349071.6666666665,0.0,0.0
2017-11-30 00:00:00-05:00,612.3595414274768,619.5616420410126,609.952811811181,613.6901706059774,3980748.5,0.020833333333333332,0.0
2017-12-01 00:00:00-05:00,614.4656960070455,619.651477955847,604.5840565413135,614.188450495402,3603939.0,0.0,0.0
2017-12-04 00:00:00-05:00,617.8971836457193,619.7576017777752,605.7245055667439,610.5199213027954,3797189.6666666665,0.0,0.0
2017-12-05 00:00:00-05:00,604.5541551608835,608.0322905383142,594.0055080806609,600.2517598470052,4512868.5,0.0,0.0
2017-12-06 00:00:00-05:00,597.3885508309443,603.3154096428192,594.0137643580134,595.4579378763834,3305838.6666666665,0.0,0.0
2017-12-07 00:00:00-05:00,593.7836005708222,598.464223723273,582.3715912633123,598.1934010187784,2917043.5,0.0,0.0
2017-12-08 00:00:00-05:00,597.6501107695348,601.3724537725517,592.2948361404082,599.4405558904012,2297492.1666666665,0.0,0.0
2017-12-11 00:00:00-05:00,598.3451169421336,604.7413188536382,597.8549221338683,604.3303270339966,2498426.8333333335,0.015,0.0
2017-12-12 00:00:00-05:00,602.8210425513461,605.642532729541,590.7951925438607,595.0492521921793,2388773.5,0.0,0.0
2017-12-13 00:00:00-05:00,597.254776904511,599.5570944054413,593.3716651433643,595.0554904937744,2564977.5,0.0,0.0
2017-12-14 00:00:00-05:00,596.7757246439347,601.6336320065811,590.7815565075949,601.0407295227051,3001120.0,0.0,0.0
2017-12-15 00:00:00-05:00,599.0765415119854,607.0276216391654,596.0964008525425,600.160795211792,4519361.666666667,0.0,0.0
2017-12-18 00:00:00-05:00,603.3701978166786,607.9982867768027,600.1081240488357,600.9715979894003,2320798.8333333335,0.0,0.0
2017-12-19 00:00:00-05:00,601.6932352235636,603.3555030430633,597.3713737667449,598.3245159784952,2220373.6666666665,0.0,0.0
2017-12-20 00:00:00-05:00,600.3269587068737,606.6785987729054,597.0013834528283,603.8678143819174,2044751.1666666667,0.0,0.0
2017-12-21 00:00:00-05:00,603.5371563456308,618.5594077794066,603.4254200887697,616.9252494176229,1765594.3333333333,0.0,0.0
2017-12-22 00:00:00-05:00,618.2044209576429,622.9628964391969,611.5275864435938,614.1390164693197,2386572.1666666665,0.0,0.0
2017-12-26 00:00:00-05:00,614.1694438052313,617.5692615859656,611.4446664209432,612.745667775472,1371452.3333333333,0.0,0.0
2017-12-27 00:00:00-05:00,612.4191886463725,616.632101680462,610.2355816530938,611.3347860972086,2078804.6666666667,0.0,0.0
2017-12-28 00:00:00-05:00,612.0148181751192,622.2794316586558,611.858343413957,622.1566804250082,1523238.8333333333,0.0,0.0
2017-12-29 00:00:00-05:00,619.7651398089503,624.3218249193957,617.0266441483578,618.9224723180135,1598666.6666666667,0.0,0.0
2018-01-02 00:00:00-05:00,602.6869977716541,623.9069111242131,601.3456428900311,622.8226051330566,2387047.0,0.0,0.0
2018-01-03 00:00:00-05:00,625.0279791490807,635.8838952911764,621.9507125277938,629.6564343770345,3204631.5,0.0,0.0
2018-01-04 00:00:00-05:00,627.6585994746383,629.9080561147894,618.3656988174047,622.2556610107422,2909876.3333333335,0.0,0.0
2018-01-05 00:00:00-05:00,625.514917902634,648.8594014730144,618.7588756838054,630.4717276891073,2716892.6666666665,0.0,0.0
2018-01-08 00:00:00-05:00,631.9439952413712,642.6298785103605,629.0772582956357,640.2652896245321,2503813.0,0.0,0.0
2018-01-09 00:00:00-05:00,641.4317336999405,644.8246672498568,637.269722834799,640.3279603322347,2899095.3333333335,0.0,0.0
2018-01-10 00:00:00-05:00,637.0951410377844,637.7097040108694,618.0813354683403,621.7279450098673,4512142.0,0.0,0.0
2018-01-11 00:00:00-05:00,623.8361613398905,632.607949842795,622.8648082931842,628.8873796463013,5080602.5,0.013333333333333334,0.0
2018-01-12 00:00:00-05:00,628.2709067775442,632.6918838663365,623.7571387969273,629.7646074295044,2398739.3333333335,0.0,0.0
2018-01-16 00:00:00-05:00,633.3000296801004,644.4205317943375,625.9574114991436,626.1899967193604,2304262.8333333335,0.0,0.0
2018-01-17 00:00:00-05:00,628.6763762344214,647.5791560411423,627.8130634121164,644.646138827006,2309074.5,0.0,0.0
2018-01-18 00:00:00-05:00,647.6349695620672,653.083711125578,638.0118704820067,638.1249882380167,2597137.5,0.0,0.0
2018-01-19 00:00:00-05:00,641.3350671144514,653.5314148685414,639.1180828342899,653.4698820114136,2331961.1666666665,0.0,0.0
2018-01-22 00:00:00-05:00,653.3490664346285,653.8876465211862,638.2554269764761,646.2807766596476,2727930.5,0.0,0.0
2018-01-23 00:00:00-05:00,649.142758360573,652.665377435276,641.1909650370354,643.6449429194132,2172784.0,0.0,0.0
2018-01-24 00:00:00-05:00,644.9624955715356,651.0025448493952,631.9018005961177,634.482676823934,2420913.3333333335,0.0,0.0
2018-01-25 00:00:00-05:00,606.1911330619959,623.3377030412033,580.9708019386476,593.9130373001099,3837160.3333333335,0.006453666666666667,0.0
2018-01-26 00:00:00-05:00,598.2916744721529,598.5538678360219,575.6096784934888,582.8715178171793,3763662.0,0.0,0.0
2018-01-29 00:00:00-05:00,577.3532716930773,579.2899756699279,563.4620934213048,563.781013170878,5295660.833333333,0.0,0.0
2018-01-30 00:00:00-05:00,556.9687822767745,575.2814846050882,542.7778728520346,568.2488711675009,5539221.833333333,0.0,0.0
2018-01-31 00:00:00-05:00,578.9378199855539,582.5708000033583,560.6914280247759,563.0382903416952,5089427.5,0.0,0.0
2018-02-01 00:00:00-05:00,551.3653326740946,573.8589546598233,551.1229830192234,557.339275042216,4241614.833333333,0.0,0.0
2018-02-02 00:00:00-05:00,552.3088719363747,556.4614019409915,542.5503851130629,544.3760271072388,4412420.666666667,0.0,0.0
2018-02-05 00:00:00-05:00,537.5495745308887,543.91366418562,512.1773095436016,517.5226033528646,4955204.5,0.0,0.0
2018-02-06 00:00:00-05:00,505.7081041727956,544.4386733479706,504.5358409664021,538.4058605829874,5088512.833333333,0.0,0.0
2018-02-07 00:00:00-05:00,537.7811683969305,549.5393995914407,529.2829951153669,529.4326740900675,4945362.0,0.004166666666666667,0.0
2018-02-08 00:00:00-05:00,530.3106469754667,533.9010486987387,495.6429563361264,495.7006934483846,4191160.3333333335,0.0,0.0
2018-02-09 00:00:00-05:00,501.7003312530068,508.7219483420961,486.6467431941647,497.5708392461141,5125606.833333333,0.0,0.0
2018-02-12 00:00:00-05:00,499.96594781821767,514.1898590134687,494.8326663727139,510.3455117543538,6439275.166666667,0.0,0.0
2018-02-13 00:00:00-05:00,508.71778030148215,519.341833725845,506.1485393406795,517.4047066370646,3486527.8333333335,0.0,0.0
2018-02-14 00:00:00-05:00,514.9178084536198,544.1378028713427,514.8723985718244,542.1747620900472,3852826.5,0.0,0.0
2018-02-15 00:00:00-05:00,549.4615339974321,562.9435576347186,534.0261108838102,544.8494005203247,3397034.0,0.0,0.0
2018-02-16 00:00:00-05:00,545.3503518914938,570.0558801454159,544.8037866108638,567.0313024520874,3486245.5,0.0,0.0
2018-02-20 00:00:00-05:00,563.987664979905,567.094830869645,551.6440312840051,564.2303593953451,2788922.5,0.0,0.0
2018-02-21 00:00:00-05:00,563.2485869522453,574.3649462654517,554.611477209995,562.4609107971191,3017070.6666666665,0.0,0.0
2018-02-22 00:00:00-05:00,561.657537847194,561.7939975388718,543.6088832610161,546.9739872614542,2600947.0,0.020833333333333332,0.0
2018-02-23 00:00:00-05:00,546.5453551642591,546.6666590150522,528.4341030909549,531.287852605184,2585726.8333333335,0.0,0.0
2018-02-26 00:00:00-05:00,532.613234606192,536.6448804043287,521.0142788932386,528.8095760345459,3035621.0,0.0,0.0
2018-02-27 00:00:00-05:00,530.4350406739246,536.5427645271435,514.9060895855918,514.9440806706747,4023485.8333333335,0.0,0.0
2018-02-28 00:00:00-05:00,514.7966146438438,514.9110023935945,497.6338848457212,503.6869468688965,5740165.5,0.0,0.0
2018-03-01 00:00:00-05:00,505.91996037314556,513.4719680549209,499.8348371576156,509.2833948135376,4806415.833333333,0.0,0.0
2018-03-02 00:00:00-05:00,506.8137332679042,515.2393932805305,500.2666131149493,513.5161698659261,2985384.6666666665,0.0,0.0
2018-03-05 00:00:00-05:00,509.81345817806135,518.1673278762698,504.9254011077838,512.3996454874674,3526413.8333333335,0.0,0.0
2018-03-06 00:00:00-05:00,515.055948659328,525.3064012786451,509.48077639145436,524.427796681722,2939843.0,0.0,0.0
2018-03-07 00:00:00-05:00,517.2028705816476,530.2150317229565,515.13616911048,529.180822054545,1973987.3333333333,0.0,0.0
2018-03-08 00:00:00-05:00,529.6679264639774,534.239152366836,520.4781694727925,531.2205940882365,2196420.6666666665,0.0,0.0
2018-03-09 00:00:00-05:00,534.8925347844337,544.3999666819541,525.6267246826833,540.8164784113566,1975557.5,0.0,0.0
2018-03-12 00:00:00-04:00,540.8374052137115,553.0326174433945,540.0430310492056,546.5366700490316,2327295.1666666665,0.0,0.0
2018-03-13 00:00:00-04:00,549.9169723262182,560.2208129603663,547.6856715621192,553.597027460734,2708677.8333333335,0.0,0.0
2018-03-14 00:00:00-04:00,554.1504693071253,555.5487204281948,538.0348977272132,540.3034706115723,3347939.1666666665,0.0,0.0
2018-03-15 00:00:00-04:00,541.810572009098,546.2088996680643,530.5610131746438,535.160075823466,2195648.1666666665,0.015,0.0
2018-03-16 00:00:00-04:00,535.6228611047603,542.4837942949233,530.7249241928436,541.0655488967896,2996155.8333333335,0.0,0.0
2018-03-19 00:00:00-04:00,538.936809913324,553.495335984276,537.2701031222563,552.2731412251791,1877658.3333333333,0.0,0.0
2018-03-20 00:00:00-04:00,553.5073652338625,559.5397893146225,539.137100197435,543.0783761342367,1645242.1666666667,0.0,0.0
2018-03-21 00:00:00-04:00,545.8407424324743,552.6387758599247,540.4612637605724,548.8177433013916,2849439.8333333335,0.0,0.0
2018-03-22 00:00:00-04:00,543.0388169069718,553.5510726487138,532.5827246020064,532.6098880767822,2675259.8333333335,0.0,0.0
2018-03-23 00:00:00-04:00,543.3666375992185,553.6701234103299,525.5771634879941,528.9260444641113,2995707.0,0.0,0.0
2018-03-26 00:00:00-04:00,537.6869369874261,545.3719087919677,527.3112108522445,542.4712085723877,2675283.5,0.0,0.0
2018-03-27 00:00:00-04:00,543.478400366759,544.0922554231785,529.713352342379,535.2887204488119,2743261.8333333335,0.0,0.0
2018-03-28 00:00:00-04:00,533.1667860296579,535.7845276109953,523.5651615428353,526.6599852244059,2273189.5,0.0,0.0
2018-03-29 00:00:00-04:00,526.7265868916026,539.214804297273,497.0151621490933,497.38244406382245,2912842.6666666665,0.0,0.0
2018-04-02 00:00:00-04:00,518.9076073523627,528.788005796842,506.1980419921584,516.7506265640259,3213687.5,0.0,0.0
2018-04-03 00:00:00-04:00,519.5360025306055,530.2801160809705,510.5308701711504,528.1560792922974,2895668.0,0.0,0.0
2018-04-04 00:00:00-04:00,521.8676929813686,556.3841210018697,521.7455386881915,553.0251563390096,6397392.666666667,0.0,0.0
2018-04-05 00:00:00-04:00,556.4749578874264,570.2138118460061,555.303677294722,563.3746509552002,3712837.5,0.0,0.0
2018-04-06 00:00:00-04:00,556.7293285735284,563.4427921921748,543.5331481435024,551.8360354105631,3246903.8333333335,0.0,0.0
2018-04-09 00:00:00-04:00,556.0163357396849,561.7809460149819,547.2886575784444,550.6281232833862,1959183.8333333333,0.0,0.0
2018-04-10 00:00:00-04:00,555.8470981442914,563.4084923275879,552.6700141859166,560.1996920903524,2730685.1666666665,0.0,0.0
2018-04-11 00:00:00-04:00,561.4035993867933,561.8530300078602,541.6058390957526,545.6410875320435,2166263.1666666665,0.0,0.0
2018-04-12 00:00:00-04:00,543.6037410072373,546.8638523815345,527.5224398294789,528.2746721903483,3221646.5,0.018333333333333333,0.0
2018-04-13 00:00:00-04:00,530.7171048794908,535.9150601010474,522.4882211739156,534.101555188497,2692701.1666666665,0.0,0.0
2018-04-16 00:00:00-04:00,534.7175898842642,539.8574150418552,528.4124932108405,530.6174453099569,2134809.1666666665,0.0,0.0
2018-04-17 00:00:00-04:00,531.2500111493482,541.000749073225,522.5660527676623,540.5192677179972,1945576.0,0.0,0.0
2018-04-18 00:00:00-04:00,542.3109797134906,551.912064119524,536.1978227152082,537.8066310882568,1801197.1666666667,0.0,0.0
2018-04-19 00:00:00-04:00,555.8902605473953,556.0704057176448,513.8906670899004,538.3460283279419,4410268.666666667,0.0,0.0
2018-04-20 00:00:00-04:00,543.4829758015666,549.8246544572671,535.8400957267559,538.944229443868,3045882.0,0.0,0.0
2018-04-23 00:00:00-04:00,539.2028078734177,550.6890060225045,528.0228568635322,537.5674517949423,2575966.8333333335,0.0,0.0
2018-04-24 00:00:00-04:00,539.8626478234779,551.5524656489639,536.1244988565726,540.6994384129843,4158227.3333333335,0.006453666666666667,0.0
2018-04-25 00:00:00-04:00,540.8426557503134,547.4334352346383,532.3685739780902,546.647572517395,3857888.1666666665,0.0,0.0
2018-04-26 00:00:00-04:00,549.8244804276992,555.1117291435776,536.5672562938479,554.2490828831991,3926970.0,0.0,0.0
2018-04-27 00:00:00-04:00,561.0528887408576,562.5480612019211,548.3992920126673,556.7311162948608,2615927.6666666665,0.0,0.0
2018-04-30 00:00:00-04:00,556.3801879272427,559.4664498416707,544.0149317908682,546.2425635655721,2850121.0,0.0,0.0
2018-05-01 00:00:00-04:00,542.1231505194363,555.2225865326451,540.2037799124488,552.0872742335001,2757229.0,0.0,0.0
2018-05-02 00:00:00-04:00,550.2792100305911,557.4367906649205,543.4135805663678,545.1637833913168,2417313.0,0.004166666666666667,0.0
2018-05-03 00:00:00-04:00,545.908150464266,560.1526445187004,545.6169971870345,557.236691792806,2747606.6666666665,0.0,0.0
2018-05-04 00:00:00-04:00,553.3088942136766,561.3095873335064,549.2673064565921,556.7710103988647,1792455.8333333333,0.0,0.0
2018-05-07 00:00:00-04:00,557.6106305361094,559.0883924786216,546.95369691294,548.4844913482666,2222483.6666666665,0.0,0.0
2018-05-08 00:00:00-04:00,546.1429957574153,551.5257626178098,541.4436256066695,545.3803780873617,2144558.1666666665,0.0,0.0
2018-05-09 00:00:00-04:00,545.2549500444953,545.3615970626109,526.5340515666678,533.4558703104655,2893940.6666666665,0.0,0.0
2018-05-10 00:00:00-04:00,533.7920424162818,536.827942638035,530.5381433644019,533.5191761652628,2159898.8333333335,0.020833333333333332,0.0
2018-05-11 00:00:00-04:00,532.1506695966435,542.7815642740121,532.1144386917255,538.8708794911703,1704413.8333333333,0.0,0.0
2018-05-14 00:00:00-04:00,539.3770276826712,543.3741165367247,536.1982036911269,538.5256757736206,2212484.6666666665,0.0,0.0
2018-05-15 00:00:00-04:00,533.6882371921588,540.2252707578342,510.20435710361744,511.91505177815753,4898646.5,0.0,0.0
2018-05-16 00:00:00-04:00,511.68797259089365,518.0601133489048,507.48025106858154,514.6006673177084,4152659.8333333335,0.0,0.0
2018-05-17 00:00:00-04:00,514.8484483104701,528.1608936576536,514.3867625918338,525.4716024398804,2523867.0,0.0,0.0
2018-05-18 00:00:00-04:00,526.9000017254688,527.4740815906367,519.9728171984383,523.143977801005,2154288.0,0.0,0.0
2018-05-21 00:00:00-04:00,526.2678483282049,536.0972599537939,526.0146691993792,533.4457772572836,2360697.3333333335,0.0,0.0
2018-05-22 00:00:00-04:00,531.2346744808693,532.8608684682579,518.6416434669736,520.670851389567,3730235.5,0.0,0.0
2018-05-23 00:00:00-04:00,519.9987751605742,530.4467171272214,515.2868040643306,527.2662019729614,2736148.1666666665,0.0,0.0
2018-05-24 00:00:00-04:00,529.4401493673452,530.6606608271911,519.3583824782835,524.4505554835001,2705762.0,0.0,0.0
2018-05-25 00:00:00-04:00,525.8598221084699,541.8399176020376,525.7895959803651,533.4132391611735,2403104.8333333335,0.0,0.0
2018-05-29 00:00:00-04:00,533.0283657335928,544.1070846217291,529.1471227638211,543.7344970703125,2374024.0,0.0,0.0
2018-05-30 00:00:00-04:00,544.5717685479619,546.9761947101591,533.4700974283029,538.6362867355347,2297297.1666666665,0.0,0.0
2018-05-31 00:00:00-04:00,538.6969855186496,538.873713904887,526.1235334719037,527.1022834777832,2960846.3333333335,0.0,0.0
2018-06-01 00:00:00-04:00,528.2120145519951,539.1291982209187,527.7178711919827,534.586550394694,2003315.5,0.0,0.0
2018-06-04 00:00:00-04:00,536.8980870447142,540.0764461226242,532.3213952677881,534.4550361633301,1771959.6666666667,0.0,0.0
2018-06-05 00:00:00-04:00,532.7996700896164,540.331762164652,532.6737813051861,539.9313643773397,2228194.1666666665,0.0,0.0
2018-06-06 00:00:00-04:00,542.7361428864933,547.7834057697507,533.3557389990603,547.4773817062378,2595032.8333333335,0.015,0.0
2018-06-07 00:00:00-04:00,546.045330408377,550.244988536408,540.2030686217581,549.909441947937,2590567.6666666665,0.0,0.0
2018-06-08 00:00:00-04:00,549.0096958585178,563.3253381088188,545.2797448386692,562.7675720850626,3621178.3333333335,0.0,0.0
2018-06-11 00:00:00-04:00,562.6910793528263,566.495685649471,554.3504731281431,556.7400039037069,2031899.0,0.0,0.0
2018-06-12 00:00:00-04:00,558.6488167654954,569.3480596260296,552.207010301793,565.4802417755127,2082239.8333333333,0.0,0.0
2018-06-13 00:00:00-04:00,565.277257167064,565.2818601849475,544.1445209338189,546.3152256011963,5017645.166666667,0.0,0.0
2018-06-14 00:00:00-04:00,547.0058702757809,551.0377674569262,538.6243252544922,548.1260560353597,3085902.3333333335,0.0,0.0
2018-06-15 00:00:00-04:00,546.8117272556108,559.5687852414229,540.0028596746776,559.2053470611572,3970472.3333333335,0.0,0.0
2018-06-18 00:00:00-04:00,550.9214107957796,557.4445361825896,543.7774138843027,545.8924312591553,3326053.8333333335,0.0,0.0
2018-06-19 00:00:00-04:00,544.1317744602376,550.4051301856284,543.4637076773191,544.678682009379,2788532.5,0.0,0.0
2018-06-20 00:00:00-04:00,547.1722425554311,549.4442756632772,534.687688067214,544.9017311731974,2632654.6666666665,0.0,0.0
2018-06-21 00:00:00-04:00,544.1046210288197,546.1676719395969,537.840322445259,538.9425729115804,1922923.3333333333,0.0,0.0
2018-06-22 00:00:00-04:00,538.0904251371567,538.9368981017891,524.6280555469242,527.8210983276367,3632495.1666666665,0.0,0.0
2018-06-25 00:00:00-04:00,524.2501682075862,529.7243149968366,519.3273482925537,521.1885484059652,3034261.1666666665,0.0,0.0
2018-06-26 00:00:00-04:00,524.8932314038635,532.8523532218164,519.7556444615287,523.134762763977,5181504.333333333,0.0,0.0
2018-06-27 00:00:00-04:00,525.2438226316768,526.130994374991,515.8646139069219,517.3941539128622,2945478.8333333335,0.0,0.0
2018-06-28 00:00:00-04:00,515.8803458600772,523.9543645492054,513.4640853903455,521.2748924891154,3168497.0,0.0,0.0
2018-06-29 00:00:00-04:00,524.1028311124363,531.7455327494033,523.0203125832273,523.201556523641,3529865.1666666665,0.0,0.0
2018-07-02 00:00:00-04:00,517.6957327647735,528.9707975000427,517.2817447959536,526.332038561503,2510575.6666666665,0.0,0.0
2018-07-03 00:00:00-04:00,527.7022739460566,534.6357140225257,527.0170127839772,533.608764966329,1125127.1666666667,0.0,0.0
2018-07-05 00:00:00-04:00,538.1670302188381,540.5760814978804,530.1888354493101,538.7702789306641,1912195.3333333333,0.0,0.0
2018-07-06 00:00:00-04:00,537.2793515150843,545.5476962678189,530.5292588136674,531.2307084401449,1679337.0,0.0,0.0
2018-07-09 00:00:00-04:00,533.2728193030827,542.0765646564255,531.607401804086,540.0496807098389,2755268.3333333335,0.0,0.0
2018-07-10 00:00:00-04:00,539.1676268994881,547.3928845095244,537.6108902307004,545.9519357681274,2821954.5,0.0,0.0
2018-07-11 00:00:00-04:00,541.3872572012594,549.0910182921926,537.6973224543713,539.1266771952311,2138013.6666666665,0.006453666666666667,0.0
2018-07-12 00:00:00-04:00,538.1797022361094,543.2569152632882,531.5764474667923,542.0941235224406,2249176.3333333335,0.018333333333333333,0.0
2018-07-13 00:00:00-04:00,542.0579553173596,547.4822596539112,539.7637581556371,545.7110090255737,1886975.3333333333,0.0,0.0
2018-07-16 00:00:00-04:00,541.2336365168604,545.2520292216889,537.8846554461526,540.5376818974813,2427748.0,0.0,0.0
2018-07-17 00:00:00-04:00,538.2136563453194,558.7534729716714,538.1834551799714,557.5177307128906,2861387.1666666665,0.0,0.0
2018-07-18 00:00:00-04:00,554.965564289881,555.2383042837829,541.3487477795783,551.0247704188029,2447983.0,0.0,0.0
2018-07-19 00:00:00-04:00,552.4603009021373,561.0214549223983,551.4336219287026,558.2996031443278,2220618.0,0.0,0.0
2018-07-20 00:00:00-04:00,543.6495404066314,546.0759811075459,506.68298083698824,513.9612162907919,2413360.3333333335,0.0,0.0
2018-07-23 00:00:00-04:00,513.2153083350074,517.1359511397694,504.3294366004405,510.7383238474528,3126656.1666666665,0.0,0.0
2018-07-24 00:00:00-04:00,515.1875205716475,517.058536543438,496.920992284932,497.4198996225993,3461399.5,0.0,0.0
2018-07-25 00:00:00-04:00,498.34504319475906,498.41953029310736,483.1578676975833,492.05786514282227,5249478.666666667,0.0,0.0
2018-07-26 00:00:00-04:00,489.76893722716704,504.4262539815057,487.7692807665471,502.20490678151447,5963915.166666667,0.0,0.0
2018-07-27 00:00:00-04:00,501.4872229530578,503.296088909694,487.78254823739934,495.4698543548584,4787707.666666667,0.0,0.0
2018-07-30 00:00:00-04:00,494.31263306686486,499.31138246150687,479.23096975178436,479.29477945963544,2962763.5,0.0,0.0
2018-07-31 00:00:00-04:00,479.8199276803884,490.12297760069555,476.40559598790406,487.6218910217285,3568754.6666666665,0.0,0.0
2018-08-01 00:00:00-04:00,487.7598956341837,490.7509537721575,476.4794617922693,481.9142843882243,3596415.8333333335,0.004166666666666667,0.0
2018-08-02 00:00:00-04:00,478.97827746012626,487.71828889226185,475.9926746555845,486.22058359781903,2910430.8333333335,0.0,0.0
2018-08-03 00:00:00-04:00,484.2411592168983,486.37608611235004,474.4781230636493,475.998911857605,1951377.1666666667,0.0,0.0
2018-08-06 00:00:00-04:00,474.7274581133049,480.01717676886165,467.2819647940839,476.85319900512695,2130259.0,0.0,0.0
2018-08-07 00:00:00-04:00,476.86580620741734,486.67046736991546,475.8118581497165,486.08711496988934,2032274.0,0.020833333333333332,0.0
2018-08-08 00:00:00-04:00,485.28303150945294,486.4362975719282,481.36508677730626,482.6189489364624,1738351.1666666667,0.0,0.0
2018-08-09 00:00:00-04:00,484.27358472741076,493.95782298642433,483.1879375030034,487.97015476226807,2123032.3333333335,0.0,0.0
2018-08-10 00:00:00-04:00,484.9150576577088,485.1002111485393,477.76598927213695,482.14540672302246,2448442.1666666665,0.0,0.0
2018-08-13 00:00:00-04:00,477.80762626162283,481.3197563404549,463.6192961109548,471.3669538497925,3256213.8333333335,0.0,0.0
2018-08-14 00:00:00-04:00,471.36315311567273,481.66474659234865,468.2144823894912,476.6720908482869,2259645.1666666665,0.0,0.0
2018-08-15 00:00:00-04:00,474.9673555777791,475.88664153708436,464.3233515331892,472.12728945414227,2184256.3333333335,0.0,0.0
2018-08-16 00:00:00-04:00,475.00627362545856,479.32492090589056,466.15628571295866,468.99149481455487,1808000.0,0.0,0.0
2018-08-17 00:00:00-04:00,467.12568019708687,470.9053740535415,460.2944923504752,465.33056322733563,1859313.0,0.0,0.0
2018-08-20 00:00:00-04:00,463.4659482664026,469.3916105675234,463.23320034538074,464.7665376663208,2411871.0,0.0,0.0
2018-08-21 00:00:00-04:00,470.30833717717695,491.7038159947894,470.2203315800037,487.8705476125081,6631559.0,0.0,0.0
2018-08-22 00:00:00-04:00,485.5002987953914,485.82673452791164,476.63622868106717,478.0390974680583,2525919.8333333335,0.0,0.0
2018-08-23 00:00:00-04:00,477.0943694355257,477.1381023890662,469.8999770816874,471.369099299113,1997291.6666666667,0.0,0.0
2018-08-24 00:00:00-04:00,470.035078400684,476.17961656041376,468.6079333816049,470.3417024612427,1496507.0,0.0,0.0
2018-08-27 00:00:00-04:00,470.06906723712314,481.30735917098735,466.7606854541536,479.48371028900146,1621545.3333333333,0.0,0.0
2018-08-28 00:00:00-04:00,481.1480756955609,485.4179921162684,472.4886784672663,473.5668706893921,1909358.6666666667,0.0,0.0
2018-08-29 00:00:00-04:00,473.19634071411355,478.5243173611916,467.18175570682115,471.55543486277264,1517120.3333333333,0.0,0.0
2018-08-30 00:00:00-04:00,468.6825159324548,476.7735769714902,468.2690740751836,474.6196750005086,1640783.3333333333,0.0,0.0
2018-08-31 00:00:00-04:00,473.2328757686061,476.46922008912003,470.6338760921389,472.7479883829753,1500727.6666666667,0.0,0.0
2018-09-04 00:00:00-04:00,470.7047995388178,475.7193132654295,466.18571130445724,467.77779452006024,1731805.8333333333,0.0,0.0
2018-09-05 00:00:00-04:00,466.5625797584989,474.45296584387216,466.4043024709613,471.18007946014404,2343065.1666666665,0.0,0.0
2018-09-06 00:00:00-04:00,470.55747657920415,477.2718991273853,469.80513365654724,470.604474067688,2180744.1666666665,0.0,0.0
2018-09-07 00:00:00-04:00,468.60721363078693,470.4712230388514,461.6607917389363,461.91977977752686,2986367.8333333335,0.0,0.0
2018-09-10 00:00:00-04:00,463.39954068340916,465.2796685839791,457.823608632958,459.3819993336995,2213235.3333333335,0.0,0.0
2018-09-11 00:00:00-04:00,456.3454610557374,469.54795867842705,453.61962112266355,461.4843060175578,2544368.6666666665,0.0,0.0
2018-09-12 00:00:00-04:00,460.86788206176976,471.6446115535795,455.5683859072151,470.9377565383911,2662670.0,0.0,0.0
2018-09-13 00:00:00-04:00,472.0525051076479,472.226509178153,459.6269896905758,467.4182170232137,3128618.6666666665,0.0,0.0
2018-09-14 00:00:00-04:00,464.40404444497653,472.279929328695,461.2686828929457,468.48691908518475,2233879.1666666665,0.0,0.0
2018-09-17 00:00:00-04:00,470.1709399767301,471.76646622270283,463.18008726299723,464.3134053548177,2182449.1666666665,0.015,0.0
2018-09-18 00:00:00-04:00,463.05095214233603,475.3060906231169,463.025130688818,473.2657820383708,2187423.8333333335,0.0,0.0
2018-09-19 00:00:00-04:00,471.9835835252375,475.14687457207236,463.58908271896985,463.94750118255615,2080198.0,0.0,0.0
2018-09-20 00:00:00-04:00,467.4765405041167,471.2929546594539,458.5354663828018,462.0861482620239,3780047.1666666665,0.0,0.0
2018-09-21 00:00:00-04:00,459.06835492484055,462.06310304149355,453.05610843868817,457.88454564412433,4822862.166666667,0.0,0.0
2018-09-24 00:00:00-04:00,457.08394162502174,465.92295840292377,453.55446175850983,455.48543707529706,3383188.6666666665,0.0,0.0
2018-09-25 00:00:00-04:00,455.2653211826766,458.5970166428536,451.9901580325163,453.2070191701253,3144644.1666666665,0.0,0.0
2018-09-26 00:00:00-04:00,454.4118742378308,456.2667517213476,446.10647691694834,446.4880256652832,4367330.0,0.0,0.0
2018-09-27 00:00:00-04:00,446.4101455848163,452.0642937639727,440.61136459579575,449.78920491536456,3341452.3333333335,0.0,0.0
2018-09-28 00:00:00-04:00,449.7978347782318,455.31331700945884,436.47660601556635,437.6091496149699,3519797.6666666665,0.0,0.0
2018-10-01 00:00:00-04:00,438.51621706087303,444.20439548647545,437.46258804619924,438.85631052652997,3347379.1666666665,0.0,0.0
2018-10-02 00:00:00-04:00,436.8051073742017,445.54115055777453,436.72801355506937,439.25278759002686,3939409.5,0.0,0.0
2018-10-03 00:00:00-04:00,440.2274424313468,441.3886140736711,425.1824770965606,429.3249228795369,5426146.5,0.0,0.0
2018-10-04 00:00:00-04:00,426.6210653621841,427.6020305211348,416.2531947686851,422.9701337814331,4318751.333333333,0.0,0.0
2018-10-05 00:00:00-04:00,423.6916711386895,430.6799749350342,411.0639692344278,425.0246693293254,5068705.5,0.0,0.0
2018-10-08 00:00:00-04:00,423.9325117081923,437.7554053820763,421.578171383582,433.09669399261475,3304046.1666666665,0.0,0.0
2018-10-09 00:00:00-04:00,431.09920246837646,433.382830153777,419.95104965639285,420.0322551727295,3366784.1666666665,0.0,0.0
2018-10-10 00:00:00-04:00,419.55752044655304,430.3108954054249,414.51404253655505,415.54480679829913,3825543.1666666665,0.0,0.0
2018-10-11 00:00:00-04:00,410.98309426543125,415.8262647331396,402.03711173079705,402.5565891265869,4008491.5,0.018333333333333333,0.0
2018-10-12 00:00:00-04:00,407.4050401657841,407.4366702201298,388.3657662812829,398.0024236043294,3715636.0,0.0,0.0
2018-10-15 00:00:00-04:00,397.1600621538955,399.48065043545836,391.67036399827356,395.85928694407147,2389344.3333333335,0.0,0.0
2018-10-16 00:00:00-04:00,395.6318424777075,405.0175509683261,393.5112677085751,401.29754702250165,3082836.0,0.0,0.0
2018-10-17 00:00:00-04:00,397.8444000827899,400.1161073499297,384.3600451058457,398.64659182230633,4064793.8333333335,0.0,0.0
2018-10-18 00:00:00-04:00,385.66962811892034,389.8582438918124,363.17922927808235,384.2368218104045,3444531.3333333335,0.006453666666666667,0.0
2018-10-19 00:00:00-04:00,387.48619178627854,390.04334590078776,378.26098942982867,384.0849313735962,3520147.8333333335,0.0,0.0
2018-10-22 00:00:00-04:00,384.1874200905118,393.1139047363013,373.9311376777628,376.65618292490643,4885257.666666667,0.0,0.0
2018-10-23 00:00:00-04:00,373.3156237207266,396.35444738941123,370.66724401074754,384.65683396657306,7965939.0,0.0,0.0
2018-10-24 00:00:00-04:00,384.3858878745345,398.0266493304304,371.85251629991603,371.8767277399699,5764065.0,0.0,0.0
2018-10-25 00:00:00-04:00,375.6420881689675,389.2159703855275,372.1907627949982,383.30429395039874,5712678.666666667,0.0,0.0
2018-10-26 00:00:00-04:00,377.78958235637737,405.7150787103337,375.8279749045848,391.82392501831055,7086454.833333333,0.0,0.0
2018-10-29 00:00:00-04:00,401.9657097125267,402.0589275328848,376.3019908793015,385.0458704630534,4210305.166666667,0.0,0.0
2018-10-30 00:00:00-04:00,383.4743481407611,404.64810055387824,383.23579964265053,397.58772563934326,6480123.5,0.0,0.0
2018-10-31 00:00:00-04:00,403.1663939383429,406.07068735921035,386.0527625975801,396.97698465983075,7205927.5,0.0,0.0
2018-11-01 00:00:00-04:00,398.52306384657794,419.8822380190938,393.3067276186608,415.96835962931317,5215997.166666667,0.0,0.0
2018-11-02 00:00:00-04:00,417.69884921425836,417.73377327959435,397.5876901654999,400.1758864720662,3624492.6666666665,0.0,0.0
2018-11-05 00:00:00-05:00,404.42064640874383,417.6518237672082,404.143120710157,414.7284126281738,3164964.6666666665,0.0,0.0
2018-11-06 00:00:00-05:00,414.68738745522,420.41151036240484,413.08972377594336,414.34166781107587,2296358.0,0.0,0.0
2018-11-07 00:00:00-05:00,419.7996683365866,419.84994185716454,400.9640312814858,408.01298173268634,3109254.3333333335,0.0,0.0
2018-11-08 00:00:00-05:00,403.2114709351445,417.06845831360766,386.84040070598894,405.14983495076496,5746199.666666667,0.0,0.0
2018-11-09 00:00:00-05:00,405.45988063933424,414.4146453172528,402.211505029248,409.206135114034,4195247.833333333,0.0,0.0
2018-11-12 00:00:00-05:00,409.195048282761,415.36930694876224,405.8270494260514,410.20104598999023,3342941.1666666665,0.0,0.0
2018-11-13 00:00:00-05:00,412.3960839312256,424.4813405086239,412.2980617339597,416.49532349904376,3779718.8333333335,0.0,0.0
2018-11-14 00:00:00-05:00,422.9400041591564,426.95766862343936,413.77133162361014,414.495797475179,3160670.5,0.004166666666666667,0.0
2018-11-15 00:00:00-05:00,403.97299795691896,419.17353270303664,397.39548044008825,416.21827697753906,7236269.166666667,0.0,0.0
2018-11-16 00:00:00-05:00,415.9950127675317,427.0298249014449,409.00814390969,422.9690163930257,4474191.0,0.0,0.0
2018-11-19 00:00:00-05:00,425.64785368723386,431.79476232077394,418.41755970333065,428.94859345753986,4655404.166666667,0.0,0.0
2018-11-20 00:00:00-05:00,425.97643330137345,437.2416276289435,425.9461649134689,430.6703755060832,4684546.333333333,0.0,0.0
2018-11-21 00:00:00-05:00,433.6352097207807,439.60425013326903,426.47062033584257,437.57378482818604,3634639.5,0.0,0.0
2018-11-23 00:00:00-05:00,437.02791999835193,442.44722806623304,434.4736222807385,438.21726004282635,1347657.3333333333,0.024999999999999998,0.0
2018-11-26 00:00:00-05:00,444.35813883775563,445.00089234195474,433.9008746778436,438.151878674825,3670504.5,0.0,0.0
2018-11-27 00:00:00-05:00,438.5066842733175,440.13731802976775,433.74922904550607,435.6790049870809,2894036.8333333335,0.0,0.0
2018-11-28 00:00:00-05:00,438.7714167956688,454.92095014720434,428.7039415227343,451.81315358479816,3842896.3333333335,0.0,0.0
2018-11-29 00:00:00-05:00,449.1779881786155,453.2687634894253,433.88804317501496,436.8585488001506,3794961.8333333335,0.0,0.0
2018-11-30 00:00:00-05:00,437.8504305226731,441.0051517502027,430.01577050184966,432.68857924143475,4678867.0,0.0,0.0
2018-12-03 00:00:00-05:00,436.4819212659561,449.82960454126675,425.86563408671003,447.0331818262736,3541293.0,0.0,0.0
2018-12-04 00:00:00-05:00,442.01786992586057,442.66906142495577,426.48215285229406,430.0014254252116,7278498.0,0.0,0.0
2018-12-06 00:00:00-05:00,425.9491899745469,441.00838929129674,422.5210476512921,439.64923508961994,4050305.1666666665,0.0,0.0
2018-12-07 00:00:00-05:00,440.9108284836597,446.4760327460445,432.39168558322496,433.4665714899699,2945417.6666666665,0.0,0.0
2018-12-10 00:00:00-05:00,432.34611485360193,436.3722601276373,411.2868236721609,422.0596466064453,2954180.8333333335,0.0,0.0
2018-12-11 00:00:00-05:00,434.59981137837946,434.7734397038982,423.40939123958015,425.1818161010742,2605094.3333333335,0.0,0.0
2018-12-12 00:00:00-05:00,429.16982464003223,439.8371434856386,419.4485735968015,431.01088587443036,2733547.6666666665,0.0,0.0
2018-12-13 00:00:00-05:00,437.18762814939174,440.4555665158185,430.1083889310216,430.54693063100177,2411855.8333333335,0.0,0.0
2018-12-14 00:00:00-05:00,426.9432423495489,440.5837315325611,426.8148704871135,430.9119984308879,2655738.8333333335,0.0,0.0
2018-12-17 00:00:00-05:00,433.0023592439588,439.42345475599586,425.42476112902335,432.0180997848511,3469585.0,0.018333333333333333,0.0
2018-12-18 00:00:00-05:00,431.9295082729543,444.09703856791833,425.64653245156325,436.95852756500244,4548320.833333333,0.0,0.0
2018-12-19 00:00:00-05:00,440.5957893139134,449.3987078837126,430.1072440608755,430.34004465738934,4385707.0,0.0,0.0
2018-12-20 00:00:00-05:00,427.55514707124786,438.7325306985008,424.40536406024717,432.23791948954266,4085540.1666666665,0.0,0.0
2018-12-21 00:00:00-05:00,430.12825778157065,439.1345758738617,413.4028301244604,413.44061247507733,5930640.5,0.0,0.0
2018-12-24 00:00:00-05:00,413.0619995069046,415.8621678327129,405.3446986939087,408.61985143025714,1681597.0,0.0,0.0
2018-12-26 00:00:00-05:00,413.19698612781286,429.73238867160995,404.6822487283013,428.309902826945,2639027.1666666665,0.0,0.0
2018-12-27 00:00:00-05:00,422.29315256905943,430.0600516630384,412.84928150657316,429.94389724731445,2462450.5,0.0,0.0
2018-12-28 00:00:00-05:00,432.61079945735565,436.01536069483905,420.3730370392479,426.43151505788165,2164515.0,0.0,0.0
2018-12-31 00:00:00-05:00,426.9271748646085,431.36669638720053,420.1485163062127,429.2247606913249,1962853.1666666667,0.0,0.0
2019-01-02 00:00:00-05:00,420.58849915069845,427.88204593489127,403.45264439306834,426.9700180689494,3371565.6666666665,0.0,0.0
2019-01-03 00:00:00-05:00,427.5424453676547,427.93895749623266,416.1081841076995,420.29158878326416,2737565.1666666665,0.0,0.0
2019-01-04 00:00:00-05:00,420.91964986110844,432.72105666334363,417.58687939653845,426.5480146408081,3329009.6666666665,0.0,0.0
2019-01-07 00:00:00-05:00,425.7345803204207,438.7125097581397,423.3862213842934,436.79071712493896,4761069.666666667,0.0,0.0
2019-01-08 00:00:00-05:00,433.92357875187423,441.1566750960069,428.7001439460286,440.8266305923462,3939003.5,0.0,0.0
2019-01-09 00:00:00-05:00,439.5260517205606,454.51412801215014,435.8732006636958,448.2023474375407,7146487.666666667,0.0,0.0
2019-01-10 00:00:00-05:00,442.8906736961049,459.6931053999759,442.25311261462616,453.0621617635091,4323489.0,0.018333333333333333,0.0
2019-01-11 00:00:00-05:00,453.18943270317186,460.17923020190415,449.7361647094822,457.09295717875165,3381823.0,0.0,0.0
2019-01-14 00:00:00-05:00,455.88097322404195,458.5840570254106,447.97709647224787,449.7854070663452,3429570.1666666665,0.0,0.0
2019-01-15 00:00:00-05:00,446.500621142829,455.0192916305917,446.1382304357459,452.63425699869794,2340158.3333333335,0.0,0.0
2019-01-16 00:00:00-05:00,454.87140787660536,455.306374783781,445.0666037184337,447.08912626902264,2921752.3333333335,0.0,0.0
2019-01-17 00:00:00-05:00,444.8274327727759,453.361554316889,441.45781143218574,446.292119661967,3102970.3333333335,0.0,0.0
2019-01-18 00:00:00-05:00,447.8289406032498,451.1041008246925,438.04392905329615,439.8528060913086,3480934.5,0.0,0.0
2019-01-22 00:00:00-05:00,440.9586095180091,444.6728790780018,432.9045864788893,435.5170269012451,2921617.8333333335,0.0,0.0
2019-01-23 00:00:00-05:00,439.7562614668348,445.71392063530556,435.9064489962891,441.2994950612386,2642257.8333333335,0.0,0.0
2019-01-24 00:00:00-05:00,441.3724682611467,448.13760308682595,438.833366968916,445.39714431762695,4095988.5,0.006453666666666667,0.0
2019-01-25 00:00:00-05:00,458.406339193672,464.6710967425817,440.4763389974941,444.40594005584717,5359160.5,0.0,0.0
2019-01-28 00:00:00-05:00,436.29834340770566,460.17622982501075,436.1794800215228,451.47594515482587,3557502.6666666665,0.0,0.0
2019-01-29 00:00:00-05:00,449.2475022805831,467.10829099119206,438.5243357954143,462.6809778213501,4980205.833333333,0.0,0.0
2019-01-30 00:00:00-05:00,464.73924518308337,474.5892747668012,461.2498729696576,467.0669968922933,4077112.6666666665,0.0,0.0
2019-01-31 00:00:00-05:00,467.3267442112951,478.2184975491939,465.1495003304654,469.46484120686847,5247742.833333333,0.0,0.0
2019-02-01 00:00:00-05:00,468.4164312188291,474.41662774169976,462.3083401878733,465.30740038553876,3517001.1666666665,0.0,0.0
2019-02-04 00:00:00-05:00,467.54865416941374,470.7681047649434,458.5262430506761,463.8612922032674,2542900.3333333335,0.0,0.0
2019-02-05 00:00:00-05:00,464.3651093848368,467.83963931463717,459.7470667669725,461.51635392506915,2379887.6666666665,0.0,0.0
2019-02-06 00:00:00-05:00,466.97601048367477,467.0824636932139,445.7863515932031,448.0008141199748,2823180.6666666665,0.004166666666666667,0.0
2019-02-07 00:00:00-05:00,444.32466567186003,462.0074334955995,444.2091831051238,461.9180717468262,2719343.5,0.0,0.0
2019-02-08 00:00:00-05:00,461.07979274813596,463.2934626244865,452.7776558157312,455.42107168833417,2130940.5,0.024999999999999998,0.0
2019-02-11 00:00:00-05:00,458.64262899645854,463.18180342444475,454.82912537667835,459.16429646809894,2081289.1666666667,0.0,0.0
2019-02-12 00:00:00-05:00,461.29854301651335,477.9404244139566,461.2614173261761,475.4840415318807,4783133.333333333,0.0,0.0
2019-02-13 00:00:00-05:00,477.02953959985797,477.1649119769854,459.353213288722,460.04352537790936,3472788.6666666665,0.0,0.0
2019-02-14 00:00:00-05:00,456.18434763744045,472.7228410883143,455.93254191430515,469.2668555577596,2989925.0,0.0,0.0
2019-02-15 00:00:00-05:00,471.4602292788702,476.5622650685868,468.13332815516657,470.51221656799316,2907756.1666666665,0.0,0.0
2019-02-19 00:00:00-05:00,471.38936455865155,477.1002279431648,460.92194470631966,464.02929369608563,2739049.5,0.0,0.0
2019-02-20 00:00:00-05:00,460.20134396786267,467.54198507615314,455.6888421209251,458.4211753209432,2908963.3333333335,0.0,0.0
2019-02-21 00:00:00-05:00,454.7731497479567,469.4457251697056,453.3591142707708,467.7302252451579,3185838.6666666665,0.0,0.0
2019-02-22 00:00:00-05:00,471.86632052263934,478.7359566432203,469.09747559292754,474.12325795491535,2794616.3333333335,0.0,0.0
2019-02-25 00:00:00-05:00,474.40419380191867,477.98237223371206,465.41115343046596,468.4651810328166,3430248.8333333335,0.0,0.0
2019-02-26 00:00:00-05:00,466.08773708957,473.56389603804683,461.1921343938097,465.8851788838704,2548997.6666666665,0.0,0.0
2019-02-27 00:00:00-05:00,464.7863121259165,471.3974470380786,458.9350364002726,467.1860653559367,3131480.5,0.0,0.0
2019-02-28 00:00:00-05:00,466.2521628775726,469.3510303231858,459.6533561938845,462.8552014033,3753001.5,0.0,0.0
2019-03-01 00:00:00-05:00,463.7199067509575,466.5169622322574,456.52280195752286,459.45443471272785,3642311.6666666665,0.0,0.0
2019-03-04 00:00:00-05:00,459.9005542034624,470.3486295955165,459.75638220415163,469.9407968521118,3341373.6666666665,0.0,0.0
2019-03-05 00:00:00-05:00,468.008007052184,471.54867737005384,461.12262633081167,465.70625559488934,3069052.3333333335,0.0,0.0
2019-03-06 00:00:00-05:00,465.7549367113491,478.2563736586782,465.55332910965825,474.4263156255086,2587327.6666666665,0.0,0.0
2019-03-07 00:00:00-05:00,473.10747108221625,496.99165158506224,473.0349987074043,485.1166950861613,3749247.8333333335,0.0,0.0
2019-03-08 00:00:00-05:00,481.88021809724313,488.3147967479324,476.0717696637244,478.23641808827716,2813515.8333333335,0.0,0.0
2019-03-11 00:00:00-04:00,478.530759544464,486.9726059462876,478.3695330068942,483.59683386484784,2239526.8333333335,0.0,0.0
2019-03-12 00:00:00-04:00,484.168203874002,489.55222652449424,481.1313992656587,488.6590213775635,2012434.0,0.0,0.0
2019-03-13 00:00:00-04:00,489.6291466516886,493.9695313108527,482.61063898911226,483.2594763437907,2292985.8333333335,0.0,0.0
2019-03-14 00:00:00-04:00,483.0729293767335,486.71181378681325,480.0110915534198,480.52678457895917,2342937.5,0.018333333333333333,0.0
2019-03-15 00:00:00-04:00,481.32694075843307,492.22174599533446,479.2855450078439,480.60609753926593,2882789.3333333335,0.0,0.0
2019-03-18 00:00:00-04:00,486.2142957433453,490.0495437551622,481.26001056310935,486.4974775314331,2367935.8333333335,0.0,0.0
2019-03-19 00:00:00-04:00,488.2620845741387,489.10633057622994,479.3232709825404,481.2721160252889,2514366.6666666665,0.0,0.0
2019-03-20 00:00:00-04:00,479.70590920154024,486.84854611315114,472.9736514595964,482.55513763427734,3948389.3333333335,0.0,0.0
2019-03-21 00:00:00-04:00,482.5451352048521,495.4435516048231,482.4592447210553,486.42553965250653,3519901.6666666665,0.0,0.0
2019-03-22 00:00:00-04:00,483.4676836081955,496.0058125228063,482.5703848467731,489.88644822438556,3094845.8333333335,0.0,0.0
2019-03-25 00:00:00-04:00,489.68797027799087,501.6845522414704,487.9336109243756,499.3666464487712,3886065.1666666665,0.0,0.0
2019-03-26 00:00:00-04:00,499.21515779762643,501.7329335723194,491.2981490632275,498.2944869995117,3435917.1666666665,0.0,0.0
2019-03-27 00:00:00-04:00,504.3833566110693,511.008406399513,500.8628049895442,504.82701206207275,6017558.0,0.0,0.0
2019-03-28 00:00:00-04:00,507.34466544031574,507.64093315410605,490.46867356908916,495.40196736653644,3625704.5,0.0,0.0
2019-03-29 00:00:00-04:00,497.55273592310385,499.53285383182657,486.7065133767833,488.3672402699788,3377045.0,0.0,0.0
2019-04-01 00:00:00-04:00,490.09433753033767,494.0624090876388,484.173915034866,488.37914784749347,2899261.1666666665,0.0,0.0
2019-04-02 00:00:00-04:00,485.62894602547584,490.8762898400577,484.33015670730146,488.4877128601074,2227707.0,0.0,0.0
2019-04-03 00:00:00-04:00,489.17739716692796,499.42913592986207,486.3361466836255,493.08684889475506,2436628.8333333335,0.0,0.0
2019-04-04 00:00:00-04:00,492.3235923577224,506.45437620482966,492.2977911808053,506.3830842971802,2782671.1666666665,0.0,0.0
2019-04-05 00:00:00-04:00,507.86658480012676,511.1236843485405,504.7862263451162,506.9240140914917,2569471.1666666665,0.0,0.0
2019-04-08 00:00:00-04:00,504.4452806171978,511.549502906257,504.14461548355604,508.6430819829305,1885818.3333333333,0.0,0.0
2019-04-09 00:00:00-04:00,506.6571191020919,512.2521720760608,504.6169187208575,507.69115511576337,2258720.1666666665,0.0,0.0
2019-04-10 00:00:00-04:00,509.8207728320972,515.148270120304,507.37139390211655,513.4184449513754,1960333.3333333333,0.0,0.0
2019-04-11 00:00:00-04:00,516.1148738631103,522.4545008748659,510.74935453328493,519.4330851236979,2561509.0,0.018333333333333333,0.0
2019-04-12 00:00:00-04:00,519.8424532900153,526.53727305655,518.2066036759676,523.7679042816162,3360952.0,0.0,0.0
2019-04-15 00:00:00-04:00,527.6640327665663,528.7479020067329,523.0185252853489,528.5714381535848,2701700.3333333335,0.0,0.0
2019-04-16 00:00:00-04:00,528.9312900990984,534.7948151129796,525.7118789381742,532.6950356165568,2314790.1666666665,0.0,0.0
2019-04-17 00:00:00-04:00,535.3927871672429,537.665711073193,532.8701198978595,536.6703516642252,2375932.1666666665,0.0,0.0
2019-04-18 00:00:00-04:00,537.7033296480612,546.4458606959766,531.6775824634386,543.6876163482666,2902603.3333333335,0.0,0.0
2019-04-22 00:00:00-04:00,551.209392311458,576.8495281096725,543.6018739035172,574.4602155685425,2544068.0,0.0,0.0
2019-04-23 00:00:00-04:00,576.3770613855064,585.7990476503944,560.8356745976212,565.493745803833,3243436.8333333335,0.006453666666666667,0.0
2019-04-24 00:00:00-04:00,562.762950172032,568.3646915340486,553.8059863028728,565.7597633997599,2308433.1666666665,0.0,0.0
2019-04-25 00:00:00-04:00,558.9571699029337,562.6601206070974,547.5095963619569,553.3543217976888,3546390.8333333335,0.0,0.0
2019-04-26 00:00:00-04:00,553.5665100385962,553.6648264284471,541.8092683610283,548.3614664077759,2249473.8333333335,0.0,0.0
2019-04-29 00:00:00-04:00,550.2586398787989,554.1846833113019,540.4499887027226,551.1659491856893,1947255.8333333333,0.0,0.0
2019-04-30 00:00:00-04:00,549.2908221146705,558.6788146629741,542.2343210111497,554.622194925944,2070955.0,0.0,0.0
2019-05-01 00:00:00-04:00,556.0342235245377,570.6269521428561,555.7958305962462,559.7507845560709,2282603.1666666665,0.004166666666666667,0.0
2019-05-02 00:00:00-04:00,558.2448625182997,573.4324310546584,554.97801064695,570.6972494125366,1888568.6666666667,0.0,0.0
2019-05-03 00:00:00-04:00,572.5359148985414,577.0840882084875,569.5831958015233,574.4448715845743,1904334.6666666667,0.0,0.0
2019-05-06 00:00:00-04:00,567.5640838488742,581.2528461360567,566.4276779397827,578.0813970565796,1997132.5,0.0,0.0
2019-05-07 00:00:00-04:00,582.0491096442612,582.1908254899805,565.0693027897386,570.9437472025553,1733692.8333333333,0.0,0.0
2019-05-08 00:00:00-04:00,568.3629353799396,576.6640602886418,564.9214907157997,566.6830501556396,1256332.3333333333,0.0,0.0
2019-05-09 00:00:00-04:00,564.4623695108903,580.380449991645,563.9423652366826,580.3252010345459,1565781.8333333333,0.0,0.0
2019-05-10 00:00:00-04:00,580.7954498928365,582.355897873586,574.3810484419549,577.6145601272583,1437519.0,0.024999999999999998,0.0
2019-05-13 00:00:00-04:00,570.7129422689317,574.1021802593415,560.2574143718356,570.5201511383057,2012760.0,0.0,0.0
2019-05-14 00:00:00-04:00,571.4451599709186,584.0752677298464,570.4081779894528,577.2488501866659,2451232.3333333335,0.0,0.0
2019-05-15 00:00:00-04:00,577.8706628487606,583.6869618069874,575.2373004713488,582.2145846684774,1774153.5,0.0,0.0
2019-05-16 00:00:00-04:00,583.1717078495734,594.0595770916283,581.8630063299006,587.5183404286703,2235609.5,0.0,0.0
2019-05-17 00:00:00-04:00,583.693575299372,591.1372742492714,581.6902129452515,583.1323509216309,1986816.0,0.0,0.0
2019-05-20 00:00:00-04:00,581.582444851852,583.4981979061968,570.29732569736,572.6326834360758,2125673.1666666665,0.0,0.0
2019-05-21 00:00:00-04:00,573.7707607817409,583.7503877927024,570.6907082297768,581.0247208277384,1880872.0,0.0,0.0
2019-05-22 00:00:00-04:00,575.411682492068,582.6511800745142,567.8693029007705,570.182833035787,2562173.1666666665,0.0,0.0
2019-05-23 00:00:00-04:00,567.1942797961576,570.8778766129184,561.0081884853805,564.578761100769,2451699.1666666665,0.0,0.0
2019-05-24 00:00:00-04:00,567.4981223007368,575.767194915065,564.8923881074946,574.6985241572062,1645902.6666666667,0.0,0.0
2019-05-28 00:00:00-04:00,576.2787005514107,578.313027589064,562.6803556722605,564.6148977279663,1960118.8333333333,0.0,0.0
2019-05-29 00:00:00-04:00,559.3839059647615,568.2787957286777,555.4061445534517,565.1119092305502,2386473.8333333335,0.0,0.0
2019-05-30 00:00:00-04:00,565.5923553231829,572.0646198586069,562.9504690353734,566.1812343597412,1788281.1666666667,0.0,0.0
2019-05-31 00:00:00-04:00,562.4234426488418,572.4826586527478,552.8809013124513,561.5376036961874,2257478.1666666665,0.0,0.0
2019-06-03 00:00:00-04:00,559.5758019816775,577.8700836618992,556.1581507946021,572.9203735987345,2431439.8333333335,0.0,0.0
2019-06-04 00:00:00-04:00,575.5649245957044,582.0037608557433,568.4110725697897,581.9312219619751,2402701.5,0.0,0.0
2019-06-05 00:00:00-04:00,582.8691267097173,591.7237206769685,579.0125966002508,588.6554123560587,1937835.6666666667,0.0,0.0
2019-06-06 00:00:00-04:00,588.7511544597102,599.3547175287263,583.6083816428151,589.725879351298,1739663.6666666667,0.0,0.0
2019-06-07 00:00:00-04:00,591.9370594736023,597.7267052951614,591.0700034150698,594.9529930750529,1752440.0,0.0,0.0
2019-06-10 00:00:00-04:00,596.5066289619746,603.3206996144203,590.5018517905877,596.7161032358805,1319033.1666666667,0.0,0.0
2019-06-11 00:00:00-04:00,598.1359208133202,598.6716565002068,582.821236315613,591.0731935501099,1532431.5,0.0,0.0
2019-06-12 00:00:00-04:00,589.5562511478616,598.3840024589409,586.0083902738519,595.1413078308105,2101239.6666666665,0.0,0.0
2019-06-13 00:00:00-04:00,595.4289679311613,599.9733009506623,589.7977503421008,595.7305275599161,1687077.5,0.018333333333333333,0.0
2019-06-14 00:00:00-04:00,594.4783002792252,611.69894908619,590.864887955956,606.664392789205,1794433.8333333333,0.0,0.0
2019-06-17 00:00:00-04:00,610.0729440020202,611.0016036350767,591.706963207569,601.466480255127,1587914.5,0.0,0.0
2019-06-18 00:00:00-04:00,603.1358598739101,610.8762817825848,595.9108308624128,604.6523542404175,2194206.0,0.0,0.0
2019-06-19 00:00:00-04:00,603.0898734768945,603.1582445258578,586.1874485961638,591.8374325434366,2778098.1666666665,0.0,0.0
2019-06-20 00:00:00-04:00,593.9563891866295,598.4132709283476,586.1583560987957,598.2714548110962,2124894.6666666665,0.0,0.0
2019-06-21 00:00:00-04:00,594.7657159853476,594.8238486203173,580.752897446144,581.0330791473389,2580786.8333333335,0.0,0.0
2019-06-24 00:00:00-04:00,586.3376332961317,590.7413396038859,580.6864761374803,584.5037889480591,2100856.3333333335,0.0,0.0
2019-06-25 00:00:00-04:00,587.2695240609236,591.6089674922501,568.8259774268107,573.0092732111613,6291717.333333333,0.0,0.0
2019-06-26 00:00:00-04:00,571.8149514625701,577.3179351973018,566.6058908131624,566.9318211873373,3794980.5,0.0,0.0
2019-06-27 00:00:00-04:00,569.0636948153256,584.9904548523465,568.4236500806727,583.8470013936361,3430191.8333333335,0.0,0.0
2019-06-28 00:00:00-04:00,587.9204635435127,592.7443454593835,578.4051954116541,590.0200217564901,3697113.0,0.0,0.0
2019-07-01 00:00:00-04:00,594.85062141604,598.029578514239,585.0375608030951,589.7867765426636,2715046.6666666665,0.0,0.0
2019-07-02 00:00:00-04:00,589.0276978645072,595.9166294123228,586.7028499951693,594.7824767430624,2115982.1666666665,0.0,0.0
2019-07-03 00:00:00-04:00,591.0541019631611,597.8780628919659,590.958203109814,595.085100809733,1024188.8333333334,0.0,0.0
2019-07-05 00:00:00-04:00,592.0321182607548,595.4953705563647,579.15701281908,586.4501654307047,1770102.0,0.0,0.0
2019-07-08 00:00:00-04:00,583.0776693783606,591.932734034917,580.342271574588,585.9394213358561,1904653.8333333333,0.0,0.0
2019-07-09 00:00:00-04:00,585.1543512273507,591.226804005866,584.749987944727,590.1981541315714,2539779.1666666665,0.0,0.0
2019-07-10 00:00:00-04:00,593.8764499168288,607.0395884054394,590.121442967847,606.8468583424886,2449678.5,0.006453666666666667,0.0
2019-07-11 00:00:00-04:00,606.3686229084539,613.7650921359166,603.173295115004,606.6576398213705,2001471.0,0.018333333333333333,0.0
2019-07-12 00:00:00-04:00,607.980017845003,617.3072973026639,607.6179769136852,610.6365254720052,2099795.8333333335,0.0,0.0
2019-07-15 00:00:00-04:00,611.7626075902425,612.6093937139345,600.323801011803,603.7823457717896,1837624.0,0.0,0.0
2019-07-16 00:00:00-04:00,602.8053281201734,615.0740194791978,602.7555461000862,611.985494295756,1847295.1666666667,0.0,0.0
2019-07-17 00:00:00-04:00,612.9540161695417,618.5590025327109,609.288279793842,612.4845666885376,1625537.1666666667,0.0,0.0
2019-07-18 00:00:00-04:00,611.6641360567274,620.5367654293271,603.837208370567,613.4232641855875,2347116.8333333335,0.0,0.0
2019-07-19 00:00:00-04:00,620.5419565633599,626.1609084846126,611.1554522725338,615.2768990198771,1703862.6666666667,0.0,0.0
2019-07-22 00:00:00-04:00,609.6064888884472,621.9043248586509,607.6983906204249,611.4745461146036,2295934.6666666665,0.0,0.0
2019-07-23 00:00:00-04:00,598.2078323808851,608.8418479893322,588.7582641028825,591.1841684977213,4300068.333333333,0.0,0.0
2019-07-24 00:00:00-04:00,590.5094395945844,597.2361092156412,588.327318217494,591.6669054031372,2760145.0,0.0,0.0
2019-07-25 00:00:00-04:00,592.8375901652697,601.2319559548592,592.7785757326525,598.5458720525106,2897227.3333333335,0.0,0.0
2019-07-26 00:00:00-04:00,601.0588892669192,603.1418451556934,576.8223918742916,580.0895474751791,2038794.3333333333,0.0,0.0
2019-07-29 00:00:00-04:00,580.6117036381673,582.8191976066483,568.9979350881273,578.564310391744,2788878.1666666665,0.0,0.0
2019-07-30 00:00:00-04:00,575.0913492803828,587.7078457757174,573.5555903015546,577.1226816177368,3103889.5,0.0,0.0
2019-07-31 00:00:00-04:00,576.690200141523,594.3309336634425,574.7899186879523,585.9711926778158,2781261.8333333335,0.015,0.0
2019-08-01 00:00:00-04:00,582.910341889545,602.0183989234386,581.3399289142079,593.7966082890829,3322017.3333333335,0.0,0.0
2019-08-02 00:00:00-04:00,592.9719210580325,601.3093122278874,587.0531433737376,596.1543394724528,2160589.3333333335,0.0,0.0
2019-08-05 00:00:00-04:00,591.6720769049788,595.39300183349,578.782179348506,584.9411582946777,2502108.6666666665,0.0,0.0
2019-08-06 00:00:00-04:00,587.6856421098796,596.1520780523593,582.1223391047629,594.2020950317383,2909300.8333333335,0.0,0.0
2019-08-07 00:00:00-04:00,591.5996436132551,612.7429293967343,590.5789157316007,610.17977364858,3565517.5,0.0,0.0
2019-08-08 00:00:00-04:00,609.9042694556964,621.0316160314065,608.2535724359115,620.2794723510742,2351721.6666666665,0.0,0.0
2019-08-09 00:00:00-04:00,619.1038846305997,625.7224699138077,616.6339192100342,616.7171936035156,1650018.1666666667,0.024999999999999998,0.0
2019-08-12 00:00:00-04:00,612.9172946445136,613.7357411945881,598.2890924355122,609.5924806594849,1480551.0,0.0,0.0
2019-08-13 00:00:00-04:00,610.9160665952879,624.1950162869128,606.304652334568,622.8211501439413,2475657.0,0.0,0.0
2019-08-14 00:00:00-04:00,616.7602264970567,622.6031313347102,602.6175863308911,611.8842608133951,2424100.0,0.0,0.0
2019-08-15 00:00:00-04:00,609.0810307972118,616.5947831495106,607.5587172971273,610.4365288416544,1979599.5,0.0,0.0
2019-08-16 00:00:00-04:00,610.7760699730773,614.1566608581468,601.2653184206181,612.5443827311198,2096381.8333333333,0.0,0.0
2019-08-19 00:00:00-04:00,612.8295654715556,625.3383539110424,612.6701586025285,621.6455704371134,2114149.1666666665,0.0,0.0
2019-08-20 00:00:00-04:00,618.9956162279185,630.3918472608767,615.0459201488449,626.0159454345703,2350873.5,0.0,0.0
2019-08-21 00:00:00-04:00,627.1062332839114,638.6838119721576,624.3542555953212,631.7076857884725,2902651.3333333335,0.0,0.0
2019-08-22 00:00:00-04:00,635.3053574729416,650.694147320145,631.7810121546455,641.0283199946085,2220430.3333333335,0.0,0.0
2019-08-23 00:00:00-04:00,639.2752468858082,645.173780206704,619.2820231031989,621.0256474812826,3032352.8333333335,0.0,0.0
2019-08-26 00:00:00-04:00,622.3969919643082,633.0223815535701,619.8455646169028,629.9278189341227,2054294.3333333333,0.0,0.0
2019-08-27 00:00:00-04:00,630.402587207449,636.5785902897851,625.0452833012029,628.6603838602701,2321318.6666666665,0.0,0.0
2019-08-28 00:00:00-04:00,623.4082487915903,636.8434971632715,620.8745300809263,631.5305862426758,1800559.0,0.0,0.0
2019-08-29 00:00:00-04:00,634.4829274995233,638.582723473235,627.35561895238,635.6939363479614,1926353.5,0.0,0.0
2019-08-30 00:00:00-04:00,638.0852303146054,638.1764013492574,627.0044815789354,630.1948900222778,1460312.5,0.0,0.0
2019-09-03 00:00:00-04:00,629.9891701251428,633.9712585463901,621.7369234126879,630.3015807469686,1754385.1666666667,0.0,0.0
2019-09-04 00:00:00-04:00,630.6272772079011,645.8291143672172,630.4757772915742,642.7618214289347,1585563.8333333333,0.0,0.0
2019-09-05 00:00:00-04:00,647.8262247962264,647.9096278270052,621.0119491445369,628.3318656285604,1964823.5,0.0,0.0
2019-09-06 00:00:00-04:00,628.9958096587235,656.0504768286305,627.4675696072699,639.2328373591105,1638868.1666666667,0.0,0.0
2019-09-09 00:00:00-04:00,642.613408290796,659.1517784519098,639.4246319173197,658.6660836537679,2101201.8333333335,0.0,0.0
2019-09-10 00:00:00-04:00,656.3888244193625,659.5072650515798,635.677153049232,643.5231990814209,2379375.1666666665,0.0,0.0
2019-09-11 00:00:00-04:00,645.9138933362761,650.0981893842118,637.761319930472,644.0220839182535,2437447.8333333335,0.0,0.0
2019-09-12 00:00:00-04:00,650.9195188394277,653.7975496905752,642.5291872624722,645.1720231374105,2416423.1666666665,0.0,0.0
2019-09-13 00:00:00-04:00,645.4080071297847,652.1764011453059,633.9892015422118,635.8298066457113,3062314.6666666665,0.0,0.0
2019-09-16 00:00:00-04:00,633.7029558628122,636.5201423346247,627.2358940331039,627.9614098866781,3634754.1666666665,0.0,0.0
2019-09-17 00:00:00-04:00,626.8511592964962,642.841756044906,626.411527449803,638.2273976008097,3838904.8333333335,0.018333333333333333,0.0
2019-09-18 00:00:00-04:00,636.1152972664331,653.228354314757,634.4259301855876,648.5676568349203,3494436.8333333335,0.0,0.0
2019-09-19 00:00:00-04:00,648.6206920640288,652.3753481246902,641.6601435280157,643.1397806803385,2337494.3333333335,0.0,0.0
2019-09-20 00:00:00-04:00,644.3689070736199,652.9672202236557,637.5416052677662,638.2799558639526,2684416.6666666665,0.0,0.0
2019-09-23 00:00:00-04:00,627.9209656680331,636.0695142543037,608.6185554790669,616.5051816304525,2547210.8333333335,0.0,0.0
2019-09-24 00:00:00-04:00,616.6992261721334,624.2225025185365,615.3523240471635,620.0106188456217,2452745.6666666665,0.0,0.0
2019-09-25 00:00:00-04:00,621.1794622431606,637.4995204979732,611.3991423435901,629.0299590428671,3178895.1666666665,0.0,0.0
2019-09-26 00:00:00-04:00,632.0630262599115,642.9985892321937,631.4959637046702,635.2313702901205,2125948.8333333335,0.0,0.0
2019-09-27 00:00:00-04:00,636.5387223368627,641.3906578152497,634.4258603670166,637.4002259572347,1767811.8333333333,0.0,0.0
2019-09-30 00:00:00-04:00,640.2035671242153,655.2997846026198,638.1726608588892,653.2339172363281,2692495.1666666665,0.0,0.0
2019-10-01 00:00:00-04:00,652.8641001426826,666.1869902362995,648.3822761672708,653.1642471949259,2315804.8333333335,0.0,0.0
2019-10-02 00:00:00-04:00,656.0307934498697,658.4735611480287,637.8801811787401,639.2438608805338,4512864.666666667,0.0,0.0
2019-10-03 00:00:00-04:00,639.7841901703576,645.1957567678193,629.0897862359465,634.0279064178467,2959673.6666666665,0.0,0.0
2019-10-04 00:00:00-04:00,634.4691620679757,653.8997620293462,634.3240515309298,651.7500797907511,3273253.6666666665,0.0,0.0
2019-10-07 00:00:00-04:00,648.065895686817,652.4629901408631,644.3104883133138,646.6931009292603,2282619.3333333335,0.0,0.0
2019-10-08 00:00:00-04:00,643.7331697857459,657.4387473863793,643.6265113745222,649.5715487798055,1935680.6666666667,0.0,0.0
2019-10-09 00:00:00-04:00,651.0286576024666,654.7042311303841,639.8668631889074,643.0414473215739,1883697.0,0.0,0.0
2019-10-10 00:00:00-04:00,640.9275356850256,641.1131841489653,627.8770345867188,634.3362134297689,2423916.5,0.018333333333333333,0.0
2019-10-11 00:00:00-04:00,637.473617043932,637.6356006442503,628.146594581655,629.1120621363322,2037056.1666666667,0.0,0.0
2019-10-14 00:00:00-04:00,632.8519817400972,638.5780288380662,630.9002698628816,637.5370839436849,1531956.1666666667,0.0,0.0
2019-10-15 00:00:00-04:00,639.7435015513075,647.6558296061964,639.6248377895016,642.6138916015625,2162466.8333333335,0.0,0.0
2019-10-16 00:00:00-04:00,641.1566785026149,652.8558218945659,639.3527485974754,652.7382653554281,2452135.6666666665,0.0,0.0
2019-10-17 00:00:00-04:00,654.6192985524514,668.7903897671475,651.2496091895703,665.0094598134359,2299566.6666666665,0.006453666666666667,0.0
2019-10-18 00:00:00-04:00,664.4967614793711,684.52204786943,656.8385991765324,684.1544679005941,2238569.1666666665,0.0,0.0
2019-10-21 00:00:00-04:00,685.4987452823594,693.4619245545845,669.5254703050433,671.6933561960856,3069617.6666666665,0.0,0.0
2019-10-22 00:00:00-04:00,674.3773517022153,676.5130215746027,664.5665976654478,665.3023122151693,3349362.6666666665,0.0,0.0
2019-10-23 00:00:00-04:00,668.1441216388436,673.9362752871733,662.7643041383227,664.6357587178549,2137558.3333333335,0.0,0.0
2019-10-24 00:00:00-04:00,668.9717642702183,669.5195449374777,660.2860276518876,662.5357233683268,1992570.8333333333,0.0,0.0
2019-10-25 00:00:00-04:00,659.3124497046487,667.3703470169717,652.2901982678586,657.0030536651611,2098751.3333333335,0.0,0.0
2019-10-28 00:00:00-04:00,656.1638690499412,658.1224555018682,640.5710842040311,641.984800974528,3144345.1666666665,0.0,0.0
2019-10-29 00:00:00-04:00,641.9029807428391,646.8696325533078,637.2605856534501,639.6890347798666,2858322.0,0.0,0.0
2019-10-30 00:00:00-04:00,637.2922088691404,639.6596237525879,626.1561573718915,638.5442333221436,3333752.5,0.0,0.0
2019-10-31 00:00:00-04:00,637.2818491187473,645.0032992437582,636.8749958659886,640.7765064239502,2078345.1666666667,0.0,0.0
2019-11-01 00:00:00-04:00,643.5278755186905,652.567895869146,643.2059416147304,646.9729131062826,2105875.1666666665,0.0,0.0
2019-11-04 00:00:00-05:00,650.1719464075957,650.2705113762382,600.9087868733743,604.5177698135376,3421728.0,0.0,0.0
2019-11-05 00:00:00-05:00,602.8755132730092,603.008518692204,586.0014476500186,598.7969051996866,3295204.6666666665,0.0,0.0
2019-11-06 00:00:00-05:00,601.950061269872,626.8992912897099,601.7282863487249,620.1115045547485,2574692.0,0.0,0.0
2019-11-07 00:00:00-05:00,617.5845124737,621.0630913344322,599.6650657507084,604.6088447570801,3341925.8333333335,0.0,0.0
2019-11-08 00:00:00-05:00,604.0133040652505,611.1228139268061,597.6196668471158,604.1242907842001,1990565.5,0.0,0.0
2019-11-11 00:00:00-05:00,604.4309312516212,633.2222770990717,604.3693698845464,632.7120606104532,1839005.6666666667,0.0,0.0
2019-11-12 00:00:00-05:00,637.2335035814127,644.4158561820909,620.3232550515214,632.4598735173544,3551385.5,0.0,0.0
2019-11-13 00:00:00-05:00,632.4053085141323,641.8895207126462,629.670191879676,633.8114471435547,2826410.5,0.015,0.0
2019-11-14 00:00:00-05:00,632.222860956967,650.7558198879426,631.2888756400652,649.519598642985,2616951.8333333335,0.0,0.0
2019-11-15 00:00:00-05:00,650.7925784757174,652.6668907943025,628.6703507587276,633.8092673619589,2212426.0,0.0,0.0
2019-11-18 00:00:00-05:00,633.8589549619984,652.0194047770128,630.6741719792496,643.8958873748779,2145284.3333333335,0.0,0.0
2019-11-19 00:00:00-05:00,650.6364997468303,656.1793652765349,640.8062767478466,644.4557034174601,1511495.0,0.0,0.0
2019-11-20 00:00:00-05:00,647.8840530109561,661.9378184341651,635.3733654225829,640.4100116093954,2026234.1666666667,0.0,0.0
2019-11-21 00:00:00-05:00,640.2292775530417,650.9754968115491,636.8844975649995,645.4945360819498,1512099.0,0.0,0.0
2019-11-22 00:00:00-05:00,646.3914221454648,656.5579510260169,645.3026670701387,649.4000968933105,1915431.3333333333,0.0,0.0
2019-11-25 00:00:00-05:00,652.0073358812199,658.770805328612,648.9137917161464,655.1467558542887,1863996.1666666667,0.0,0.0
2019-11-26 00:00:00-05:00,657.5366621366833,670.5517247883445,653.0803565629631,670.0023686091105,2684644.8333333335,0.029166666666666664,0.0
2019-11-27 00:00:00-05:00,670.0513632821586,673.6664263903608,661.149667185011,669.1213811238607,2092155.1666666667,0.0,0.0
2019-11-29 00:00:00-05:00,663.607068551495,672.3090345973646,663.4748678769282,667.1311467488607,807676.1666666666,0.0,0.0
2019-12-02 00:00:00-05:00,663.6127848837689,665.7656441228343,647.014273428655,661.0215469996134,1789387.3333333333,0.0,0.0
2019-12-03 00:00:00-05:00,659.4444924806738,664.7048794681796,652.8257033717686,654.8645165761312,1999950.3333333333,0.0,0.0
2019-12-04 00:00:00-05:00,655.5776396882218,668.2904955604072,649.4324666617402,665.5258871714274,2099931.1666666665,0.0,0.0
2019-12-05 00:00:00-05:00,666.4550697406252,680.3057665709663,664.5114444655857,677.924173672994,2148568.6666666665,0.0,0.0
2019-12-06 00:00:00-05:00,684.6918108116237,685.7079304732721,655.0977414765248,661.72176806132,2624270.1666666665,0.0,0.0
2019-12-09 00:00:00-05:00,659.8115065026606,674.5141300805159,659.0787838819291,669.37042872111,1901345.3333333333,0.0,0.0
2019-12-10 00:00:00-05:00,670.2551592316166,677.9542764132451,663.6488703551524,671.7428534825643,2104619.0,0.0,0.0
2019-12-11 00:00:00-05:00,671.7317556926639,678.1302869001842,670.827747315015,675.2433757781982,1479092.6666666667,0.0,0.0
2019-12-12 00:00:00-05:00,673.6910120758488,676.0164272785395,658.9542614418776,660.1218792597452,2069976.5,0.0,0.0
2019-12-13 00:00:00-05:00,657.8246532841274,670.6000538646626,657.7554536022313,668.0255502065023,2055067.3333333333,0.0,0.0
2019-12-16 00:00:00-05:00,665.888634868836,687.246482889511,665.4590401817865,678.1390158335367,2195703.0,0.0,0.0
2019-12-17 00:00:00-05:00,682.7768545276496,686.0486258043026,665.7898139355119,670.5778239568075,2484553.6666666665,0.02,0.0
2019-12-18 00:00:00-05:00,671.2227672878399,672.1589222965445,653.0296752702509,656.4911893208822,3229878.5,0.0,0.0
2019-12-19 00:00:00-05:00,659.8853573317731,660.7413710943623,648.0280879819287,650.9972184499105,3415534.0,0.0,0.0
2019-12-20 00:00:00-05:00,655.3253564858979,675.6830715767514,653.2513765482583,674.4508361816406,4210634.833333333,0.0,0.0
2019-12-23 00:00:00-05:00,676.9297996691602,679.9760930187847,664.1038893323861,664.9110333124796,1565683.1666666667,0.0,0.0
2019-12-24 00:00:00-05:00,665.8492879070672,670.6741983105352,665.7549148168546,670.3814261754354,736162.0,0.0,0.0
2019-12-26 00:00:00-05:00,670.2532536155505,672.61689890778,664.7016383737963,669.0746984481812,1394497.6666666667,0.0,0.0
2019-12-27 00:00:00-05:00,669.3663499543924,672.3550078455252,666.3076625939196,670.0300273895264,1537771.0,0.0,0.0
2019-12-30 00:00:00-05:00,669.6767022323604,673.1148593196284,664.6838158839539,670.9811347325643,2077411.1666666667,0.0,0.0
2019-12-31 00:00:00-05:00,670.5041617738785,674.8909843185755,663.3205559899119,668.6429335276285,1453105.1666666667,0.0,0.0
2020-01-02 00:00:00-05:00,663.5422520833237,670.8423598684099,650.4544114737824,656.5721645355225,1993954.0,0.0,0.0
2020-01-03 00:00:00-05:00,650.3233167674747,671.9952462501302,650.2527115118329,664.608349164327,2170563.1666666665,0.0,0.0
2020-01-06 00:00:00-05:00,664.3687240559266,671.7479829079276,662.8804868618475,665.3147525787354,3012335.3333333335,0.0,0.0
2020-01-07 00:00:00-05:00,664.2833161333898,670.2349225620411,663.5542331346197,669.1943855285645,3228098.1666666665,0.0,0.0
2020-01-08 00:00:00-05:00,671.8326108444363,677.6868312131829,664.2651073107367,666.1349182128906,4415269.666666667,0.0,0.0
2020-01-09 00:00:00-05:00,666.3585542810532,671.9953905831627,650.9593902957226,658.7259286244711,3390010.5,0.018333333333333333,0.0
2020-01-10 00:00:00-05:00,660.1644502869691,668.8691313636215,657.1060886295228,665.5944728851318,3423300.6666666665,0.0,0.0
2020-01-13 00:00:00-05:00,665.5153635858443,672.720447005332,662.7359194180863,670.4729849497477,2310317.5,0.0,0.0
2020-01-14 00:00:00-05:00,669.6213405817226,674.3044920753887,668.8220471748748,672.6638940175375,2389234.6666666665,0.0,0.0
2020-01-15 00:00:00-05:00,674.4091573411524,688.6289834593628,674.337128145785,687.4434903462728,2466772.8333333335,0.0,0.0
2020-01-16 00:00:00-05:00,686.873428285399,692.9875410640205,680.6947636314096,682.1078586578369,2003595.5,0.0,0.0
2020-01-17 00:00:00-05:00,683.8200138353603,690.6467263132458,678.9026801244846,685.9493306477865,2284957.1666666665,0.0,0.0
2020-01-21 00:00:00-05:00,686.0063805874447,691.0760790112959,684.3835698409107,688.7607555389404,2212677.3333333335,0.0,0.0
2020-01-22 00:00:00-05:00,689.6534482299475,698.0440166498802,685.6345484626592,693.5942001342773,1936042.5,0.0,0.0
2020-01-23 00:00:00-05:00,693.3002410012031,714.4588146021753,693.2426275271401,710.5376714070638,2924302.1666666665,0.020167833333333333,0.0
2020-01-24 00:00:00-05:00,710.015556460653,715.9108650231927,697.1443233217175,702.6832110087076,3391690.6666666665,0.0,0.0
2020-01-27 00:00:00-05:00,689.9831747798376,703.6180095785127,686.3785848907315,696.8024934132894,3386471.0,0.0,0.0
2020-01-28 00:00:00-05:00,699.5783277451163,716.6911760547059,691.8649928083686,711.6848290761312,4054403.3333333335,0.0,0.0
2020-01-29 00:00:00-05:00,706.7555668893041,708.7260828820721,676.5198691019059,689.3803437550863,2628709.6666666665,0.0,0.0
2020-01-30 00:00:00-05:00,692.3101726218437,702.3768626107875,686.1571771097923,700.473264058431,1843138.3333333333,0.0,0.0
2020-01-31 00:00:00-05:00,688.7189118313598,691.8775390488403,672.2415235034906,674.845750172933,2478881.3333333335,0.0,0.0
2020-02-03 00:00:00-05:00,679.2562866517485,683.0283574397239,671.2376494424644,673.7334067026774,1818214.6666666667,0.0,0.0
2020-02-04 00:00:00-05:00,675.8298720178286,682.54833743593,669.8039750030329,670.1142819722494,2444476.6666666665,0.0,0.0
2020-02-05 00:00:00-05:00,670.352386150242,686.2528622279756,667.3900214417258,681.773634592692,2708319.5,0.015,0.0
2020-02-06 00:00:00-05:00,683.2042114368487,693.4346915275579,678.2658843687684,687.5964330037435,2140143.3333333335,0.0,0.0
2020-02-07 00:00:00-05:00,693.2331015887797,699.6644322566458,688.249341515968,693.8274567921957,1866453.6666666667,0.029166666666666664,0.0
2020-02-10 00:00:00-05:00,688.8950041071272,700.9117265926121,688.813028154974,699.5444164276123,1962834.5,0.0,0.0
2020-02-11 00:00:00-05:00,701.0211224530422,708.0175609252987,698.0003947640339,704.8598073323568,1833165.3333333333,0.0,0.0
2020-02-12 00:00:00-05:00,702.46576876471,707.5005262157489,683.4763126959361,703.632443745931,1858497.3333333333,0.0,0.0
2020-02-13 00:00:00-05:00,702.323328775794,714.2921881022579,698.0858075635115,711.102829615275,2327996.0,0.0,0.0
2020-02-14 00:00:00-05:00,711.1518295037891,711.8160120028925,702.9681072181751,706.488686879476,1854566.0,0.0,0.0
2020-02-18 00:00:00-05:00,702.8619020143154,713.8645264758433,699.3580973300449,700.7472686767578,1701440.0,0.0,0.0
2020-02-19 00:00:00-05:00,703.5763524426271,710.5741298329211,699.5850937041226,701.8677832285563,1754971.3333333333,0.0,0.0
2020-02-20 00:00:00-05:00,702.19808029599,714.9520920607205,696.9767114673854,714.108865737915,1991920.3333333333,0.0,0.0
2020-02-21 00:00:00-05:00,709.6725126951486,720.009638284134,705.3442902501442,712.8060665130615,1604676.0,0.0,0.0
2020-02-24 00:00:00-05:00,706.0926453121069,713.6173991367758,702.5818695641209,704.7883847554525,1775633.6666666667,0.0,0.0
2020-02-25 00:00:00-05:00,708.6745963392019,711.4702959471355,680.4260511978357,681.6049969991049,2471541.8333333335,0.0,0.0
2020-02-26 00:00:00-05:00,679.8026731398681,696.699631156859,668.3020594726528,677.9142735799154,3938847.6666666665,0.0,0.0
2020-02-27 00:00:00-05:00,671.524414334589,690.4127188646629,652.2358916211626,660.1339518229166,3807446.3333333335,0.0,0.0
2020-02-28 00:00:00-05:00,647.9093763599896,653.7640620490646,631.0361435091885,645.5076411565145,5014108.166666667,0.0,0.0
2020-03-02 00:00:00-05:00,649.4982885324481,667.0924086255086,641.9507468181688,667.0083758036295,4357645.333333333,0.0,0.0
2020-03-03 00:00:00-05:00,667.1574978400319,697.6667762432772,661.9864016753992,676.7869752248129,4017995.8333333335,0.0,0.0
2020-03-04 00:00:00-05:00,691.8946683614146,710.5042308199808,683.4846336134252,707.2984727223715,3956202.8333333335,0.0,0.0
2020-03-05 00:00:00-05:00,701.6925332806172,702.1755289803127,683.6138927688379,690.2551123301188,2826797.0,0.0,0.0
2020-03-06 00:00:00-05:00,672.4191257053097,681.8532498966646,660.3410681305966,675.8320500055949,3534240.8333333335,0.0,0.0
2020-03-09 00:00:00-04:00,653.5131710368711,659.2316769522498,634.0703672049804,637.0374647776285,3871898.6666666665,0.0,0.0
2020-03-10 00:00:00-04:00,646.9818794287952,658.2016431550085,625.731662417665,657.8417857487997,3800344.1666666665,0.0,0.0
2020-03-11 00:00:00-04:00,644.9331963008145,654.9647920780723,595.9661546378139,598.092558224996,3936926.5,0.0,0.0
2020-03-12 00:00:00-04:00,547.156264084783,573.5122720868322,478.9859024504413,516.7683976491293,4899537.5,0.02,0.0
2020-03-13 00:00:00-04:00,525.5627123921349,527.051600163528,456.89700022824746,512.4537521998087,4584156.833333333,0.0,0.0
2020-03-16 00:00:00-04:00,454.80830236294105,469.63920022654474,395.61135991201127,406.5022447903951,5348189.833333333,0.0,0.0
2020-03-17 00:00:00-04:00,417.6250044483791,420.89790357342036,367.0124416122362,396.81791909535724,6168820.5,0.0,0.0
2020-03-18 00:00:00-04:00,375.4564267224742,433.72620674604883,354.61005351357494,397.21526622772217,6764203.333333333,0.0,0.0
2020-03-19 00:00:00-04:00,393.6867584294277,495.9527970542849,383.27211341233186,468.5722812016805,5642224.5,0.0,0.0
2020-03-20 00:00:00-04:00,473.1316314200453,486.86449691612023,402.7067404496194,405.1956609090169,6504287.0,0.0,0.0
2020-03-23 00:00:00-04:00,396.83980335934353,406.5678119214869,369.1615075456794,378.146516640981,6277396.833333333,0.0,0.0
2020-03-24 00:00:00-04:00,397.9991888553573,461.29922165464683,397.59993936790926,458.1803782780965,5155370.5,0.0,0.0
2020-03-25 00:00:00-04:00,461.1626913717746,516.1528857947403,460.2797901811163,507.81746260325116,5246624.833333333,0.0,0.0
2020-03-26 00:00:00-04:00,497.99951254229626,523.3352890387551,489.29491302943757,513.0740982691447,4123429.1666666665,0.0,0.0
2020-03-27 00:00:00-04:00,510.20553918899054,518.6914949059503,487.5208031701179,500.3071873982747,4090368.0,0.0,0.0
2020-03-30 00:00:00-04:00,501.4229313201899,505.1008881774124,465.9876418752711,473.7464796702067,3102282.3333333335,0.0,0.0
2020-03-31 00:00:00-04:00,466.81847713498905,468.62050024830614,441.1266973928777,448.4338795344035,3930317.0,0.0,0.0
2020-04-01 00:00:00-04:00,436.1891326486941,446.10865003229077,413.25343346464024,420.44885031382245,4283385.166666667,0.0,0.0
2020-04-02 00:00:00-04:00,415.4179621219307,433.5162843194674,402.76362907536696,413.33639192581177,4116868.8333333335,0.0,0.0
2020-04-03 00:00:00-04:00,406.57851016924127,421.4634532120336,399.99045685903457,412.0155037244161,3674496.3333333335,0.0,0.0
2020-04-06 00:00:00-04:00,436.32836184527986,483.11127704765005,436.0674667351672,469.76603349049884,4182105.5,0.0,0.0
2020-04-07 00:00:00-04:00,486.65236815615225,505.19364547738843,471.4725565358726,473.47557226816815,4377488.166666667,0.0,0.0
2020-04-08 00:00:00-04:00,487.4138167572955,519.0904984210772,481.51394364432423,512.712261835734,3894296.3333333335,0.018333333333333333,0.0
2020-04-09 00:00:00-04:00,524.556792722993,560.5500754760407,503.8830724685299,512.3639291127523,4196088.666666667,0.0,0.0
2020-04-13 00:00:00-04:00,502.3041116818281,502.3907500301707,471.60645573929037,483.3539619445801,3824969.0,0.0,0.0
2020-04-14 00:00:00-04:00,498.262397454278,512.3600540973131,492.9225786416962,506.85873953501385,2848851.0,0.0,0.0
2020-04-15 00:00:00-04:00,497.268984400662,498.24027082050367,478.47233739768905,487.4454107284546,2985217.0,0.0,0.0
2020-04-16 00:00:00-04:00,481.150210639601,492.51415557649244,474.36617162677993,480.7227846781413,2829826.8333333335,0.0,0.0
2020-04-17 00:00:00-04:00,493.74227425570274,510.8794123411022,488.2952436770153,509.5557912190755,3049725.1666666665,0.0,0.0
2020-04-20 00:00:00-04:00,495.31536685863193,516.060858965372,488.56810289115316,496.51867930094403,2780378.1666666665,0.020167833333333333,0.0
2020-04-21 00:00:00-04:00,485.07358134592346,502.2451857524199,484.8211953621533,489.5686438878377,2652409.1666666665,0.0,0.0
2020-04-22 00:00:00-04:00,501.6625101314005,510.844668536095,490.86006314274283,496.8863464991252,2671312.6666666665,0.0,0.0
2020-04-23 00:00:00-04:00,490.6665052069938,496.6284104164741,474.8935936564103,480.15163294474286,2736600.8333333335,0.0,0.0
2020-04-24 00:00:00-04:00,480.89630790959035,503.04284750581945,477.23485404126313,498.21151065826416,2841683.1666666665,0.0,0.0
2020-04-27 00:00:00-04:00,507.1819051865657,531.328850164293,502.0487988479684,523.3374993006388,2909833.1666666665,0.0,0.0
2020-04-28 00:00:00-04:00,533.8878618586316,563.0033598752029,533.3116600655723,554.2470795313517,4277262.833333333,0.0,0.0
2020-04-29 00:00:00-04:00,569.1423721293066,587.1483326284595,559.7043001445604,561.3256311416626,3735892.1666666665,0.0,0.0
2020-04-30 00:00:00-04:00,548.0070384092244,554.9356212486848,531.3293746421211,543.7039998372396,3901298.1666666665,0.0,0.0
2020-05-01 00:00:00-04:00,526.1313385449275,537.8285367186451,518.8325942421211,532.6388429005941,2696297.0,0.0,0.0
2020-05-04 00:00:00-04:00,528.5289732625855,541.4713052444505,518.2581381259109,537.0846042633057,2441651.3333333335,0.0,0.0
2020-05-05 00:00:00-04:00,534.188214982309,555.0680542535671,534.0316181442744,543.9783989588419,2459230.6666666665,0.0,0.0
2020-05-06 00:00:00-04:00,546.5506041222617,552.7312456641049,531.0335394695709,538.0722570419312,2337600.8333333335,0.015,0.0
2020-05-07 00:00:00-04:00,545.1196770817434,550.6355634540907,527.1589445403944,527.4923245112101,2628364.0,0.0,0.0
2020-05-08 00:00:00-04:00,533.1238944804601,553.4889994891363,530.1687618660072,549.1071961720785,2196268.6666666665,0.029166666666666664,0.0
2020-05-11 00:00:00-04:00,541.256962763946,546.4138682611037,536.1039647251937,537.954535484314,2314880.0,0.0,0.0
2020-05-12 00:00:00-04:00,538.6629114346455,540.0447578205176,507.0892748180849,507.12214215596515,2212803.6666666665,0.0,0.0
2020-05-13 00:00:00-04:00,510.8406718573554,520.7155124687105,482.0200009698992,487.67139371236163,3256484.5,0.0,0.0
2020-05-14 00:00:00-04:00,483.95106798002627,493.7682459751008,468.2525639221287,493.099632581075,2634113.6666666665,0.0,0.0
2020-05-15 00:00:00-04:00,485.80295870452795,500.83776051433796,481.2216931609577,492.8166955312093,1930881.6666666667,0.0,0.0
2020-05-18 00:00:00-04:00,515.5477529226491,552.2139046836206,502.9841919796584,546.9661556879679,3123975.0,0.0,0.0
2020-05-19 00:00:00-04:00,542.9640029589797,564.8413260094017,531.1516900387796,553.2789951960245,3191187.1666666665,0.0,0.0
2020-05-20 00:00:00-04:00,560.1907242269251,571.3958760944962,535.5186668950611,544.630493481954,3117134.8333333335,0.0,0.0
2020-05-21 00:00:00-04:00,541.6500907753035,561.4454159648959,538.7996231761737,551.827665646871,2903682.8333333335,0.0,0.0
2020-05-22 00:00:00-04:00,550.4597851636701,558.7923544378802,540.2510908085882,554.1789518992106,2038632.3333333333,0.0,0.0
2020-05-26 00:00:00-04:00,567.0859162622049,585.3965711243014,564.1745241988275,568.6726951599121,3224218.5,0.0,0.0
2020-05-27 00:00:00-04:00,580.811236516221,593.8398581684538,576.7296320282943,593.6001586914062,3858697.8333333335,0.0,0.0
2020-05-28 00:00:00-04:00,596.873555966872,605.6313241769898,568.544361570047,570.0898974736532,4978306.0,0.0,0.0
2020-05-29 00:00:00-04:00,562.3252556047017,582.0487951580676,559.898017926926,570.0661001205444,4017030.0,0.0,0.0
2020-06-01 00:00:00-04:00,574.0753558306523,583.9928102625125,563.6724317489131,567.1932980219523,2846449.1666666665,0.0,0.0
2020-06-02 00:00:00-04:00,578.4955364207931,582.20848385267,571.2259883826845,577.4641145070394,2672967.0,0.0,0.0
2020-06-03 00:00:00-04:00,583.3432611753619,611.4105428837764,583.0535094755654,605.8601627349854,2796050.3333333335,0.0,0.0
2020-06-04 00:00:00-04:00,599.3203707322826,614.5058118925222,596.3918006731689,599.7721347808838,2973127.5,0.0,0.0
2020-06-05 00:00:00-04:00,614.475170479703,620.400327096976,600.3867950195587,617.2005360921224,3198621.8333333335,0.0,0.0
2020-06-08 00:00:00-04:00,618.911593222063,639.6892929426689,617.4463719179099,622.0145902633667,2511308.3333333335,0.0,0.0
2020-06-09 00:00:00-04:00,616.6862312027183,618.0304296530207,601.0518679087954,605.6510575612386,2585444.0,0.0,0.0
2020-06-10 00:00:00-04:00,604.0836179549384,613.9663356013995,584.7458052102149,604.396453221639,2891545.6666666665,0.0,0.0
2020-06-11 00:00:00-04:00,584.890184260833,589.877533024767,547.4042760838381,547.4710175196329,3351097.3333333335,0.02,0.0
2020-06-12 00:00:00-04:00,567.2499067298339,578.8972833227477,548.3943935560615,561.7187576293945,3415368.5,0.0,0.0
2020-06-15 00:00:00-04:00,539.5750585705732,580.8488985880186,539.4440082948,573.7053381601969,3088158.1666666665,0.0,0.0
2020-06-16 00:00:00-04:00,585.4370279788277,612.9708145805022,583.685456182769,609.9911352793375,4167553.6666666665,0.0,0.0
2020-06-17 00:00:00-04:00,613.6691029117734,620.6125831277467,607.878797212859,615.1150407791138,2421511.5,0.0,0.0
2020-06-18 00:00:00-04:00,606.282029428404,611.9620924888864,589.6297250620604,594.0811630884806,2014015.5,0.0,0.0
2020-06-19 00:00:00-04:00,607.1710624999348,607.2386802744642,575.4397934689642,582.8611488342285,3612004.8333333335,0.0,0.0
2020-06-22 00:00:00-04:00,579.5693690629295,583.9734720783949,572.6833021648723,580.038556098938,2122779.0,0.0,0.0
2020-06-23 00:00:00-04:00,587.4136604584336,587.6323271233326,575.776124465122,578.9221076965332,2010228.0,0.0,0.0
2020-06-24 00:00:00-04:00,573.5520395847973,573.6176696545675,548.7570353128257,563.7625617980957,3338841.6666666665,0.0,0.0
2020-06-25 00:00:00-04:00,556.1743525891587,569.5753924021823,550.7395474949558,563.9938770929972,4615914.333333333,0.0,0.0
2020-06-26 00:00:00-04:00,559.888118474538,562.8426888102928,549.6345510166728,559.0402437845866,3556000.5,0.0,0.0
2020-06-29 00:00:00-04:00,562.6486160628973,567.7145135143301,549.7526538817821,564.2173659006754,2028141.6666666667,0.0,0.0
2020-06-30 00:00:00-04:00,565.0742332621188,578.2189330101626,564.5138042021497,576.1571547190348,1887283.5,0.0,0.0
2020-07-01 00:00:00-04:00,575.4957469288697,578.0912038442526,561.0047489508576,562.9589363733927,2339959.5,0.0,0.0
2020-07-02 00:00:00-04:00,574.0076200795744,578.602724388589,558.3328919934537,560.3982442220052,1756147.8333333333,0.0,0.0
2020-07-06 00:00:00-04:00,570.1992891035478,585.9438818664879,566.5751171491004,584.1137990951538,1702463.6666666667,0.0,0.0
2020-07-07 00:00:00-04:00,578.5071540014799,586.9677787627319,569.5181932235929,573.1549606323242,2480417.8333333335,0.0,0.0
2020-07-08 00:00:00-04:00,577.5088254801555,591.3631841913642,577.0463247436268,589.8065675099691,2615035.3333333335,0.0,0.0
2020-07-09 00:00:00-04:00,589.7341434125631,589.8047888275777,569.2306714890841,574.1109393437704,2613404.3333333335,0.03850116666666667,0.0
2020-07-10 00:00:00-04:00,575.1958638277055,581.8162724138273,571.7516199820835,579.5221506754557,2097602.5,0.0,0.0
2020-07-13 00:00:00-04:00,581.262735455229,591.5937489210934,567.1765190495794,568.8637425104777,2620223.6666666665,0.0,0.0
2020-07-14 00:00:00-04:00,566.2270843829475,585.7750296807503,566.1563944196913,585.7175041834513,2077929.6666666667,0.0,0.0
2020-07-15 00:00:00-04:00,596.7605893400196,597.0385163320744,577.8815350801934,591.7010714213053,2312087.5,0.0,0.0
2020-07-16 00:00:00-04:00,590.0407165633804,597.6388290859155,585.411976107748,594.0102812449137,2603174.1666666665,0.0,0.0
2020-07-17 00:00:00-04:00,603.508058752189,614.3074769620138,591.5182419514821,593.7597204844157,3142516.6666666665,0.0,0.0
2020-07-20 00:00:00-04:00,596.4202214306434,606.2555822313162,582.0244690669941,602.5105743408203,2000236.8333333333,0.0,0.0
2020-07-21 00:00:00-04:00,612.7534238229467,614.8577151951143,593.8833020722956,598.35067208608,2053972.3333333333,0.0,0.0
2020-07-22 00:00:00-04:00,621.1674316370255,666.3387416260115,619.3684694775186,660.0887791315714,2542332.1666666665,0.0,0.0
2020-07-23 00:00:00-04:00,665.2259346901367,689.6906946725067,650.7849383449296,658.826849937439,3831196.1666666665,0.0,0.0
2020-07-24 00:00:00-04:00,656.4513572913975,678.0279292778836,646.5883168334655,673.1188462575277,2334418.0,0.0,0.0
2020-07-27 00:00:00-04:00,674.7201393286758,699.9784231436064,664.819458741577,691.6798378626505,2586956.6666666665,0.0,0.0
2020-07-28 00:00:00-04:00,695.4638649588838,696.9269641976701,668.0607132742872,669.7971986134847,3489934.1666666665,0.0,0.0
2020-07-29 00:00:00-04:00,674.9237004082582,696.0095144101861,673.1919172827318,695.3166154225668,1901144.0,0.0,0.0
2020-07-30 00:00:00-04:00,684.2501333758596,706.2828186662294,684.0455884165759,696.5295003255209,1594361.6666666667,0.0,0.0
2020-07-31 00:00:00-04:00,684.567099453796,702.5745426325661,680.004330002235,694.2165082295736,2071257.6666666667,0.0,0.0
2020-08-03 00:00:00-04:00,695.3348552258609,704.9770527851625,683.8110755465324,685.6110486984253,1654116.5,0.0,0.0
2020-08-04 00:00:00-04:00,682.7425188005701,685.147789589132,675.9575311966306,684.1105829874674,1430733.5,0.0,0.0
2020-08-05 00:00:00-04:00,685.4991927171519,686.0112219646063,673.2868836552233,678.6735041936239,1333650.3333333333,0.015,0.0
2020-08-06 00:00:00-04:00,676.6732912926293,686.8710053610099,668.2436798286509,685.7704010009766,1370408.0,0.0,0.0
2020-08-07 00:00:00-04:00,689.0397024656289,697.2982938555032,672.1309962423697,685.8806813557943,1530725.8333333333,0.0,0.0
2020-08-10 00:00:00-04:00,684.399326241462,709.0392434522137,683.0723515510871,692.6539713541666,2573419.1666666665,0.0,0.0
2020-08-11 00:00:00-04:00,697.4023538987409,705.5955057749825,683.635558171994,696.2432352701823,2701985.6666666665,0.029166666666666664,0.0
2020-08-12 00:00:00-04:00,698.6227970765282,717.9623490572659,693.6322754247998,713.8594671885172,1950421.5,0.0,0.0
2020-08-13 00:00:00-04:00,706.4517096485164,720.6949022494351,703.9070927662314,716.3572120666504,1526160.1666666667,0.0,0.0
2020-08-14 00:00:00-04:00,715.8492400022328,716.6042844376625,705.6922016218429,715.3333129882812,1244641.3333333333,0.0,0.0
2020-08-17 00:00:00-04:00,715.7182620717194,740.4653868011152,715.4798676723757,733.5364017486572,2269658.1666666665,0.0,0.0
2020-08-18 00:00:00-04:00,740.2561322738029,747.3434706849274,730.1921638115881,742.4210847218832,2303736.0,0.0,0.0
2020-08-19 00:00:00-04:00,737.3676588263452,742.5702888672712,726.3300914306477,734.5774224599203,1589868.1666666667,0.0,0.0
2020-08-20 00:00:00-04:00,733.6177403153639,743.0705984804473,727.884967757653,735.5799700419108,1691130.6666666667,0.0,0.0
2020-08-21 00:00:00-04:00,732.4748410568518,752.4196418740521,728.7493852537717,748.2302691141764,2541288.3333333335,0.0,0.0
2020-08-24 00:00:00-04:00,752.0243367294833,764.3898001503021,743.3406851466681,762.5624033610026,1718736.8333333333,0.0,0.0
2020-08-25 00:00:00-04:00,760.351578452881,760.4797941502028,741.4638621090485,747.9738578796387,2420977.5,0.0,0.0
2020-08-26 00:00:00-04:00,744.170417990911,751.6002572218104,726.4003797059005,746.5225289662679,2393755.6666666665,0.0,0.0
2020-08-27 00:00:00-04:00,753.6289927118747,763.4766420363079,740.8723523937039,745.2886867523193,2237847.6666666665,0.0,0.0
2020-08-28 00:00:00-04:00,736.6057719870901,753.062027334778,735.9434436541698,743.3330116271973,1836042.6666666667,0.0,0.0
2020-08-31 00:00:00-04:00,739.6583992073715,745.3345693295095,727.3229641979888,736.2557455698649,1918736.5,0.0,0.0
2020-09-01 00:00:00-04:00,731.4559305996578,743.0014735996918,730.8013450673657,740.8134702046713,1749174.3333333333,0.0,0.0
2020-09-02 00:00:00-04:00,741.115903125004,751.2610018346151,727.1401351456362,746.1396395365397,1646037.3333333333,0.0,0.0
2020-09-03 00:00:00-04:00,744.4053299735065,744.5646021633434,708.5197460611865,713.125685373942,2088351.1666666667,0.0,0.0
2020-09-04 00:00:00-04:00,718.7259366653669,722.1657420600313,682.9562337829917,695.6328614552816,2315743.8333333335,0.0,0.0
2020-09-08 00:00:00-04:00,680.6143550578693,707.5539446038027,680.3643199726603,692.8351437250773,1956026.5,0.0,0.0
2020-09-09 00:00:00-04:00,699.2032972553694,715.3275369836429,696.4310594398056,710.3817882537842,1857303.8333333333,0.0,0.0
2020-09-10 00:00:00-04:00,711.0221389683314,719.0424771900857,694.8174692218317,700.5448652903239,1555756.1666666667,0.0,0.0
2020-09-11 00:00:00-04:00,704.5337282563946,720.7699976662499,700.793303524361,717.0936387379965,1889344.3333333333,0.0,0.0
2020-09-14 00:00:00-04:00,726.2467445394582,734.5162495539395,715.709710026138,733.5549691518148,2492242.1666666665,0.0,0.0
2020-09-15 00:00:00-04:00,733.9191760405921,750.6730763750442,710.7867342734253,712.3032824198405,2612711.5,0.0,0.0
2020-09-16 00:00:00-04:00,719.1573604540713,750.9356319931481,716.3066173745901,747.122397104899,2846513.0,0.0,0.0
2020-09-17 00:00:00-04:00,737.6684142889313,740.8214317075981,725.9528483127632,734.5600299835205,2018232.8333333333,0.0,0.0
2020-09-18 00:00:00-04:00,742.7551420454316,743.536529917244,714.3948624869104,715.5782508850098,3650545.3333333335,0.02,0.0
2020-09-21 00:00:00-04:00,702.9946582103802,713.1048861266498,689.8837651429736,698.4147904713949,2317085.8333333335,0.0,0.0
2020-09-22 00:00:00-04:00,703.6557409256147,720.5199515170417,697.8915681843986,718.9043712615967,2910910.8333333335,0.0,0.0
2020-09-23 00:00:00-04:00,713.8566306252307,716.9298790146801,680.9905515282934,684.8187669118246,2710296.0,0.0,0.0
2020-09-24 00:00:00-04:00,685.618182089042,706.7299609218015,679.1155965165655,694.580353418986,2112249.6666666665,0.0,0.0
2020-09-25 00:00:00-04:00,695.6336566649871,703.8022799473132,683.510885541265,697.8847942352295,2015685.3333333333,0.0,0.0
2020-09-28 00:00:00-04:00,705.3735127958251,728.6532007899797,704.9072568827086,724.2641639709473,1782538.6666666667,0.0,0.0
2020-09-29 00:00:00-04:00,721.2797602805313,722.4136908738578,707.4649918353372,710.6857452392578,1680908.5,0.0,0.0
2020-09-30 00:00:00-04:00,716.535568141422,737.6055197001433,713.7219777436304,725.4468784332275,2838503.8333333335,0.0,0.0
2020-10-01 00:00:00-04:00,731.6345240039586,752.6633997142603,723.1106460832815,750.6482639312744,2282293.3333333335,0.0,0.0
2020-10-02 00:00:00-04:00,742.870086929453,754.8005045687163,731.3890825855432,745.36203956604,1586182.1666666667,0.0,0.0
2020-10-05 00:00:00-04:00,753.6534089105012,757.8166012864873,733.4118658969566,748.2038097381592,2125491.1666666665,0.0,0.0
2020-10-06 00:00:00-04:00,750.5699147285,757.3883953496078,725.1532511674826,735.4587949117025,1744392.0,0.0,0.0
2020-10-07 00:00:00-04:00,743.2310218214593,754.4869573867054,728.6148040723888,746.1927547454834,1621299.8333333333,0.0,0.0
2020-10-08 00:00:00-04:00,752.7084314888348,775.9831884948594,746.7875882955797,771.1220525105795,1660179.1666666667,0.018333333333333333,0.0
2020-10-09 00:00:00-04:00,778.9073766256502,785.2842840905984,767.4959050568215,779.838087717692,1357212.8333333333,0.0,0.0
2020-10-12 00:00:00-04:00,781.91804249115,790.000521345234,775.3600061736307,785.047524134318,1134638.6666666667,0.0,0.0
2020-10-13 00:00:00-04:00,780.9460637601338,795.0948297714414,772.2487999462006,787.3668015797933,1225642.1666666667,0.0,0.0
2020-10-14 00:00:00-04:00,785.2396416087176,791.0433242796151,770.9487923470571,773.1727148691813,1060981.8333333333,0.0,0.0
2020-10-15 00:00:00-04:00,762.3399354855715,793.765892220355,761.5532641425175,788.0727151234945,1212871.1666666667,0.040335666666666666,0.0
2020-10-16 00:00:00-04:00,788.8829202065295,802.987326300089,771.975949170658,774.9290479024252,2048077.5,0.0,0.0
2020-10-19 00:00:00-04:00,777.2583717251133,782.4036295035706,753.6124328805812,753.9613176981608,1573275.5,0.0,0.0
2020-10-20 00:00:00-04:00,787.3854150066718,796.6660459354124,769.496465565105,779.152068456014,1533006.5,0.0,0.0
2020-10-21 00:00:00-04:00,776.613226823069,783.1183181889928,744.8603382616601,751.3436063130697,2169065.0,0.0,0.0
2020-10-22 00:00:00-04:00,757.3249505177604,758.9667720259557,725.3307673732878,731.2764517466227,3197210.0,0.0,0.0
2020-10-23 00:00:00-04:00,737.0361233019785,746.9704447789678,730.4184227411861,744.3628508249918,2253540.6666666665,0.0,0.0
2020-10-26 00:00:00-04:00,733.668983095923,734.7048470695854,710.2318272249773,714.5229587554932,2296811.5,0.0,0.0
2020-10-27 00:00:00-04:00,715.0539327839218,721.8671161707219,698.138703440301,707.2559480667114,2046577.6666666667,0.0,0.0
2020-10-28 00:00:00-04:00,691.6098560181748,719.8593167403764,683.9922984554156,704.3866119384766,1953484.6666666667,0.0,0.0
2020-10-29 00:00:00-04:00,710.7752381170995,716.5230319464299,689.3034370995487,705.9581044514974,1546647.8333333333,0.0,0.0
2020-10-30 00:00:00-04:00,705.1535271868605,715.1400421230724,694.7748767907242,697.9101403554281,2118062.0,0.0,0.0
2020-11-02 00:00:00-05:00,711.9871565179639,723.2801086209512,696.136710248846,711.9329179128011,1824223.6666666667,0.0,0.0
2020-11-03 00:00:00-05:00,707.3909556073139,734.1949015466589,703.5496861161126,727.6153780619303,1708458.6666666667,0.0,0.0
2020-11-04 00:00:00-05:00,735.5233943158893,763.8170667920491,731.9599162655815,746.9358126322428,3159990.1666666665,0.0,0.0
2020-11-05 00:00:00-05:00,752.5430185560666,773.1510375740513,751.4104044830791,753.5999533335367,1883235.3333333333,0.0,0.0
2020-11-06 00:00:00-05:00,748.6384988444405,748.6728544654312,728.5987098708077,732.7977256774902,1653406.0,0.0,0.0
2020-11-09 00:00:00-05:00,750.3840359863217,750.8602941276486,698.449688214412,700.8024361928304,4421244.166666667,0.0,0.0
2020-11-10 00:00:00-05:00,710.0461124475149,739.6314128516101,700.9710236233631,731.0255797704061,4119943.1666666665,0.024999999999999998,0.0
2020-11-11 00:00:00-05:00,733.2003469922614,761.5839645071432,724.3329988718821,748.6507161458334,1955526.5,0.0,0.0
2020-11-12 00:00:00-05:00,755.122472841709,755.8734952743225,722.2991957439908,732.5930938720703,1806008.0,0.0,0.0
2020-11-13 00:00:00-05:00,738.0723176729808,760.888190047316,726.2583025273416,749.9543237686157,1355311.6666666667,0.0,0.0
2020-11-16 00:00:00-05:00,757.2108096846106,771.1670861171815,739.6066482839869,761.9053694407145,1738201.5,0.0,0.0
2020-11-17 00:00:00-05:00,756.5126833261191,780.6117349970303,750.847460823511,755.2302532196045,1644516.6666666667,0.0,0.0
2020-11-18 00:00:00-05:00,751.2686137947121,769.8979750394245,751.0672168101173,757.9329153696696,1782324.8333333333,0.0,0.0
2020-11-19 00:00:00-05:00,759.8224523450402,761.9006273726554,739.6077802747704,745.7133286794027,2037302.8333333333,0.0,0.0
2020-11-20 00:00:00-05:00,749.1172293928153,750.300928727918,734.4369127047012,736.3796730041504,1375111.1666666667,0.0,0.0
2020-11-23 00:00:00-05:00,739.8964740127427,745.4515079641355,730.6794434348104,743.4762954711914,1464516.8333333333,0.0,0.0
2020-11-24 00:00:00-05:00,749.517819693443,749.6875276810152,730.602918987979,736.5656865437826,1942455.3333333333,0.0,0.0
2020-11-25 00:00:00-05:00,737.5814436576975,745.1378869423621,725.2720963313517,728.700522740682,1348694.5,0.0,0.0
2020-11-27 00:00:00-05:00,731.8758511650702,737.7659979270856,721.508897098589,730.2837791442871,726873.0,0.0,0.0
2020-11-30 00:00:00-05:00,726.4896041959337,727.0248211785971,700.3653659073203,709.0418529510498,2806484.3333333335,0.0,0.0
2020-12-01 00:00:00-05:00,712.4199729550588,717.9322595395174,704.5455741707425,707.2943356831869,2406388.3333333335,0.0,0.0
2020-12-02 00:00:00-05:00,704.9123120788478,708.1983690236301,688.9881365332308,690.2799320220947,2672644.1666666665,0.0,0.0
2020-12-03 00:00:00-05:00,690.5061132524455,717.5725778872162,686.3304236189274,709.0241444905599,2059322.3333333333,0.03333333333333333,0.0
2020-12-04 00:00:00-05:00,708.5233834350329,714.1590961785429,698.3999307536297,708.4742596944174,2368684.5,0.0,0.0
2020-12-07 00:00:00-05:00,706.8290525830579,719.9231247913026,700.689185960522,709.8902161916097,2381242.6666666665,0.0,0.0
2020-12-08 00:00:00-05:00,702.3485499392391,709.185176769637,694.9885623809082,696.0923274358114,3399002.1666666665,0.0,0.0
2020-12-09 00:00:00-05:00,702.4164954927801,714.1225301172698,700.6037647148559,713.0847533543905,2866188.1666666665,0.0,0.0
2020-12-10 00:00:00-05:00,706.0115876377754,714.3127525103272,703.231408697096,706.0580863952637,1833551.6666666667,0.0,0.0
2020-12-11 00:00:00-05:00,704.3626961955403,712.641542532885,704.0726539590104,708.1264505386353,1566346.8333333333,0.0,0.0
2020-12-14 00:00:00-05:00,711.5853285147324,721.7861518196288,709.6386311156529,711.5248931248983,1929741.5,0.0,0.0
2020-12-15 00:00:00-05:00,714.6471835240517,721.1421610797493,708.8774660278494,712.1244932810465,1793752.6666666667,0.023333333333333334,0.0
2020-12-16 00:00:00-05:00,717.7922094820286,722.6074072593065,710.3619374959068,718.3736098607382,1989636.8333333333,0.0,0.0
2020-12-17 00:00:00-05:00,725.9255437057277,763.647335619643,725.8454905532662,746.7010815938314,3542294.0,0.0,0.0
2020-12-18 00:00:00-05:00,749.4739233632562,763.3616698955694,744.0248438672251,748.036548614502,3770122.0,0.0,0.0
2020-12-21 00:00:00-05:00,735.3909099945025,754.931628064504,729.4476711205169,747.183687210083,1736436.8333333333,0.0,0.0
2020-12-22 00:00:00-05:00,747.3172029029992,753.7339721040266,737.7533260479281,743.7577743530273,1348622.0,0.0,0.0
2020-12-23 00:00:00-05:00,745.1057316115133,745.2205518855053,731.8009495008326,732.6712811787924,1482372.0,0.0,0.0
2020-12-24 00:00:00-05:00,730.4265509614341,746.6878355449962,728.6502465168056,745.9778645833334,795638.5,0.0,0.0
2020-12-28 00:00:00-05:00,753.895080201079,755.9963856557629,732.8650888546325,735.1584568023682,1132919.3333333333,0.0,0.0
2020-12-29 00:00:00-05:00,737.5815595149412,739.4424895723014,725.2701546674963,729.91121896108,1162864.5,0.0,0.0
2020-12-30 00:00:00-05:00,730.5511319732017,740.7904867478669,728.9789684029096,730.0183572769165,897684.6666666666,0.0,0.0
2020-12-31 00:00:00-05:00,732.160861113421,732.1791100131333,719.6928175752327,721.1022930145264,1401806.8333333333,0.0,0.0
2021-01-04 00:00:00-05:00,723.0188519310444,725.9641805305428,704.1234018455776,713.7449305852255,2508537.8333333335,0.0,0.0
2021-01-05 00:00:00-05:00,710.6339761121576,715.3315644294145,700.1852635855513,707.8532899220785,2410256.6666666665,0.0,0.0
2021-01-06 00:00:00-05:00,700.7275207012855,710.0419165160429,687.2285748450614,700.6383708318075,3015032.3333333335,0.0,0.0
2021-01-07 00:00:00-05:00,705.9719872830215,721.4882803952618,702.3891554419192,712.154369354248,2408429.3333333335,0.018333333333333333,0.0
2021-01-08 00:00:00-05:00,714.8320700514988,721.0528944464718,688.5668173017707,695.004025777181,1903599.6666666667,0.0,0.0
2021-01-11 00:00:00-05:00,689.7602690028813,710.6514219613232,686.9678599186537,705.3717228571574,2016715.5,0.0,0.0
2021-01-12 00:00:00-05:00,704.7336228984535,709.139217806724,696.4643812398743,701.8297742207845,2181858.6666666665,0.0,0.0
2021-01-13 00:00:00-05:00,706.3844749818071,724.6728500458738,703.1367264365649,703.2818775177002,3006812.3333333335,0.0,0.0
2021-01-14 00:00:00-05:00,704.2998693551721,710.9035100158703,700.2448711662126,703.7928333282471,1833772.6666666667,0.0,0.0
2021-01-15 00:00:00-05:00,701.9915785295602,713.7671549252792,699.4757639679432,710.0507520039877,1846739.8333333333,0.0,0.0
2021-01-19 00:00:00-05:00,712.3520349070045,737.9530852342615,711.6006875602629,736.361317952474,2360211.5,0.0,0.0
2021-01-20 00:00:00-05:00,736.6752614128292,773.6350370688543,733.1523003714079,758.6599311828613,3202675.0,0.0,0.0
2021-01-21 00:00:00-05:00,760.6707012770253,791.4056585713348,759.0285539749487,788.2894344329834,2630425.0,0.0,0.0
2021-01-22 00:00:00-05:00,785.6922341004542,797.2251780458813,773.1625657392423,794.8496373494467,2571584.3333333335,0.0,0.0
2021-01-25 00:00:00-05:00,797.57839514838,806.360212842499,791.9464922397991,804.5324993133545,2917186.1666666665,0.0,0.0
2021-01-26 00:00:00-05:00,806.2955975610816,817.9673464684511,793.4278225124681,805.1514568328857,2773517.3333333335,0.0,0.0
2021-01-27 00:00:00-05:00,796.1869869612169,810.2724600375304,788.5105931214201,802.8205420176188,3084323.0,0.0,0.0
2021-01-28 00:00:00-05:00,806.5153331337896,807.6565860687924,772.3852042769757,799.6701482137045,2963561.8333333335,0.040335666666666666,0.0
2021-01-29 00:00:00-05:00,795.5760974251046,799.6183591493846,779.32006476003,787.0520095825195,2866163.6666666665,0.0,0.0
2021-02-01 00:00:00-05:00,794.6652714722004,805.1257865303963,784.67317026082,801.4445088704427,2051175.0,0.0,0.0
2021-02-02 00:00:00-05:00,798.7388418392494,806.728404076781,790.8937451327693,798.5867462158203,1682439.5,0.0,0.0
2021-02-03 00:00:00-05:00,795.5833695122684,801.3147000047643,787.7003848030485,796.7185560862223,1651136.1666666667,0.024999999999999998,0.0
2021-02-04 00:00:00-05:00,795.5239504843013,811.9464892334414,785.7227026428332,805.8382968902588,1889958.3333333333,0.0,0.0
2021-02-05 00:00:00-05:00,809.6823829567205,831.4207776929599,809.169951976576,827.0163052876791,2194188.0,0.0,0.0
2021-02-08 00:00:00-05:00,831.9024609888262,852.1430741786821,828.3251027893475,840.9984118143717,2086962.3333333333,0.0,0.0
2021-02-09 00:00:00-05:00,838.1923472693579,840.9921047355997,825.4988091713261,833.3439013163248,1547273.5,0.0,0.0
2021-02-10 00:00:00-05:00,833.3132287081166,845.9547782804401,826.0191996941709,834.0808957417806,1750230.6666666667,0.0,0.0
2021-02-11 00:00:00-05:00,838.1158106473862,849.9088549525283,833.7282834913018,835.7344379425049,1470114.6666666667,0.0,0.0
2021-02-12 00:00:00-05:00,833.955655697824,838.768271064335,828.45991878956,833.547056833903,1332258.1666666667,0.0,0.0
2021-02-16 00:00:00-05:00,829.317599092256,832.5924543468444,814.6100511819136,823.0941982269287,2387761.5,0.03333333333333333,0.0
2021-02-17 00:00:00-05:00,818.7711263828351,836.1348909370331,813.4480388263668,831.8140061696371,1940813.0,0.0,0.0
2021-02-18 00:00:00-05:00,824.7358191411737,836.9909634973127,822.256379877439,831.6862214406332,1543189.1666666667,0.0,0.0
2021-02-19 00:00:00-05:00,834.2995940625038,845.7432651438203,829.4123106509255,832.4717508951823,1712099.0,0.0,0.0
2021-02-22 00:00:00-05:00,827.9029933703513,835.6464487743348,822.2520360844874,822.94318262736,1631056.0,0.0,0.0
2021-02-23 00:00:00-05:00,820.9020704218419,835.5197752936573,809.7263819998199,830.5242093404134,1953619.3333333333,0.0,0.0
2021-02-24 00:00:00-05:00,824.6506718865058,834.0672893123447,799.5836604303387,831.6364205678304,2309911.0,0.0,0.0
2021-02-25 00:00:00-05:00,828.1757872070051,828.3276782227704,789.8707965540663,793.6612981160482,3170887.8333333335,0.0,0.0
2021-02-26 00:00:00-05:00,797.1756746940355,807.5430903888046,788.9704462696801,796.5762201944987,2743407.3333333335,0.0,0.0
2021-03-01 00:00:00-05:00,801.8749757386587,822.7471192875809,796.8936296047526,808.6800937652588,1812840.1666666667,0.0,0.0
2021-03-02 00:00:00-05:00,810.5440650286624,828.8238570646744,802.4665185433873,823.6475410461426,1930106.8333333333,0.0,0.0
2021-03-03 00:00:00-05:00,818.8096585613529,821.8406596936817,791.357160517484,792.9990584055582,1977000.1666666667,0.0,0.0
2021-03-04 00:00:00-05:00,789.208473798749,810.5025988109929,765.2789559908496,785.3432165781657,2640376.6666666665,0.0,0.0
2021-03-05 00:00:00-05:00,790.0432766759642,821.9084142642872,774.0867986992771,818.517833073934,2724321.1666666665,0.0,0.0
2021-03-08 00:00:00-05:00,821.1044876566078,844.9804578449497,818.2219777417163,832.1993446350098,1778308.1666666667,0.0,0.0
2021-03-09 00:00:00-05:00,839.8649936559522,847.5996396408837,829.0750692226716,832.3921839396158,1837688.6666666667,0.0,0.0
2021-03-10 00:00:00-05:00,837.7482291032488,854.8126658025543,830.244454515298,846.512217203776,2044008.1666666667,0.0,0.0
2021-03-11 00:00:00-05:00,840.0742715398372,856.9910872741581,811.7551505360531,814.5444361368815,1945420.6666666667,0.023333333333333334,0.0
2021-03-12 00:00:00-05:00,810.0085947046964,810.554169300233,789.8231859431489,805.5990409851074,2378238.5,0.0,0.0
2021-03-15 00:00:00-04:00,806.112505096719,829.8454823702767,798.604565109294,829.0229415893555,1775964.8333333333,0.0,0.0
2021-03-16 00:00:00-04:00,825.3126463144896,841.6811277358732,821.5258593611578,821.6427199045817,2155877.5,0.0,0.0
2021-03-17 00:00:00-04:00,816.4417456257547,837.317251589001,804.0194245632018,830.6233628590902,3947217.3333333335,0.0,0.0
2021-03-18 00:00:00-04:00,825.5579798242234,827.4149770542882,779.9944105303189,787.1665337880453,2881501.5,0.0,0.0
2021-03-19 00:00:00-04:00,783.9902835549607,813.0077429048439,776.7464148703942,789.8761107126871,2938145.1666666665,0.0,0.0
2021-03-22 00:00:00-04:00,789.57068030984,804.2313271138373,783.208654887732,801.9760684967041,1732507.8333333333,0.0,0.0
2021-03-23 00:00:00-04:00,798.3567062414849,812.7180236853151,789.8221058072345,794.2496121724447,1546012.6666666667,0.0,0.0
2021-03-24 00:00:00-04:00,796.2061452818313,819.2717632099497,794.4229886415757,806.909818649292,1716337.8333333333,0.0,0.0
2021-03-25 00:00:00-04:00,798.4784572078765,819.1822591492513,789.4957086864042,813.5128790537516,2595831.1666666665,0.0,0.0
2021-03-26 00:00:00-04:00,814.0794135246188,846.3670760094874,812.282476036914,841.6465142567953,2303703.8333333335,0.0,0.0
2021-03-29 00:00:00-04:00,843.0080576693376,847.535987095764,830.4680403976439,830.928430557251,2089529.3333333333,0.0,0.0
2021-03-30 00:00:00-04:00,828.6742396437447,844.5834813736084,823.7524670322135,838.4185841878256,1469537.6666666667,0.0,0.0
2021-03-31 00:00:00-04:00,832.7973754096256,850.3945110315594,831.9525739942151,838.9282143910726,1510893.0,0.0,0.0
2021-04-01 00:00:00-04:00,844.355986101065,856.8905180093966,838.0025100035053,852.6537456512451,1567578.3333333333,0.0,0.0
2021-04-05 00:00:00-04:00,857.2115175158921,863.466123915604,853.0713686126657,860.4473419189453,1607084.3333333333,0.0,0.0
2021-04-06 00:00:00-04:00,858.3020741581059,864.8533171142882,842.1259250696343,862.4769903818766,1600855.3333333333,0.0,0.0
2021-04-07 00:00:00-04:00,863.190017602033,868.9891833378757,848.3206998977292,851.5457890828451,1746580.1666666667,0.0,0.0
2021-04-08 00:00:00-04:00,850.463086312203,855.8628286134394,846.089355384399,846.2851181030273,1458593.6666666667,0.028333333333333335,0.0
2021-04-09 00:00:00-04:00,850.8621203880067,877.1008000424144,841.8577713191748,873.5247637430826,1523586.1666666667,0.0,0.0
2021-04-12 00:00:00-04:00,873.2702405356341,880.9119798003297,862.0978027983424,868.5621681213379,1754759.8333333333,0.0,0.0
2021-04-13 00:00:00-04:00,863.2867652426659,870.9919850873974,848.5862201687777,859.3486563364664,1595198.0,0.0,0.0
2021-04-14 00:00:00-04:00,852.9793142531615,866.3085778805568,852.7047915167009,859.1228942871094,1283091.3333333333,0.0,0.0
2021-04-15 00:00:00-04:00,864.5558060950175,871.6443030335407,855.4129555134291,862.8911228179932,1640281.3333333333,0.0,0.0
2021-04-16 00:00:00-04:00,869.3097717303376,892.2022816837836,869.2101983711544,887.9409033457438,2418141.5,0.0,0.0
2021-04-19 00:00:00-04:00,887.2324948703649,889.7558441607135,878.6083671721641,887.2217439015707,1655480.6666666667,0.0,0.0
2021-04-20 00:00:00-04:00,888.712379872919,894.816846624457,859.5140338456869,872.1454385121664,1924380.6666666667,0.040335666666666666,0.0
2021-04-21 00:00:00-04:00,867.8000738386719,871.4934741754633,837.701490727477,855.4193846384684,1283172.5,0.0,0.0
2021-04-22 00:00:00-04:00,852.6603248174848,861.775528901881,847.0263022247718,859.7860355377197,2163794.0,0.0,0.0
2021-04-23 00:00:00-04:00,860.7053387679534,876.1681925321436,848.5515112667414,866.8793919881185,1591227.1666666667,0.0,0.0
2021-04-26 00:00:00-04:00,866.7947963568572,880.8904322568657,860.6925575028423,879.1260197957357,1789424.3333333333,0.0,0.0
2021-04-27 00:00:00-04:00,881.2862618545638,896.324198475524,868.2265841218353,887.7279421488444,2118641.6666666665,0.0,0.0
2021-04-28 00:00:00-04:00,887.7632605603554,895.1379652391051,882.642092374922,892.3714243570963,1521021.8333333333,0.0,0.0
2021-04-29 00:00:00-04:00,895.2549150879776,910.6817557827522,891.5423215108868,896.501059850057,1614508.6666666667,0.0,0.0
2021-04-30 00:00:00-04:00,890.6274082353002,900.3362497745876,881.0894058306527,894.265074412028,2112510.0,0.0,0.0
2021-05-03 00:00:00-04:00,904.659058741175,917.0239143910662,894.2340945875808,913.379275004069,1674899.5,0.0,0.0
2021-05-04 00:00:00-04:00,913.6821136615991,922.3696907380776,900.9716630408649,910.7322673797607,1440022.5,0.0,0.0
2021-05-05 00:00:00-04:00,914.3924114090211,919.681093328578,904.88489361419,916.8595492045084,1585293.0,0.024999999999999998,0.0
2021-05-06 00:00:00-04:00,918.3376797007609,918.7902395390821,904.6663653449892,915.2956663767496,1372641.8333333333,0.0,0.0
2021-05-07 00:00:00-04:00,911.2140894151662,933.6859220766892,910.5432889414088,929.6873346964518,1457979.3333333333,0.03333333333333333,0.0
2021-05-10 00:00:00-04:00,929.3765511804904,947.5318551715646,918.9327281864685,930.5153954823812,1617807.5,0.0,0.0
2021-05-11 00:00:00-04:00,924.8896987271563,927.0062502742513,886.2680955890327,889.7542241414388,2184658.0,0.0,0.0
2021-05-12 00:00:00-04:00,882.8853299052531,883.8949318753712,845.4919024769703,845.7298011779785,3716212.5,0.0,0.0
2021-05-13 00:00:00-04:00,856.1570813342558,882.4020297593956,854.3586409899758,876.9848798116049,2831699.8333333335,0.0,0.0
2021-05-14 00:00:00-04:00,879.566601122487,888.6073582737798,876.138299891073,881.7590789794922,1413343.1666666667,0.0,0.0
2021-05-17 00:00:00-04:00,881.0870029186827,884.9439885999803,861.6717246339989,868.0041351318359,1722388.1666666667,0.0,0.0
2021-05-18 00:00:00-04:00,868.1910290633381,870.1657260471223,840.56033418875,842.0472793579102,2052081.3333333333,0.0,0.0
2021-05-19 00:00:00-04:00,823.5918151648162,841.6179410408382,813.3978298037523,838.1639645894369,2675290.0,0.0,0.0
2021-05-20 00:00:00-04:00,844.256665078548,849.7906294091357,834.7366900315442,841.3272450764974,1517517.1666666667,0.0,0.0
2021-05-21 00:00:00-04:00,841.4563839546887,850.6020481806844,826.9482838106579,829.5503641764323,1813708.5,0.0,0.0
2021-05-24 00:00:00-04:00,836.0573521068974,836.8711819965919,824.8737471631542,829.4438978830973,1393724.1666666667,0.0,0.0
2021-05-25 00:00:00-04:00,837.3293972400133,864.7683727317127,831.0267113525166,861.1711800893148,2235039.1666666665,0.0,0.0
2021-05-26 00:00:00-04:00,862.8350180487672,873.560358527588,856.5788716034871,864.1935965220133,2250206.3333333335,0.0,0.0
2021-05-27 00:00:00-04:00,866.5799492330561,875.4342706149505,858.5367940153575,867.033774693807,2388710.0,0.0,0.0
2021-05-28 00:00:00-04:00,867.1113141643099,877.0966103978803,860.6353332535359,871.3109639485677,1260461.3333333333,0.0,0.0
2021-06-01 00:00:00-04:00,878.3232390936923,878.5748922988026,859.0674656644975,863.6409276326498,1469814.5,0.0,0.0
2021-06-02 00:00:00-04:00,863.7018276067301,863.8226711816501,853.0131047154142,854.8269971211752,1939978.3333333333,0.0,0.0
2021-06-03 00:00:00-04:00,847.6505565574867,854.3163877809419,836.5886518591134,845.7460912068685,1698346.5,0.0,0.0
2021-06-04 00:00:00-04:00,852.4031275572637,860.1008430045214,837.7747411398426,857.0776933034261,1454529.6666666667,0.0,0.0
2021-06-07 00:00:00-04:00,859.6194949941854,859.7713347590638,847.9882409770888,856.4332853953043,1345939.1666666667,0.0,0.0
2021-06-08 00:00:00-04:00,858.5061650782268,866.2998313555167,851.1104245051374,861.567710240682,1211424.8333333333,0.0,0.0
2021-06-09 00:00:00-04:00,864.1097986345158,864.248426603758,848.8507983505561,852.8719749450684,1620328.5,0.0,0.0
2021-06-10 00:00:00-04:00,851.6509543587309,851.7303925883712,817.9609170371274,819.4292405446371,3528319.5,0.023333333333333334,0.0
2021-06-11 00:00:00-04:00,823.3987064603148,836.4716770954647,823.0687382005175,831.1304639180502,1965042.1666666667,0.0,0.0
2021-06-14 00:00:00-04:00,828.4826889710166,837.1642485154316,821.9822239435757,830.7598743438721,2289756.5,0.0,0.0
2021-06-15 00:00:00-04:00,831.4362652492082,843.523515614324,827.37908148698,837.7962538401285,1529132.0,0.0,0.0
2021-06-16 00:00:00-04:00,839.1185365260181,841.0937088301979,825.5721919950707,827.6465651194254,2432823.5,0.0,0.0
2021-06-17 00:00:00-04:00,826.5611345840126,844.8963028484333,823.2320913221573,835.4591643015543,2922104.6666666665,0.0,0.0
2021-06-18 00:00:00-04:00,831.6680817219541,854.0402646798416,830.4065720510665,850.6269238789877,3866934.5,0.0,0.0
2021-06-21 00:00:00-04:00,850.1468073088921,858.51816121131,842.5741081263636,856.321315129598,1995295.8333333333,0.0,0.0
2021-06-22 00:00:00-04:00,858.5347377384915,861.7151427176105,852.9660295690886,857.190762201945,1809073.3333333333,0.0,0.0
2021-06-23 00:00:00-04:00,854.7017708174125,856.6000548112684,837.5187969674586,850.1947708129883,2191973.1666666665,0.0,0.0
2021-06-24 00:00:00-04:00,850.0287442749944,857.3122736854185,839.9346964174661,855.6573893229166,3185671.6666666665,0.0,0.0
2021-06-25 00:00:00-04:00,855.4423956071943,869.6128829620721,853.3983957466563,860.0033156077067,3539064.8333333335,0.0,0.0
2021-06-28 00:00:00-04:00,860.7818792574758,871.9927499858278,853.4485738089196,867.2660465240479,1863598.6666666667,0.0,0.0
2021-06-29 00:00:00-04:00,871.442866060223,885.0793414227522,868.0608885262396,881.0563920338949,2225052.3333333335,0.0,0.0
2021-06-30 00:00:00-04:00,877.3086407774057,887.179723725007,874.9825656177554,882.3173650105795,2301937.6666666665,0.0,0.0
2021-07-01 00:00:00-04:00,880.6045823020685,908.855543929125,879.4508310088589,906.752166112264,2017960.6666666667,0.040335666666666666,0.0
2021-07-02 00:00:00-04:00,908.8990328250067,908.983788025334,900.1173591448618,906.781156539917,1213489.3333333333,0.0,0.0
2021-07-06 00:00:00-04:00,905.7341120716247,920.5696127819433,888.6903424427456,917.6293767293295,2133855.3333333335,0.0,0.0
2021-07-07 00:00:00-04:00,916.705050107896,932.1201924908704,909.7961214354073,921.4658075968424,1795795.3333333333,0.0,0.0
2021-07-08 00:00:00-04:00,907.4785285447771,910.1724804317656,891.6736644397492,894.4055589040121,2789216.3333333335,0.028333333333333335,0.0
2021-07-09 00:00:00-04:00,905.119707852962,913.6374798642304,894.0788313965019,896.1745840708414,1506966.0,0.0,0.0
2021-07-12 00:00:00-04:00,887.573223920183,893.9981812982342,875.4053511807651,879.5128180185953,1436293.8333333333,0.0,0.0
2021-07-13 00:00:00-04:00,874.4859978440691,876.6721687327735,850.8628082550416,854.4348322550455,1845405.1666666667,0.0,0.0
2021-07-14 00:00:00-04:00,857.5369493470488,871.9952328755248,853.1884006990325,861.660572052002,1328508.5,0.0,0.0
2021-07-15 00:00:00-04:00,857.0842866845595,861.449687508275,840.1278155073284,855.3909873962402,1344134.8333333333,0.0,0.0
2021-07-16 00:00:00-04:00,859.5646830347888,871.318685679978,850.5983587939786,850.7824993133545,1464155.5,0.0,0.0
2021-07-19 00:00:00-04:00,844.059203336884,860.5386924537046,841.6280557731883,848.9320303599039,2263359.8333333335,0.0,0.0
2021-07-20 00:00:00-04:00,854.4434291940721,871.0565800305648,849.2270903215359,869.0240904490153,1741648.3333333333,0.0,0.0
2021-07-21 00:00:00-04:00,869.3938084524976,895.2044405192611,852.2710004913102,868.9126752217611,1748756.0,0.0,0.0
2021-07-22 00:00:00-04:00,862.2265322127054,892.318557693509,858.511583939396,888.5347881317139,2110282.0,0.0,0.0
2021-07-23 00:00:00-04:00,889.3458645885806,909.6831001274595,886.2446054936939,909.4561284383138,1938882.8333333333,0.0,0.0
2021-07-26 00:00:00-04:00,907.1662861676999,907.5411088748139,889.056403570185,892.5088748931885,1644159.5,0.0,0.0
2021-07-27 00:00:00-04:00,888.9118153606834,906.6594277560393,884.1558791865244,905.1085885365804,1534236.8333333333,0.0,0.0
2021-07-28 00:00:00-04:00,907.1802804087664,911.7371779229012,894.0786461567858,897.590040842692,1363586.0,0.0,0.0
2021-07-29 00:00:00-04:00,903.9896614234093,932.2532776899785,903.8430581210317,930.0843664805094,1948738.1666666667,0.0,0.0
2021-07-30 00:00:00-04:00,928.6872668936982,938.6165286116942,923.4817548534485,926.1548652648926,1720762.5,0.0,0.0
2021-08-02 00:00:00-04:00,934.1658448409977,935.0239395320614,924.0269104718174,927.312572479248,1559564.5,0.0,0.0
2021-08-03 00:00:00-04:00,930.3670526465002,939.2436489967496,920.4977364778025,939.1227391560873,1201632.3333333333,0.0,0.0
2021-08-04 00:00:00-04:00,931.6079474793186,940.0958632310271,924.0208291763341,929.1405646006266,1510461.0,0.024999999999999998,0.0
2021-08-05 00:00:00-04:00,935.3367310442753,944.3627603295217,928.7702981598027,941.118137995402,1143861.6666666667,0.0,0.0
2021-08-06 00:00:00-04:00,942.3191831099779,944.795707362035,921.6106705440169,923.6900405883789,1124243.6666666667,0.0,0.0
2021-08-09 00:00:00-04:00,922.1351953351135,927.4198772763806,910.903328244496,913.7877318064371,928855.0,0.03333333333333333,0.0
2021-08-10 00:00:00-04:00,913.074349668494,931.2217085520243,911.1077071284896,921.3304589589437,1083941.0,0.0,0.0
2021-08-11 00:00:00-04:00,921.0310172081682,944.6668554116953,916.8218024788107,941.5972983042399,1327418.0,0.0,0.0
2021-08-12 00:00:00-04:00,944.0027579676183,945.2468640445796,925.2122628824128,934.2586816151937,1089531.3333333333,0.0,0.0
2021-08-13 00:00:00-04:00,931.9832645676179,938.1235020905257,922.2924264858557,932.4281228383383,869333.6666666666,0.0,0.0
2021-08-16 00:00:00-04:00,931.7510548597975,938.5288200040435,923.7285332010473,932.5918464660645,1270466.3333333333,0.0,0.0
2021-08-17 00:00:00-04:00,924.8123267021788,925.2412486556387,900.872918799871,907.3084189097086,1544553.1666666667,0.0,0.0
2021-08-18 00:00:00-04:00,903.1645234787125,918.0707683377597,902.541891189227,904.8241271972656,1303469.0,0.0,0.0
2021-08-19 00:00:00-04:00,898.8043741336186,907.5575962048764,894.9114622443068,899.6658929189047,1352125.6666666667,0.0,0.0
2021-08-20 00:00:00-04:00,903.3297246494905,918.0180456429283,900.35258001661,915.4507344563802,1103206.3333333333,0.0,0.0
2021-08-23 00:00:00-04:00,917.8883079388153,920.4425389056295,894.5337087831426,910.0633309682211,1303880.5,0.0,0.0
2021-08-24 00:00:00-04:00,915.0675547842369,930.0156634819132,907.7969439888058,918.7222900390625,1380126.0,0.0,0.0
2021-08-25 00:00:00-04:00,918.0674206730241,928.4500404775922,917.8329360019784,921.5063037872314,1254334.3333333333,0.0,0.0
2021-08-26 00:00:00-04:00,921.7957754693684,922.0777335316261,902.3231369368854,906.9655647277832,1198860.8333333333,0.0,0.0
2021-08-27 00:00:00-04:00,910.5920368971892,919.5176332322043,910.3482830555241,913.9686756134033,1133443.8333333333,0.0,0.0
2021-08-30 00:00:00-04:00,916.2020009132598,920.0227867650079,910.2215758565791,911.1708145141602,1043375.1666666666,0.0,0.0
2021-08-31 00:00:00-04:00,912.7552077960559,926.338889252871,907.9977638753156,920.145985285441,1718683.0,0.0,0.0
2021-09-01 00:00:00-04:00,921.3898254549613,924.0240485274766,913.3626621015129,920.4318402608236,1260784.0,0.0,0.0
2021-09-02 00:00:00-04:00,920.3872831632688,922.3773995222305,913.0401318183796,913.7035681406657,1073706.1666666667,0.0,0.0
2021-09-03 00:00:00-04:00,909.7159884123222,916.6174636723154,899.5892491047612,906.4799105326334,1236107.3333333333,0.0,0.0
2021-09-07 00:00:00-04:00,905.5848459192904,918.0649582012153,904.1908858144237,906.1877225240072,1388311.8333333333,0.0,0.0
2021-09-08 00:00:00-04:00,895.7530143040117,906.8003977962118,893.6675554420827,895.9247150421143,2505847.3333333335,0.0,0.0
2021-09-09 00:00:00-04:00,899.4330147561923,908.2340180956912,892.5005563054606,903.1494223276774,2236433.5,0.0,0.0
2021-09-10 00:00:00-04:00,911.9415171627355,916.7412648875592,901.6813089957544,908.4557234446207,1342720.5,0.0,0.0
2021-09-13 00:00:00-04:00,914.3135319964904,914.37826132296,882.5085785810119,891.8275623321533,2080392.8333333333,0.0,0.0
2021-09-14 00:00:00-04:00,892.3022108473268,897.3021640983599,876.869001272883,878.5695082346598,1652542.1666666667,0.0,0.0
2021-09-15 00:00:00-04:00,878.7854497814684,883.8533622969968,872.2366393205724,875.1018422444662,1864901.1666666667,0.0,0.0
2021-09-16 00:00:00-04:00,875.0679701831705,896.7116736719178,874.9849446726702,890.8839797973633,1654957.8333333333,0.0,0.0
2021-09-17 00:00:00-04:00,896.8941203983298,903.4255927597742,893.5985339843706,899.1984024047852,2797280.5,0.023333333333333334,0.0
2021-09-20 00:00:00-04:00,885.7887743015458,892.7828435993097,871.7880656784142,880.4004262288412,2111811.6666666665,0.0,0.0
2021-09-21 00:00:00-04:00,880.1950298937587,887.5211719503899,871.6507660727351,879.8525632222494,1687617.6666666667,0.0,0.0
2021-09-22 00:00:00-04:00,881.4465794422414,898.0724061406189,880.7271198738064,888.6926142374674,1683264.6666666667,0.0,0.0
2021-09-23 00:00:00-04:00,890.6201429357187,896.0414570620942,879.849193347564,881.9114418029785,2316337.3333333335,0.0,0.0
2021-09-24 00:00:00-04:00,883.8509688592536,885.3049165526389,872.4911132851653,877.9078496297201,1520201.0,0.0,0.0
2021-09-27 00:00:00-04:00,871.8646754079591,888.7213792192297,871.4584166925969,883.8955682118734,1674739.0,0.0,0.0
2021-09-28 00:00:00-04:00,883.8058378773859,884.7020785864556,859.1779937692045,865.2896315256754,1755050.3333333333,0.0,0.0
2021-09-29 00:00:00-04:00,867.2504711950837,887.718842073269,867.014814625596,875.0369962056478,1683200.1666666667,0.0,0.0
2021-09-30 00:00:00-04:00,875.332194160373,882.7745186112633,847.5304282591982,848.6533819834391,1821086.1666666667,0.0,0.0
2021-10-01 00:00:00-04:00,851.6219199636686,859.3614914259341,843.6394390587728,847.1731383005778,1719322.1666666667,0.0,0.0
2021-10-04 00:00:00-04:00,847.3797323663133,855.7587215690196,844.8215886954923,846.2682698567709,1581682.8333333333,0.0,0.0
2021-10-05 00:00:00-04:00,849.4645506099263,854.0345037478555,845.2718056880922,846.265729268392,1625399.8333333333,0.0,0.0
2021-10-06 00:00:00-04:00,840.6358868086317,857.3421027044516,840.5060257963355,850.5050818125407,1526568.8333333333,0.0,0.0
2021-10-07 00:00:00-04:00,854.6436330476917,867.0437520434947,851.1372568010469,862.0282681783041,1155419.3333333333,0.028333333333333335,0.0
2021-10-08 00:00:00-04:00,861.2675249172786,865.3061575032924,853.4900650748776,856.3450724283854,1257688.8333333333,0.0,0.0
2021-10-11 00:00:00-04:00,850.8691503882787,863.0753304145046,850.6666587453806,856.6179491678873,1228152.5,0.0,0.0
2021-10-12 00:00:00-04:00,858.6797681498532,863.4652811844979,851.8341217603971,859.7047074635824,1380839.0,0.0,0.0
2021-10-13 00:00:00-04:00,861.2074721869684,866.3336342014203,856.2845305828951,863.1116218566895,1533319.8333333333,0.040335666666666666,0.0
2021-10-14 00:00:00-04:00,867.0721194710395,887.1743068238019,866.9431815898038,885.5174706776937,1528477.0,0.0,0.0
2021-10-15 00:00:00-04:00,895.9663482123278,896.2491571876991,876.7067979825042,879.5426578521729,1636150.6666666667,0.0,0.0
2021-10-18 00:00:00-04:00,876.981105860391,890.3809052768773,876.8038789202454,888.0177090962728,1486750.6666666667,0.0,0.0
2021-10-19 00:00:00-04:00,892.1747492721948,897.8794626785351,883.0374307650526,891.7873662312826,1077325.8333333333,0.0,0.0
2021-10-20 00:00:00-04:00,890.9705028252187,903.0968366546819,889.8940008254123,895.5926977793375,1329454.1666666667,0.0,0.0
2021-10-21 00:00:00-04:00,890.3579091795954,890.766242502386,859.4345067544717,870.2362931569418,1010430.6666666666,0.0,0.0
2021-10-22 00:00:00-04:00,875.2065200966445,876.7436881351578,865.629102261632,865.8185316721598,1327564.5,0.0,0.0
2021-10-25 00:00:00-04:00,862.4635737854464,873.8973175118845,859.585921284464,866.348611831665,1713881.6666666667,0.0,0.0
2021-10-26 00:00:00-04:00,869.1149391175496,871.47277342432,861.6645576478512,864.7906659444174,1762108.1666666667,0.0,0.0
2021-10-27 00:00:00-04:00,869.977488812105,875.6442940479765,853.1318663004901,855.0159339904785,2281513.1666666665,0.0,0.0
2021-10-28 00:00:00-04:00,858.695793085216,873.305953219534,856.6155750139619,869.694393157959,1418639.8333333333,0.0,0.0
2021-10-29 00:00:00-04:00,865.920002907083,873.0504697481296,863.8834848960964,868.604372660319,1333490.8333333333,0.0,0.0
2021-11-01 00:00:00-04:00,865.6814060574903,877.6234497483339,859.6364837297293,874.9018058776855,1302339.8333333333,0.0,0.0
2021-11-02 00:00:00-04:00,873.706370395335,875.4237622343708,864.815438866713,870.7577279408773,1351400.0,0.0,0.0
2021-11-03 00:00:00-04:00,870.9933921574552,896.0080540704599,870.8774969123234,890.0292561848959,1634972.0,0.0,0.0
2021-11-04 00:00:00-04:00,896.403274134565,917.1371185221691,891.3833244336316,895.6360416412354,1420339.6666666667,0.0,0.0
2021-11-05 00:00:00-04:00,899.3656733947156,909.6143631945715,897.0990624955508,903.2035293579102,1392664.0,0.0,0.0
2021-11-08 00:00:00-05:00,904.7546315462213,907.79835527792,894.524182391151,902.9743270874023,1280970.5,0.0,0.0
2021-11-09 00:00:00-05:00,906.5276710459007,928.0132557480206,898.7352769953154,923.6119785308838,1895889.6666666667,0.024999999999999998,0.0
2021-11-10 00:00:00-05:00,923.5072331567216,932.0676449212857,905.4095380533055,907.9531288146973,1588351.3333333333,0.0,0.0
2021-11-11 00:00:00-05:00,908.2845864273868,919.7222581699376,898.0005934230363,914.353432973226,1332939.1666666667,0.0,0.0
2021-11-12 00:00:00-05:00,917.9960410826425,934.7691596040007,911.2829187058998,932.5937569936117,1036579.1666666666,0.0,0.0
2021-11-15 00:00:00-05:00,932.876223119803,939.6497374539468,925.7214693056941,936.1098969777426,1251992.5,0.0,0.0
2021-11-16 00:00:00-05:00,938.0802896723591,939.4023077080802,914.5232790468816,918.3840942382812,1395641.6666666667,0.0,0.0
2021-11-17 00:00:00-05:00,918.4859292810023,924.7130225757313,898.8024707621165,918.3897953033447,1568994.0,0.0,0.0
2021-11-18 00:00:00-05:00,921.8359320768708,922.0236539780364,904.6937796656531,910.2668031056722,1270714.3333333333,0.0,0.0
2021-11-19 00:00:00-05:00,919.5170662470778,936.857419072254,911.2128362177536,928.0657297770182,1846880.3333333333,0.0,0.0
2021-11-22 00:00:00-05:00,933.7807888012231,939.3875342706671,922.3663427941738,926.4862804412842,1528775.3333333333,0.0,0.0
2021-11-23 00:00:00-05:00,928.2090659518486,946.3207835745702,922.4220889743951,945.4134744008383,1339882.3333333333,0.0,0.0
2021-11-24 00:00:00-05:00,946.3596082732143,952.8837044035487,939.068423327461,950.1750939687093,1094203.5,0.0,0.0
2021-11-26 00:00:00-05:00,934.5293047447594,945.5134888320202,926.8515583176627,938.823356628418,1084256.1666666667,0.0,0.0
2021-11-29 00:00:00-05:00,944.0952285839716,948.3197732452313,933.0087114409188,937.14453125,1264101.6666666667,0.0,0.0
2021-11-30 00:00:00-05:00,932.0902778193262,941.3383328142087,917.0828976594765,926.6440594991049,2546606.1666666665,0.0,0.0
2021-12-01 00:00:00-05:00,934.8247598194671,959.7624344449904,921.6679350289527,957.2372137705485,2023802.1666666667,0.0,0.0
2021-12-02 00:00:00-05:00,962.0622568773965,990.2730206446803,948.3555017532957,984.1646817525228,2064894.0,0.0,0.0
2021-12-03 00:00:00-05:00,991.2786618930189,996.888797669281,969.29917492081,972.5727081298828,1826549.1666666667,0.0375,0.0
2021-12-06 00:00:00-05:00,980.3764017683393,1005.6639248455812,972.7730920334087,998.7050202687582,2347683.5,0.0,0.0
2021-12-07 00:00:00-05:00,1006.9343890279724,1014.9064623841265,1001.8973939770408,1006.4657770792643,1791552.8333333333,0.0,0.0
2021-12-08 00:00:00-05:00,1012.4379867496003,1047.0742661523157,1004.1768893933955,1043.8791103363037,1833382.3333333333,0.0,0.0
2021-12-09 00:00:00-05:00,1043.4748324666705,1060.047873409685,1036.6316841051869,1039.0403105417888,1736823.1666666667,0.0,0.0
2021-12-10 00:00:00-05:00,1041.3494535878194,1054.4399245834086,1032.0076943024862,1052.2555414835613,2006526.0,0.0,0.0
2021-12-13 00:00:00-05:00,1052.4485947208489,1053.6090599230909,1023.9022392156586,1025.7428849538167,2394829.1666666665,0.0,0.0
2021-12-14 00:00:00-05:00,1018.1860104666822,1045.5454969528455,1016.9401441215305,1032.0545031229656,2589472.1666666665,0.024999999999999998,0.0
2021-12-15 00:00:00-05:00,1033.5111688495847,1047.6789452154374,1026.7258311570445,1045.849334081014,2787426.8333333335,0.0,0.0
2021-12-16 00:00:00-05:00,1041.9407143147378,1043.222521057008,1017.7145242599348,1019.5395914713541,2785584.3333333335,0.0,0.0
2021-12-17 00:00:00-05:00,1017.9743668034689,1018.2197560543605,992.7762648313786,997.8300387064616,3493549.1666666665,0.0,0.0
2021-12-20 00:00:00-05:00,987.4198923046785,996.0266420065404,979.2482070649911,991.2121613820394,1781733.8333333333,0.0,0.0
2021-12-21 00:00:00-05:00,998.4207623597463,1018.3272549652223,991.2325113347828,1016.6419843037924,1661575.6666666667,0.0,0.0
2021-12-22 00:00:00-05:00,1018.0194210928089,1031.9282380060788,1011.7778270852205,1029.5021076202393,1564480.8333333333,0.0,0.0
2021-12-23 00:00:00-05:00,1031.9400054260816,1035.5913359727992,1023.4074581463664,1024.5153465270996,1147525.1666666667,0.0,0.0
2021-12-27 00:00:00-05:00,1030.2301842772629,1033.0677418571804,1020.8967674615459,1031.2306022644043,1427315.6666666667,0.0,0.0
2021-12-28 00:00:00-05:00,1031.3153291045962,1044.493244805468,1031.2144660975416,1039.9789746602376,1058103.0,0.0,0.0
2021-12-29 00:00:00-05:00,1041.7678517939291,1056.6277438114184,1038.59226507501,1055.8331387837727,1408236.5,0.0,0.0
2021-12-30 00:00:00-05:00,1058.8858252185275,1059.2968054802961,1042.5289897970829,1046.3490130106609,902280.6666666666,0.0,0.0
2021-12-31 00:00:00-05:00,1042.729989247152,1049.0921223259463,1036.8065733634207,1047.316738128662,702394.8333333334,0.0,0.0
2022-01-03 00:00:00-05:00,1040.7718479342793,1041.8859282795056,1012.7642050356908,1020.0745964050293,1638141.5,0.0,0.0
2022-01-04 00:00:00-05:00,1018.9579346202286,1034.4379529966393,1017.1938016230789,1031.1174011230469,1779545.1666666667,0.0,0.0
2022-01-05 00:00:00-05:00,1034.2740196510101,1043.2870709153085,1013.0102480178134,1014.8052870432535,1906958.0,0.0,0.0
2022-01-06 00:00:00-05:00,1014.3831481679716,1017.38682665642,998.3450588672999,1007.2808602650961,2150539.0,0.028333333333333335,0.0
2022-01-07 00:00:00-05:00,1003.9452766965832,1006.0633430953625,960.2637683726975,962.2607027689616,3063742.6666666665,0.0,0.0
2022-01-10 00:00:00-05:00,958.1269760605472,977.8003694961044,929.4277077211401,975.5570640563965,2480078.8333333335,0.0,0.0
2022-01-11 00:00:00-05:00,974.1310583359674,994.9541485550816,955.9990923431948,985.9889901479086,2211562.0,0.0,0.0
2022-01-12 00:00:00-05:00,986.3356481729696,999.9293746761437,967.0924381049613,986.1344318389893,1892906.3333333333,0.0,0.0
2022-01-13 00:00:00-05:00,1003.7998148063261,1032.268689197818,994.7589772258599,1008.5387070973715,5639615.0,0.0,0.0
2022-01-14 00:00:00-05:00,1003.2409411130319,1018.5848962402173,991.4412692838135,1012.4537906646729,2390616.3333333335,0.0,0.0
2022-01-18 00:00:00-05:00,995.8179158596048,1003.5493617590122,970.5734693514663,972.2372843424479,2783371.5,0.0,0.0
2022-01-19 00:00:00-05:00,967.4175667227101,975.2136205912005,945.6061031280677,946.4516792297363,3139295.3333333335,0.0,0.0
2022-01-20 00:00:00-05:00,944.9196830988107,951.7148564934727,915.9343732730321,917.3572095235189,2766358.5,0.0,0.0
2022-01-21 00:00:00-05:00,922.696969420247,934.0306675539501,910.4946176638458,911.3250624338785,2748499.0,0.0,0.0
2022-01-24 00:00:00-05:00,900.3507606705984,937.2896384689146,889.6412514043941,935.6052742004395,3135310.0,0.0,0.0
2022-01-25 00:00:00-05:00,922.1673690013685,924.4929977150467,907.5359857542139,911.8770478566488,2648711.6666666665,0.0,0.0
2022-01-26 00:00:00-05:00,923.3070533048558,937.66461844382,884.0656774584372,893.1663354237875,3127611.8333333335,0.06050333333333333,0.0
2022-01-27 00:00:00-05:00,887.376621739114,908.7543809972755,885.603746294892,893.0134029388428,2739318.0,0.0,0.0
2022-01-28 00:00:00-05:00,896.8960808062674,922.8349925681079,885.310784919673,919.3336060841879,2596119.0,0.0,0.0
2022-01-31 00:00:00-05:00,914.0459646057567,946.0432406384601,913.880750008059,941.1189511617025,2627252.3333333335,0.0,0.0
2022-02-01 00:00:00-05:00,932.3716401619339,951.4592379387341,907.2459848892186,947.4257685343424,2755770.6666666665,0.0,0.0
2022-02-02 00:00:00-05:00,953.7574346153584,973.3230208213687,947.1927639051323,969.9110565185547,2306166.6666666665,0.024999999999999998,0.0
2022-02-03 00:00:00-05:00,968.3684196753975,982.1737224916374,955.9681102361375,957.9450906117758,1957519.6666666667,0.0,0.0
2022-02-04 00:00:00-05:00,950.6302878328212,951.4998734917008,927.6191051145482,928.8555634816488,3014227.3333333335,0.0,0.0
2022-02-07 00:00:00-05:00,935.376072343665,943.007055099749,921.9141801752268,931.5686880747477,2504829.1666666665,0.0,0.0
2022-02-08 00:00:00-05:00,930.695566684813,942.1900800985078,927.1971827360926,934.5573787689209,2255884.0,0.0,0.0
2022-02-09 00:00:00-05:00,941.3051883310844,958.3239838399555,936.0908434194952,944.101390838623,2114354.8333333335,0.0,0.0
2022-02-10 00:00:00-05:00,921.0248334094639,948.5388202611626,906.7553097740797,911.1844329833984,2796967.6666666665,0.0,0.0
2022-02-11 00:00:00-05:00,916.8207194071188,925.8228944676201,880.0915227151573,889.2286491394043,1809112.1666666667,0.0,0.0
2022-02-14 00:00:00-05:00,892.0451971784088,898.720079875417,870.9405479454358,879.0163351694742,1918682.6666666667,0.0,0.0
2022-02-15 00:00:00-05:00,891.5537851616054,899.9605472095012,879.7886902821623,893.951894124349,1490589.5,0.0,0.0
2022-02-16 00:00:00-05:00,889.8963542347883,906.4519618804011,888.0381705570725,902.6921246846517,1589340.6666666667,0.0375,0.0
2022-02-17 00:00:00-05:00,897.8312986121932,900.6314869978836,880.0200086937829,882.5641193389893,1899753.3333333333,0.0,0.0
2022-02-18 00:00:00-05:00,882.6955726889101,892.6300819832592,870.6660341800847,881.8514321645101,1906585.8333333333,0.0,0.0
2022-02-22 00:00:00-05:00,873.0733363620161,880.2353151612857,837.7848274901726,846.1464004516602,2548562.5,0.0,0.0
2022-02-23 00:00:00-05:00,849.2222837775912,855.7106454813703,817.777941837407,818.2678070068359,2638742.1666666665,0.0,0.0
2022-02-24 00:00:00-05:00,798.6667418865618,848.4394504122365,796.938345361741,843.7756690979004,3398160.6666666665,0.0,0.0
2022-02-25 00:00:00-05:00,841.9440445547904,874.9138850070684,834.4574232224655,869.4653358459473,2780739.1666666665,0.0,0.0
2022-02-28 00:00:00-05:00,862.2373852760023,876.9084007595976,854.2690388112825,876.3550205230713,2425235.6666666665,0.0,0.0
2022-03-01 00:00:00-05:00,880.2540786984536,884.2850265665788,862.942489444461,867.7517573038737,2308603.3333333335,0.0,0.0
2022-03-02 00:00:00-05:00,871.4152083160706,894.8282134080105,870.3800910883615,886.423791885376,1813161.8333333333,0.0,0.0
2022-03-03 00:00:00-05:00,888.4361823595415,895.6026692626916,868.2939666442795,871.6059640248617,1459074.0,0.0,0.0
2022-03-04 00:00:00-05:00,864.8555817196117,872.2637857683743,852.2746478897787,869.6230710347494,1743905.1666666667,0.0,0.0
2022-03-07 00:00:00-05:00,867.2969780928929,868.9197766195192,829.6659040107915,830.9578857421875,2502137.3333333335,0.0,0.0
2022-03-08 00:00:00-05:00,829.6492398271986,863.8430273873437,817.898597450303,821.3220189412435,1816547.1666666667,0.0,0.0
2022-03-09 00:00:00-05:00,834.5496474025148,863.401408405779,826.1680911411922,850.6842867533366,1654348.3333333333,0.0,0.0
2022-03-10 00:00:00-05:00,834.2721650854282,851.4470865072321,833.8307452152832,844.3862425486246,1716008.1666666667,0.0,0.0
2022-03-11 00:00:00-05:00,850.9270454620536,853.8535685180127,837.9657182999103,839.6067899068197,1304616.3333333333,0.0,0.0
2022-03-14 00:00:00-04:00,838.9167866293874,842.6538187019852,803.8352795086712,815.7588183085123,2313359.0,0.024999999999999998,0.0
2022-03-15 00:00:00-04:00,824.9620877765678,853.7824903733213,811.564154389,849.5199515024821,1815660.3333333333,0.0,0.0
2022-03-16 00:00:00-04:00,854.1406769339723,861.812424835808,825.8061818558896,857.0277557373047,2321630.0,0.0,0.0
2022-03-17 00:00:00-04:00,857.106276687122,874.3833336104508,849.8317577741986,869.5034446716309,1880266.3333333333,0.0,0.0
2022-03-18 00:00:00-04:00,877.7892937856303,883.6021104618171,856.5412344012766,881.5204493204752,3615061.8333333335,0.0,0.0
2022-03-21 00:00:00-04:00,876.0258668547286,877.3841754952915,853.9577419110016,863.5599047342936,2229258.5,0.0,0.0
2022-03-22 00:00:00-04:00,866.8024688429978,874.1272477107099,853.42751663399,865.2384440104166,1839244.5,0.0,0.0
2022-03-23 00:00:00-04:00,861.9374797740041,865.5629935333013,841.9113192481236,845.0129172007242,2960145.0,0.0,0.0
2022-03-24 00:00:00-04:00,842.0966473104653,846.9618636152072,826.550480075958,835.7167116800944,3788745.1666666665,0.0,0.0
2022-03-25 00:00:00-04:00,840.8663001325746,842.3414510211775,814.9186020656549,823.148149172465,2700104.5,0.0,0.0
2022-03-28 00:00:00-04:00,822.580312816419,832.0392628075432,814.1735646054722,818.1846068700155,2375219.0,0.0,0.0
2022-03-29 00:00:00-04:00,834.6853180341571,852.1239929181544,827.4312257647452,838.2431195576986,2621561.1666666665,0.0,0.0
2022-03-30 00:00:00-04:00,835.0082189564258,836.230092002389,819.2305644303373,824.380464553833,1945460.1666666667,0.0,0.0
2022-03-31 00:00:00-04:00,818.5846860354172,830.8575111286013,787.8518352018765,788.0784295399984,3416832.5,0.0,0.0
2022-04-01 00:00:00-04:00,797.4167421490566,804.2280290735065,790.2492283549419,799.4805742899576,2540444.6666666665,0.0,0.0
2022-04-04 00:00:00-04:00,800.466453143294,809.1801311925692,795.7769652059193,802.6892528533936,2160945.3333333335,0.0,0.0
2022-04-05 00:00:00-04:00,789.4952349289833,800.0595327267711,772.619106967329,774.9286371866862,2905055.0,0.0,0.0
2022-04-06 00:00:00-04:00,763.3748263040687,776.1943886620699,759.6399542549394,768.0482629140218,3931409.3333333335,0.0,0.0
2022-04-07 00:00:00-04:00,764.8268452427682,768.9535494903557,748.6791192886509,761.9577865600586,3265630.0,0.03333333333333333,0.0
2022-04-08 00:00:00-04:00,766.140818186026,780.5369335489366,754.9248209703914,757.0720109939575,2579090.6666666665,0.0,0.0
2022-04-11 00:00:00-04:00,752.5719412378486,771.8408350308173,750.3583531443415,762.9624808629354,2676611.6666666665,0.0,0.0
2022-04-12 00:00:00-04:00,776.5951856965344,794.014928852068,764.0354371724171,767.5568272272745,3885580.6666666665,0.0,0.0
2022-04-13 00:00:00-04:00,767.7647388499387,785.3156123830063,760.5627439119907,779.9518340428671,2216621.0,0.0,0.0
2022-04-14 00:00:00-04:00,785.5727310044008,790.689654866689,761.0884008813346,765.1975838343302,1933492.3333333333,0.0,0.0
2022-04-18 00:00:00-04:00,760.3997056033028,772.2661697091149,757.415765138339,762.2231397628784,1560706.5,0.0,0.0
2022-04-19 00:00:00-04:00,768.4790520946358,787.6508898369935,768.426507077415,784.6110808054606,1820882.6666666667,0.0,0.0
2022-04-20 00:00:00-04:00,792.1638103214136,806.7632401950351,787.3092664565461,788.7147051493326,1761368.0,0.0,0.0
2022-04-21 00:00:00-04:00,793.8408938697158,799.4700947353546,775.500991952062,778.718537012736,1894740.8333333333,0.0,0.0
2022-04-22 00:00:00-04:00,775.8826550933604,775.9222252194485,753.6892048214232,756.0096006393433,1654027.0,0.0,0.0
2022-04-25 00:00:00-04:00,753.8826261080116,770.2945204968372,745.5599367701572,769.5572853088379,2393436.5,0.06050333333333333,0.0
2022-04-26 00:00:00-04:00,781.5708805408359,805.1812936210699,770.8316248858711,778.7073774337769,2326847.0,0.0,0.0
2022-04-27 00:00:00-04:00,782.5715264355978,792.4841235743262,762.7789875960419,768.5762701034546,2199628.8333333335,0.0,0.0
2022-04-28 00:00:00-04:00,777.7427440880856,799.0143679384873,765.6957589994508,792.4110113779703,2392201.6666666665,0.0,0.0
2022-04-29 00:00:00-04:00,792.8049760267533,798.3406887795817,767.7247778647885,771.3757562637329,1999436.3333333333,0.0,0.0
2022-05-02 00:00:00-04:00,774.7860606567286,787.6876308750261,760.9713921723942,781.4854755401611,2075415.3333333333,0.0,0.0
2022-05-03 00:00:00-04:00,776.1573709294165,796.1970098183959,770.4778498023612,789.4449755350748,2296489.1666666665,0.0,0.0
2022-05-04 00:00:00-04:00,784.0783529331152,828.1599083088441,769.4145356182776,826.7323506673177,2437196.3333333335,0.024999999999999998,0.0
2022-05-05 00:00:00-04:00,810.5323783250969,816.7048556633325,776.4278671998723,784.3680826822916,2404914.1666666665,0.0,0.0
2022-05-06 00:00:00-04:00,776.745345956183,785.2171076324522,759.8354477384964,778.8800172805786,2090080.3333333333,0.0375,0.0
2022-05-09 00:00:00-04:00,766.1537972703464,788.5042780328723,762.7372935159487,771.0323588053385,2351372.3333333335,0.0,0.0
2022-05-10 00:00:00-04:00,785.249534455669,785.4489366931133,751.2276960917525,754.198169708252,2229382.5,0.0,0.0
2022-05-11 00:00:00-04:00,749.9429144179776,758.3643130335954,722.9060823731306,724.8771953582764,2851822.5,0.0,0.0
2022-05-12 00:00:00-04:00,722.8287821131048,758.0225504981577,720.5506501884564,749.4191646575928,2523470.3333333335,0.0,0.0
2022-05-13 00:00:00-04:00,756.1465172159943,764.4189878740735,743.7895463544611,758.0066369374593,2689288.8333333335,0.0,0.0
2022-05-16 00:00:00-04:00,752.6923431675162,757.6206694453954,733.7574258703727,747.3778174718221,1794690.5,0.0,0.0
2022-05-17 00:00:00-04:00,760.8618212530406,773.6494424211379,748.7826401146995,771.5182711283366,2240608.3333333335,0.0,0.0
2022-05-18 00:00:00-04:00,760.2508554170992,760.3649686500581,727.4965221422963,730.1372216542562,2107710.1666666665,0.0,0.0
2022-05-19 00:00:00-04:00,725.6135587317752,746.5919409215458,723.8482213180995,733.7057326634725,2143557.0,0.0,0.0
2022-05-20 00:00:00-04:00,743.1079072244451,753.3688645860207,727.6480954030138,752.4803139368693,1647398.0,0.0,0.0
2022-05-23 00:00:00-04:00,757.2596446324382,765.0219906729329,735.4314517719863,743.3895422617594,1645160.1666666667,0.0,0.0
2022-05-24 00:00:00-04:00,736.6787815830259,737.6857042067809,705.7119137457607,716.9844500223795,2320741.3333333335,0.0,0.0
2022-05-25 00:00:00-04:00,723.748166099184,744.0145937063776,721.7426075427492,740.7067616780599,2436228.3333333335,0.0,0.0
2022-05-26 00:00:00-04:00,753.5552860132758,774.5500715791821,744.6511086021798,769.373176574707,2380295.5,0.0,0.0
2022-05-27 00:00:00-04:00,776.3735886399023,791.667757183288,769.6931844728193,790.0021260579427,1621418.5,0.0,0.0
2022-05-31 00:00:00-04:00,780.8025306260753,792.8398263018194,769.9022646103746,786.8442891438802,2196504.0,0.0,0.0
2022-06-01 00:00:00-04:00,787.0219418324727,789.2865220374365,772.3659065318835,776.0239785512289,1977375.5,0.0,0.0
2022-06-02 00:00:00-04:00,776.5728056185953,790.4010122290091,772.2108817514736,789.0477193196615,1652544.3333333333,0.0,0.0
2022-06-03 00:00:00-04:00,781.9801171526678,791.4609478521338,777.6219005089398,782.9668715794882,1366818.6666666667,0.0,0.0
2022-06-06 00:00:00-04:00,785.1474351679581,786.909817760789,774.9928083122809,781.4176499048868,1603150.1666666667,0.0,0.0
2022-06-07 00:00:00-04:00,770.714455544824,781.5065344132644,760.7899332556676,780.6426140467325,1827277.0,0.0,0.0
2022-06-08 00:00:00-04:00,778.6728118759344,779.0114883854002,762.0056944068709,769.217988650004,1877551.6666666667,0.0,0.0
2022-06-09 00:00:00-04:00,769.7317216679716,777.4532717511379,766.144759233754,767.0036532084147,1815417.0,0.024999999999999998,0.0
2022-06-10 00:00:00-04:00,761.7168338669563,761.992198276247,735.641009912057,737.5051937103271,2063932.5,0.0,0.0
2022-06-13 00:00:00-04:00,719.3215488464679,726.733666880195,689.2407852966393,696.764147122701,3892744.8333333335,0.0,0.0
2022-06-14 00:00:00-04:00,696.686206994384,700.9461347216101,684.7147062560301,689.9575799306234,2490064.5,0.0,0.0
2022-06-15 00:00:00-04:00,700.2383000328564,705.6255577740845,676.2316883170162,690.5776739120483,2422225.3333333335,0.0,0.0
2022-06-16 00:00:00-04:00,672.1526445909949,674.5709816299085,637.2927624947674,647.938637415568,3346163.1666666665,0.0,0.0
2022-06-17 00:00:00-04:00,660.622525245548,661.425918208417,631.0283038526526,652.7412535349528,4736789.333333333,0.0,0.0
2022-06-21 00:00:00-04:00,664.2820176090596,687.7774389832272,646.5855343721915,670.5185276667277,2829811.5,0.0,0.0
2022-06-22 00:00:00-04:00,658.8491317904762,685.5749978631516,658.6736207814671,675.6053794225057,3381980.1666666665,0.0,0.0
2022-06-23 00:00:00-04:00,682.3030996887212,702.904900409927,682.1970347747665,696.571946144104,3348016.3333333335,0.0,0.0
2022-06-24 00:00:00-04:00,703.1467798574387,720.8356882651454,693.7617055330642,715.0955470403036,2850387.6666666665,0.0,0.0
2022-06-27 00:00:00-04:00,711.6743014426282,721.3229621817432,703.2786211448312,714.7653036117554,1719616.6666666667,0.0,0.0
2022-06-28 00:00:00-04:00,717.6323760297386,719.2981918249396,697.3746597459162,697.8323599497477,1660510.1666666667,0.0,0.0
2022-06-29 00:00:00-04:00,696.6239604576859,705.8741885303756,689.0611312303769,700.0965325037638,1582549.0,0.0,0.0
2022-06-30 00:00:00-04:00,690.1252346032206,714.1657495783606,689.664863225824,706.746288617452,1686457.8333333333,0.0,0.0
2022-07-01 00:00:00-04:00,705.5212401897893,744.72587600585,705.4394838977832,736.4487915039062,2618023.6666666665,0.0,0.0
2022-07-05 00:00:00-04:00,727.484624705102,775.3122833169529,724.253515392859,771.1671120325724,2765807.5,0.0,0.0
2022-07-06 00:00:00-04:00,771.1096345512001,777.639994906308,749.1961555819693,767.3341204325358,2060944.1666666667,0.06050333333333333,0.0
2022-07-07 00:00:00-04:00,768.5646494131207,772.6910265792817,754.1680582914187,770.793781598409,1472835.3333333333,0.03333333333333333,0.0
2022-07-08 00:00:00-04:00,768.0867529408332,778.4593565556405,762.2469415634632,771.9176737467448,1420083.0,0.0,0.0
2022-07-11 00:00:00-04:00,766.5094552841721,779.3834380071668,766.3808413039302,772.1777938206991,1600175.1666666667,0.0,0.0
2022-07-12 00:00:00-04:00,777.5161739018604,797.2669254300772,762.4835204665542,770.6961558659872,2247775.1666666665,0.0,0.0
2022-07-13 00:00:00-04:00,752.3418956470169,792.7837558306428,747.5743311026569,774.8918511072794,1950336.1666666667,0.0,0.0
2022-07-14 00:00:00-04:00,756.9159178275182,773.8752078673391,752.9579200973672,769.9126129150391,1797147.8333333333,0.0,0.0
2022-07-15 00:00:00-04:00,773.807687853052,779.036014044645,761.2648450724809,770.5813175837199,1389156.1666666667,0.0,0.0
2022-07-18 00:00:00-04:00,773.3622384861159,784.1818582995069,767.5002940315204,770.2164856592814,1618127.5,0.0,0.0
2022-07-19 00:00:00-04:00,775.2561089580055,792.1753276836289,767.6721660486954,787.0664494832357,1886043.5,0.0,0.0
2022-07-20 00:00:00-04:00,779.8268288221325,788.5051311905701,768.4573215765263,784.0037136077881,2561248.5,0.0,0.0
2022-07-21 00:00:00-04:00,781.5808953382513,806.2073763053612,769.5756146266648,803.9323727289835,2733495.8333333335,0.0,0.0
2022-07-22 00:00:00-04:00,805.1708558895983,817.9970417606925,793.7462036553057,804.4695688883463,2044148.0,0.0,0.0
2022-07-25 00:00:00-04:00,801.0488771993636,801.3774225234455,781.852987123842,788.7243054707845,1968137.6666666667,0.0,0.0
2022-07-26 00:00:00-04:00,784.4022460065626,788.7457422646298,768.6107049419643,770.7275587717692,1922664.6666666667,0.0,0.0
2022-07-27 00:00:00-04:00,771.656861739109,782.1731930711862,749.9117073584977,774.081953048706,2137171.8333333335,0.0,0.0
2022-07-28 00:00:00-04:00,781.3233418467388,789.3407018383114,765.7943824975001,777.3027607599894,2075659.8333333333,0.0,0.0
2022-07-29 00:00:00-04:00,777.0601703707686,781.1949812525166,761.9630244227582,777.8026332855225,1737796.1666666667,0.0,0.0
2022-08-01 00:00:00-04:00,773.9050168329621,797.8588917879639,767.5159875418141,782.4193693796793,1537930.5,0.0,0.0
2022-08-02 00:00:00-04:00,778.2173994386632,782.2120666831723,750.7552768730399,751.3919734954834,2082793.0,0.0,0.0
2022-08-03 00:00:00-04:00,748.570538327615,764.7390505890581,745.2841424395801,757.1454435984293,1733652.3333333333,0.0625,0.0
2022-08-04 00:00:00-04:00,758.1235739084835,785.6121532557568,757.8760315295539,775.442897160848,1596545.8333333333,0.0,0.0
2022-08-05 00:00:00-04:00,761.6120095332639,774.3370472905276,761.255030862591,771.4618539810181,1296851.3333333333,0.0,0.0
2022-08-08 00:00:00-04:00,770.4308729086921,787.0360907026385,770.4227951008661,774.6590305964152,1196801.5,0.0,0.0
2022-08-09 00:00:00-04:00,770.5122412933312,772.292624485697,739.900555780613,743.2078466415405,1412596.3333333333,0.0,0.0
2022-08-10 00:00:00-04:00,762.3440229351835,784.2736467901182,761.4812415003145,778.4571485519409,1628090.1666666667,0.0,0.0
2022-08-11 00:00:00-04:00,784.023480054289,790.1296931402093,771.8311003525923,777.8016004562378,1648322.5,0.0,0.0
2022-08-12 00:00:00-04:00,780.9231029852155,792.9773992690097,777.0006350397917,789.3910423914591,1162200.0,0.0,0.0
2022-08-15 00:00:00-04:00,786.3993280338981,795.6392236878863,775.9335255775887,781.0825897852579,1099376.5,0.0,0.0
2022-08-16 00:00:00-04:00,780.1573185353985,795.3813597152083,772.3144423217327,787.3502340316772,1308326.3333333333,0.0,0.0
2022-08-17 00:00:00-04:00,780.8379430565614,789.2535987014743,770.9713654026597,782.1901547114054,1506417.5,0.0,0.0
2022-08-18 00:00:00-04:00,785.3516147007982,788.7238003553757,778.3421442659543,785.5028966267904,1127843.8333333333,0.0,0.0
2022-08-19 00:00:00-04:00,780.8495524044142,784.6922165643222,752.7501883010355,756.2800931930542,1910946.1666666667,0.0,0.0
2022-08-22 00:00:00-04:00,754.7452295245399,757.991461615873,743.6711017719625,744.3860750198364,1604536.3333333333,0.0,0.0
2022-08-23 00:00:00-04:00,748.8392682725083,757.3594436369727,742.8578325382476,743.1348384221395,1435398.8333333333,0.0,0.0
2022-08-24 00:00:00-04:00,738.7006277434343,766.2385039502202,738.5383442015373,758.695452372233,2270353.6666666665,0.0,0.0
2022-08-25 00:00:00-04:00,757.6906617371304,779.6713740171398,757.5699702256658,772.4120836257935,1645245.8333333333,0.0,0.0
2022-08-26 00:00:00-04:00,776.3717313364658,776.5824116601399,741.1763688146506,746.893967628479,1875777.3333333333,0.0,0.0
2022-08-29 00:00:00-04:00,740.6533744817839,751.2760780964172,740.3958216124543,744.6043850580851,1390636.1666666667,0.0,0.0
2022-08-30 00:00:00-04:00,751.1383436594678,754.631132975641,733.0340612719916,734.8487888971964,1444558.3333333333,0.0,0.0
2022-08-31 00:00:00-04:00,741.4122675096933,746.31087057169,730.7435835304458,731.4541330337524,1815376.5,0.0,0.0
2022-09-01 00:00:00-04:00,724.6440342596267,736.0707896553663,716.0535987208058,727.4922533035278,1751116.8333333333,0.0,0.0
2022-09-02 00:00:00-04:00,725.1179344733858,740.6361971583511,717.4700105414917,723.6367483139038,1645265.3333333333,0.0,0.0
2022-09-06 00:00:00-04:00,724.2743248996086,724.3769086196925,706.006598032463,714.1078141530355,1840036.8333333333,0.0,0.0
2022-09-07 00:00:00-04:00,717.0411116114702,731.9849898534695,716.2459123630491,730.4511702855428,1441832.6666666667,0.0,0.0
2022-09-08 00:00:00-04:00,721.9742624383467,740.4705766949518,721.5105790007406,740.435830116272,1341225.6666666667,0.0,0.0
2022-09-09 00:00:00-04:00,743.8339641613234,760.0572633097349,741.0156032364874,753.3620433807373,1275394.3333333333,0.0,0.0
2022-09-12 00:00:00-04:00,760.4771143736199,768.760281526048,750.2327176617999,758.2606614430746,1542303.5,0.0,0.0
2022-09-13 00:00:00-04:00,742.4609320680255,742.6388881558854,717.1047899920462,717.821486790975,2913688.0,0.0,0.0
2022-09-14 00:00:00-04:00,719.4593676400428,720.8790268904513,702.3277005089484,712.5739386876425,2548951.1666666665,0.0,0.0
2022-09-15 00:00:00-04:00,709.0421462062372,723.1478930029048,698.600808343618,707.9635559717814,2074930.5,0.0,0.0
2022-09-16 00:00:00-04:00,711.2975090542463,722.9454953571803,706.649069330323,721.8633505503336,3907919.5,0.0,0.0
2022-09-19 00:00:00-04:00,719.3877608952616,734.769567001285,719.253659555995,731.0057690938314,2680460.6666666665,0.0,0.0
2022-09-20 00:00:00-04:00,720.9396708729026,727.6622513566172,717.3367752940379,722.0824537277222,2079066.8333333333,0.0,0.0
2022-09-21 00:00:00-04:00,724.9522731240007,737.0667869932048,711.3058120507825,712.7299499511719,2081391.1666666667,0.024999999999999998,0.0
2022-09-22 00:00:00-04:00,705.9312564943934,717.6803559464302,705.3037882825348,708.8160940806071,3575488.3333333335,0.0,0.0
2022-09-23 00:00:00-04:00,704.8650161831957,718.3056959891481,701.5351113380283,717.0383078257242,2507137.8333333335,0.0,0.0
2022-09-26 00:00:00-04:00,713.4048082365313,716.9528085798775,695.7534723413551,697.7242180506388,1996866.5,0.0,0.0
2022-09-27 00:00:00-04:00,704.6563333211947,709.2703242254776,682.5010823728844,691.7558797200521,1932735.5,0.0,0.0
2022-09-28 00:00:00-04:00,700.6544258945661,729.066298878296,700.4116258475423,723.9284782409668,2193143.6666666665,0.0,0.0
2022-09-29 00:00:00-04:00,714.532561710861,717.0289950908336,702.6331778928279,704.0519450505575,1819399.6666666667,0.0,0.0
2022-09-30 00:00:00-04:00,706.0017218244446,717.2941199044095,698.876400420808,703.6953455607096,2030935.6666666667,0.0,0.0
2022-10-03 00:00:00-04:00,718.9609616129975,737.3601032596251,712.7330895608443,729.9136320749918,2299889.0,0.0,0.0
2022-10-04 00:00:00-04:00,743.18665087796,764.8323658807809,735.6218211863153,762.9581696192423,2311415.3333333335,0.0,0.0
2022-10-05 00:00:00-04:00,750.791727333121,764.1022438296576,744.28698793273,757.8376089731852,1625887.6666666667,0.0,0.0
2022-10-06 00:00:00-04:00,755.200576267569,767.9319968731087,753.6076687883716,761.3352651596069,1756372.0,0.03333333333333333,0.0
2022-10-07 00:00:00-04:00,750.4048959790811,757.0674190412852,736.5192090501031,750.7949965794882,1633395.1666666667,0.0,0.0
2022-10-10 00:00:00-04:00,755.4417450691649,755.6421708650872,732.875720134847,740.4163958231608,1249656.8333333333,0.0,0.0
2022-10-11 00:00:00-04:00,734.1618475534178,752.7378187581276,728.2926065183655,736.2954092025757,1823165.6666666667,0.0,0.0
2022-10-12 00:00:00-04:00,734.4266743668999,734.5691416380538,708.5916186295939,709.0439777374268,1784139.0,0.06050333333333333,0.0
2022-10-13 00:00:00-04:00,691.2097498778971,725.9069778812087,674.1849534851867,713.4935503005981,2254121.1666666665,0.0,0.0
2022-10-14 00:00:00-04:00,718.6015303444075,720.2854582565074,696.0234615712347,696.9412155151367,2096405.0,0.0,0.0
2022-10-17 00:00:00-04:00,707.552759383112,719.9555751692919,706.5276628270361,712.479128519694,1610119.1666666667,0.0,0.0
2022-10-18 00:00:00-04:00,729.65618921925,737.2920287889305,723.0346402240847,734.7325159708658,1946675.3333333333,0.0,0.0
2022-10-19 00:00:00-04:00,723.4977825805278,723.6215299540772,694.4029834120992,701.8458550771078,2135638.3333333335,0.0,0.0
2022-10-20 00:00:00-04:00,702.3746953633882,715.417755489026,695.7815280280875,698.3333654403687,1577376.1666666667,0.0,0.0
2022-10-21 00:00:00-04:00,707.6348966703304,721.3832859725161,698.5815075240322,714.1062698364258,2356957.0,0.0,0.0
2022-10-24 00:00:00-04:00,711.6440724558062,723.7895798833134,707.6146408399071,714.6887594858805,2044054.8333333333,0.0,0.0
2022-10-25 00:00:00-04:00,715.4294846379577,762.5563222576915,715.3468052777949,755.3141508102417,2480967.3333333335,0.0,0.0
2022-10-26 00:00:00-04:00,751.8308303489135,767.0446483667478,736.8253227331116,739.604437828064,1956859.8333333333,0.0,0.0
2022-10-27 00:00:00-04:00,744.7278994572439,753.4181490524879,731.5611228397537,735.5823389689127,1989400.8333333333,0.0,0.0
2022-10-28 00:00:00-04:00,729.6458652777151,758.425723050611,729.449327182913,756.0875129699707,1311966.0,0.0,0.0
2022-10-31 00:00:00-04:00,748.3214212811413,755.2652540127145,737.7480176850241,749.0744609832764,1889226.0,0.0,0.0
2022-11-01 00:00:00-04:00,760.346789926621,760.5881118869089,744.2877867949264,751.298765818278,1854952.1666666667,0.0,0.0
2022-11-02 00:00:00-04:00,752.2311875444416,759.8281941630747,725.0973592467722,730.1819985707601,2211683.5,0.0,0.0
2022-11-03 00:00:00-04:00,717.6667231216076,727.0382124068851,711.4905527950349,718.290641784668,1850900.1666666667,0.0,0.0
2022-11-04 00:00:00-04:00,730.2084791675015,746.2690399891889,718.5441639844092,735.5742394129435,1700670.8333333333,0.0,0.0
2022-11-07 00:00:00-05:00,739.5431695671259,739.7179177036295,719.2638117478064,731.4355166753134,1357535.5,0.0,0.0
2022-11-08 00:00:00-05:00,732.4490806944224,743.0746288437753,721.0824760259857,729.6602824529012,2086074.0,0.0,0.0
2022-11-09 00:00:00-05:00,725.1533407595671,748.2492572874409,715.9749768344595,720.3472023010254,2593399.5,0.024999999999999998,0.0
2022-11-10 00:00:00-05:00,753.0470343701824,805.416496345144,752.8147384758305,801.6008726755778,3688583.8333333335,0.0,0.0
2022-11-11 00:00:00-05:00,795.9812582534136,806.7433858956925,792.8984298287863,795.5551503499349,2050697.3333333333,0.0,0.0
2022-11-14 00:00:00-05:00,795.1657213818081,795.3260315177827,770.1778235080877,771.099453608195,1610434.1666666667,0.0,0.0
2022-11-15 00:00:00-05:00,784.8864868041906,799.9005532624615,775.9701239453794,798.300609588623,1681348.5,0.0,0.0
2022-11-16 00:00:00-05:00,796.5781124175318,797.3024979202428,786.563404967278,791.188053448995,1283986.5,0.0,0.0
2022-11-17 00:00:00-05:00,778.1749546280151,779.6793694635265,759.9963419567416,777.0635277430216,1303822.6666666667,0.0,0.0
2022-11-18 00:00:00-05:00,780.7450997127685,784.9724853801426,764.6074827057773,777.2951002120972,1073394.8333333333,0.0,0.0
2022-11-21 00:00:00-05:00,776.4888218289717,780.7872796316964,762.3417195685234,767.116951306661,1141154.3333333333,0.0,0.0
2022-11-22 00:00:00-05:00,777.4344572356945,789.8671846490456,772.0045187344964,788.180290222168,1397576.5,0.0,0.0
2022-11-23 00:00:00-05:00,787.7311625214239,800.115928220444,782.3897387229872,796.7892408370972,1300482.1666666667,0.0,0.0
2022-11-25 00:00:00-05:00,796.2315470790071,804.2987214523355,791.5868811305946,796.2651062011719,543765.8333333334,0.0,0.0
2022-11-28 00:00:00-05:00,789.2026619680337,790.4254908513944,781.0992240558454,786.7373390197754,1184996.5,0.0,0.0
2022-11-29 00:00:00-05:00,784.7081324408168,808.396948595569,782.2265128772237,806.1603002548218,1244086.6666666667,0.0,0.0
2022-11-30 00:00:00-05:00,803.760528188927,823.6918926959283,793.4472696046586,820.5051511128744,2827579.1666666665,0.0,0.0
2022-12-01 00:00:00-05:00,833.6807607139722,846.0826643521203,816.1498609576893,837.7470849355062,1654360.6666666667,0.041666666666666664,0.0
2022-12-02 00:00:00-05:00,822.6874340807295,838.2574591303892,821.8423291833619,828.7528667449951,1305493.5,0.0,0.0
2022-12-05 00:00:00-05:00,815.7559487346786,823.653466883038,798.8747725169229,821.6708866755167,1261502.6666666667,0.0,0.0
2022-12-06 00:00:00-05:00,825.6579602516962,825.775521542858,805.316144655775,812.6896998087565,1712338.8333333333,0.0,0.0
2022-12-07 00:00:00-05:00,816.1130220207798,835.6833134440088,812.5994094571118,835.3253463109335,1950607.8333333333,0.0,0.0
2022-12-08 00:00:00-05:00,833.2935338565304,838.9966308404081,825.8605763738204,830.2142219543457,1348505.3333333333,0.0,0.0
2022-12-09 00:00:00-05:00,824.1428749305411,831.3227845998827,820.4019764050694,822.0661942164103,1227637.1666666667,0.0,0.0
2022-12-12 00:00:00-05:00,822.3322378217816,835.6429921504186,809.3910810772448,831.7642221450806,1352514.3333333333,0.0,0.0
2022-12-13 00:00:00-05:00,874.2462223426611,880.151363115372,831.3340920878278,837.0745547612509,2211560.8333333335,0.02666666666666667,0.0
2022-12-14 00:00:00-05:00,838.1906128401532,850.6917049095165,830.5277618697095,840.0293916066488,1933759.5,0.0,0.0
2022-12-15 00:00:00-05:00,825.230330266532,864.2858775524778,822.334190623781,857.3159891764323,3373436.5,0.0,0.0
2022-12-16 00:00:00-05:00,851.7944319211224,855.0769001079044,840.6052773284264,852.0638577143351,3160993.6666666665,0.0,0.0
2022-12-19 00:00:00-05:00,847.8662565753474,857.9033955383698,825.4292101707944,829.3417660395304,1830310.6666666667,0.0,0.0
2022-12-20 00:00:00-05:00,821.8995097458456,832.0473114203005,814.3046510995174,820.7838357289633,1579866.3333333333,0.0,0.0
2022-12-21 00:00:00-05:00,834.1942230993732,837.1831399923321,829.5252535209165,833.4371808369955,1557507.3333333333,0.0,0.0
2022-12-22 00:00:00-05:00,827.0592311345127,829.4969016353002,814.2081458586058,828.6319007873535,1588474.1666666667,0.0,0.0
2022-12-23 00:00:00-05:00,829.8416148574178,831.9216939718541,818.1975856107296,823.2627649307251,952270.0,0.0,0.0
2022-12-27 00:00:00-05:00,820.0026408396724,830.0061165591875,816.9525937919834,824.7230424880981,873087.3333333334,0.0,0.0
2022-12-28 00:00:00-05:00,827.5041072237377,835.8746968073737,807.6491966541133,808.7162164052328,1013535.3333333334,0.0,0.0
2022-12-29 00:00:00-05:00,811.2161216328842,828.4917871333624,809.524803073023,823.7403809229532,969049.1666666666,0.0,0.0
2022-12-30 00:00:00-05:00,814.2212499981039,823.126524330527,811.9631063317738,817.6039864222208,983422.1666666666,0.0,0.0
2023-01-03 00:00:00-05:00,824.2213465605273,831.5946978512271,802.1149495253316,814.5160102844238,1542968.8333333333,0.0,0.0
2023-01-04 00:00:00-05:00,823.0164876750194,832.7209652202132,818.3841312172807,829.6183942159017,1762379.6666666667,0.0,0.0
2023-01-05 00:00:00-05:00,817.554253811813,829.4046137360842,814.5836081379631,824.1529788970947,1544954.3333333333,0.03333333333333333,0.0
2023-01-06 00:00:00-05:00,829.3209913982774,855.6940888021896,829.1838965320288,851.2506395975748,1443185.6666666667,0.0,0.0
2023-01-09 00:00:00-05:00,854.766374328884,857.2543042465007,844.4235231480694,845.4485766092936,1721674.5,0.0,0.0
2023-01-10 00:00:00-05:00,837.4351826686479,860.5101094046685,837.2332684579422,856.8725382486979,1294367.0,0.0,0.0
2023-01-11 00:00:00-05:00,861.1941848265254,876.0626843959923,851.4957466571445,872.4916464487711,2178469.0,0.0,0.0
2023-01-12 00:00:00-05:00,880.001227597358,882.7856795640931,857.486611753025,875.8283843994141,2232369.3333333335,0.0,0.0
2023-01-13 00:00:00-05:00,864.4973194056168,895.079964586871,864.3559736393787,885.5022366841634,1670054.3333333333,0.0,0.0
2023-01-17 00:00:00-05:00,885.3724789688608,896.8850955745382,881.5622942314116,885.2021401723226,1672666.3333333333,0.0,0.0
2023-01-18 00:00:00-05:00,893.9036756783299,906.0256488949061,882.2866935299526,886.5165386199951,1912551.3333333333,0.0,0.0
2023-01-19 00:00:00-05:00,883.1544631870474,889.0260398068368,872.3613082027149,873.6835645039877,1686656.0,0.0,0.0
2023-01-20 00:00:00-05:00,879.1040960783084,892.592643303815,868.3906046622014,890.3946018218994,1472884.6666666667,0.0,0.0
2023-01-23 00:00:00-05:00,890.7738438622077,900.8512216464424,885.3688491972383,890.2958895365397,1486341.8333333333,0.0,0.0
2023-01-24 00:00:00-05:00,892.9660984760764,900.852726682287,878.6781275274992,894.1530367533366,1701816.3333333333,0.0,0.0
2023-01-25 00:00:00-05:00,885.380810566534,902.6167442246964,885.1701021448445,899.0077317555746,1516400.5,0.0,0.0
2023-01-26 00:00:00-05:00,904.5198269911801,917.8761353733557,893.4027545073812,906.8379230499268,1261403.8333333333,0.06050333333333333,0.0
2023-01-27 00:00:00-05:00,899.2017960229138,913.6920849238014,899.0617825330761,908.6045080820719,1226586.0,0.0,0.0
2023-01-30 00:00:00-05:00,904.6255762727891,910.6812213666966,887.5181352438427,890.9877427419027,1674217.3333333333,0.0,0.0
2023-01-31 00:00:00-05:00,921.8895981037358,948.4820742678108,913.6629156336062,935.0857365926107,3058247.1666666665,0.0,0.0
2023-02-01 00:00:00-05:00,935.9040829233976,954.3082684918386,919.8331532298274,950.7495746612549,2588258.8333333335,0.024999999999999998,0.0
2023-02-02 00:00:00-05:00,947.0797579108098,976.935633365979,942.5672848616091,960.5116227467855,2336993.0,0.0,0.0
2023-02-03 00:00:00-05:00,942.6802596182762,952.3236971751388,924.2744512118276,938.2088171641032,1649953.3333333333,0.0,0.0
2023-02-06 00:00:00-05:00,931.5525306323353,931.7956776719456,909.5372156375474,915.2165794372559,1611614.1666666667,0.041666666666666664,0.0
2023-02-07 00:00:00-05:00,908.4314372181703,926.8800038400483,896.0082605651966,918.3728510538737,1817915.3333333333,0.0,0.0
2023-02-08 00:00:00-05:00,912.5677161900708,912.6581972225343,887.1002233947326,891.6856466929117,2048196.3333333333,0.0,0.0
2023-02-09 00:00:00-05:00,901.5287966386558,908.5095578947765,896.626970969377,897.575470606486,1652750.0,0.0,0.0
2023-02-10 00:00:00-05:00,894.3479547556425,906.4270717831861,892.0461120517006,902.657876332601,1447462.6666666667,0.0,0.0
2023-02-13 00:00:00-05:00,905.0460610309261,924.2318321161374,904.4791877114714,924.1934013366699,1520762.0,0.0,0.0
2023-02-14 00:00:00-05:00,916.9916347237249,925.6731862655059,908.5411168147328,910.2490895589193,1414742.0,0.0,0.0
2023-02-15 00:00:00-05:00,902.1338806642447,923.6376465420029,900.5713060075309,917.0038636525472,1301896.0,0.0,0.0
2023-02-16 00:00:00-05:00,905.3296736985313,915.6912255401872,897.9913155583835,909.1709391276041,1813224.3333333333,0.0,0.0
2023-02-17 00:00:00-05:00,903.0282687783643,907.5693745750581,889.6186997567303,904.0604527791342,2454708.3333333335,0.0,0.0
2023-02-21 00:00:00-05:00,898.2150712203166,910.7133992342027,885.8063579331538,888.8969453175863,2260037.5,0.0,0.0
2023-02-22 00:00:00-05:00,896.2497684950648,903.027107989287,892.7572831329185,896.0879497528076,2198624.6666666665,0.0,0.0
2023-02-23 00:00:00-05:00,899.918319013083,911.2798114156776,893.7577409723846,908.860865910848,1429166.5,0.0,0.0
2023-02-24 00:00:00-05:00,891.1466092778555,922.6372304402988,889.4770051742407,908.7520968119303,1684476.1666666667,0.0,0.0
2023-02-27 00:00:00-05:00,920.2221184071963,923.5845085286023,908.8736000158473,914.7393938700358,1329743.6666666667,0.0,0.0
2023-02-28 00:00:00-05:00,907.0670824576318,925.412874132388,906.8170927413838,916.4127051035563,1896166.3333333333,0.0,0.0
2023-03-01 00:00:00-05:00,912.8738247343476,923.6517419986611,907.655291714661,909.9094422658285,1557777.8333333333,0.0,0.0
2023-03-02 00:00:00-05:00,906.6405723090135,926.6285807512855,900.7264403940648,923.1330763498942,1615738.8333333333,0.0,0.0
2023-03-03 00:00:00-05:00,931.1172568614888,932.918483172897,923.5391393608528,929.034148534139,1637192.1666666667,0.0,0.0
2023-03-06 00:00:00-05:00,931.7043080724811,937.6790128757781,925.344469946322,928.0443242390951,1650896.5,0.0,0.0
2023-03-07 00:00:00-05:00,934.2559428991257,945.8689654428463,930.2017579191124,937.4842363993326,1533327.5,0.0,0.0
2023-03-08 00:00:00-05:00,937.3453045107254,947.7669580510119,931.6839973376303,944.1766325632731,1755088.3333333333,0.0,0.0
2023-03-09 00:00:00-05:00,944.6116351063846,955.3299762699054,936.9551146543281,939.2526092529297,2748450.6666666665,0.0,0.0
2023-03-10 00:00:00-05:00,937.8410956294929,940.6010317333394,916.7486919589913,926.3662528991699,2444041.6666666665,0.0,0.0
2023-03-13 00:00:00-04:00,915.6369723185857,938.578195957491,911.2458135237107,932.2499860127767,2655295.1666666665,0.0,0.0
2023-03-14 00:00:00-04:00,938.3876476386481,953.709019640111,923.4680049080489,950.7032674153646,2004481.1666666667,0.0,0.0
2023-03-15 00:00:00-04:00,946.270460222127,962.2531661818434,934.8668163980066,941.9627825419108,2619332.6666666665,0.0,0.0
2023-03-16 00:00:00-04:00,937.8820367499878,973.2215880957178,937.4459314196183,969.2839991251627,2208580.3333333335,0.0,0.0
2023-03-17 00:00:00-04:00,973.1235266117466,979.4651758656578,959.1566646508069,972.9370752970377,4059728.5,0.02666666666666667,0.0
2023-03-20 00:00:00-04:00,971.9779017837687,979.4926296351626,963.5452495744875,971.2367013295492,1710089.1666666667,0.0,0.0
2023-03-21 00:00:00-04:00,977.6263969689053,980.3436985068585,965.657437691788,969.7530447642008,2171994.5,0.0,0.0
2023-03-22 00:00:00-04:00,966.0763071003508,981.8334572510256,957.5141803997345,960.0413939158121,2461053.6666666665,0.0,0.0
2023-03-23 00:00:00-04:00,958.5800669175801,978.0791003169974,947.1363014800437,948.9132143656412,2744238.6666666665,0.0,0.0
2023-03-24 00:00:00-04:00,946.9197451126861,964.4774662408082,934.7573394096112,959.0328922271729,1994067.5,0.0,0.0
2023-03-27 00:00:00-04:00,961.4188862967303,962.2617282309043,939.919708219595,952.2107493082682,1721655.3333333333,0.0,0.0
2023-03-28 00:00:00-04:00,957.1371613392398,965.395165680494,953.7360468967821,958.7830537160238,1305682.1666666667,0.0,0.0
2023-03-29 00:00:00-04:00,965.3163290576457,965.4645477877215,953.2808399827912,962.3609504699707,1410121.3333333333,0.0,0.0
2023-03-30 00:00:00-04:00,961.8523705893994,970.4301768077175,958.0140784103568,959.203088760376,1400263.5,0.0,0.0
2023-03-31 00:00:00-04:00,960.6263751119081,988.8393631104423,959.325218937855,986.3880303700765,2098907.8333333335,0.0,0.0
2023-04-03 00:00:00-04:00,986.1145390277211,993.8921413054987,979.7112901865503,987.4544404347738,1578319.1666666667,0.0,0.0
2023-04-04 00:00:00-04:00,988.2565973673917,994.8025429916605,970.224690893199,978.4760386149088,1505049.5,0.0,0.0
2023-04-05 00:00:00-04:00,980.4594915454227,986.0919596678741,971.2405526543453,981.0841407775879,1554528.1666666667,0.034999999999999996,0.0
2023-04-06 00:00:00-04:00,980.1525439285388,980.2613977898224,962.9389599405089,967.5499954223633,1841895.3333333333,0.0,0.0
2023-04-10 00:00:00-04:00,964.4436013017868,978.7341909617686,964.1325611483912,969.8414999643961,1701815.8333333333,0.0,0.0
2023-04-11 00:00:00-04:00,977.1973172047682,992.8901554003713,977.0632109255502,987.814162572225,2107500.8333333335,0.0,0.0
2023-04-12 00:00:00-04:00,995.2794887434646,1001.352016114285,987.7336810611996,989.630697886149,1509987.1666666667,0.0,0.0
2023-04-13 00:00:00-04:00,996.2525750100313,999.0318836929755,984.8953396969893,987.4625975290934,1981896.5,0.0,0.0
2023-04-14 00:00:00-04:00,985.9301334944166,999.2674953837262,985.7815673850233,996.7786286671957,1798496.6666666667,0.0,0.0
2023-04-17 00:00:00-04:00,999.6058793957485,1015.8261122766243,999.4633642135523,1007.3906383514404,1559309.6666666667,0.0,0.0
2023-04-18 00:00:00-04:00,1012.6853770682843,1034.4148320050356,1008.2303559516749,1031.8599478403728,2147948.6666666665,0.0,0.0
2023-04-19 00:00:00-04:00,1029.6128067600007,1039.2126171018506,1024.9271965080725,1036.9912287394206,1591285.6666666667,0.0,0.0
2023-04-20 00:00:00-04:00,1039.0364756079134,1061.0527945220367,1030.246061710759,1043.8419195810955,3308858.1666666665,0.0,0.0
2023-04-21 00:00:00-04:00,1045.8742867813314,1050.22796321336,1032.2023748014362,1048.7462749481201,1806694.8333333333,0.0,0.0
2023-04-24 00:00:00-04:00,1048.7172832545014,1059.4035440802108,1045.6925705121546,1056.6451320648193,1837701.8333333333,0.0,0.0
2023-04-25 00:00:00-04:00,1058.8436117310287,1059.5366863360898,1016.1331184189934,1021.2102540334066,2407878.3333333335,0.06050333333333333,0.0
2023-04-26 00:00:00-04:00,1017.86630257237,1035.0986633554005,1002.9901254241589,1008.0887826283773,1849142.5,0.0,0.0
2023-04-27 00:00:00-04:00,1013.8789262987539,1031.036151431643,1010.2792626666263,1029.2624530792236,1655476.0,0.0,0.0
2023-04-28 00:00:00-04:00,1029.2753083806037,1038.1304394158553,1025.4916835090826,1036.9272785186768,1567891.8333333333,0.0,0.0
2023-05-01 00:00:00-04:00,1037.5963721592564,1047.1297585646964,1032.7410396373216,1041.4051520029705,1758570.3333333333,0.0,0.0
2023-05-02 00:00:00-04:00,1038.969235429634,1046.4845216731105,1026.35428593629,1044.1876958211262,1803097.6666666667,0.041666666666666664,0.0
2023-05-03 00:00:00-04:00,1046.5545480921026,1062.301210955214,1033.4996234171795,1046.228068669637,1904834.5,0.024999999999999998,0.0
2023-05-04 00:00:00-04:00,1038.014092290135,1039.415211088836,1028.208982853133,1029.6288458506267,1906442.1666666667,0.0,0.0
2023-05-05 00:00:00-04:00,1034.0627057674358,1043.477150645631,1014.6087752953725,1038.8365058898926,1375758.5,0.0,0.0
2023-05-08 00:00:00-04:00,1035.4495705253391,1040.1867248534222,1030.0570372412087,1039.6293347676594,1467039.6666666667,0.0,0.0
2023-05-09 00:00:00-04:00,1035.8113075119356,1053.8412967489426,1032.1970180552341,1043.4359862009685,1783758.6666666667,0.0,0.0
2023-05-10 00:00:00-04:00,1050.0748979479768,1053.712386032317,1027.2415970956977,1036.920488993327,1588632.5,0.0,0.0
2023-05-11 00:00:00-04:00,1034.1391719474495,1043.6322113700016,1030.6393488661558,1037.3729070027669,1437979.8333333333,0.0,0.0
2023-05-12 00:00:00-04:00,1039.4662905990579,1042.9708876993993,1025.8343712148442,1034.4877160390217,1507325.6666666667,0.0,0.0
2023-05-15 00:00:00-04:00,1033.0647591473805,1048.0083781885971,1024.936139768029,1047.5487333933513,1331819.5,0.0,0.0
2023-05-16 00:00:00-04:00,1039.8121874148053,1048.5493566373125,1029.2771321049006,1046.2767588297527,1744169.0,0.0,0.0
2023-05-17 00:00:00-04:00,1045.162740405389,1048.8436349188532,1030.6867425102128,1037.5445512135823,1490743.3333333333,0.0,0.0
2023-05-18 00:00:00-04:00,1032.0124372217035,1048.2630214154499,1031.548813265485,1046.5077145894368,1791324.1666666667,0.0,0.0
2023-05-19 00:00:00-04:00,1042.7901578065964,1047.7789924374222,1026.265983597045,1039.172253926595,1561571.6666666667,0.0,0.0
2023-05-22 00:00:00-04:00,1038.7956585730267,1048.478359080333,1013.9924588611593,1014.1357256571451,1977750.3333333333,0.0,0.0
2023-05-23 00:00:00-04:00,1006.4994544817087,1010.9218911889752,992.9366605835502,996.9229068756104,2529672.1666666665,0.0,0.0
2023-05-24 00:00:00-04:00,997.045852678909,1007.7508922950756,989.7222315751466,993.230141321818,1954561.0,0.0,0.0
2023-05-25 00:00:00-04:00,995.235807607646,1012.053811160231,994.5694760513815,1002.3765869140625,2114042.8333333335,0.0,0.0
2023-05-26 00:00:00-04:00,1006.2863524558602,1006.5599492538089,991.6765150926485,999.0955365498861,1712244.3333333333,0.0,0.0
2023-05-30 00:00:00-04:00,1001.6008047841843,1008.8612912477539,995.0617616703734,1000.1266441345215,1584800.5,0.0,0.0
2023-05-31 00:00:00-04:00,996.940140796503,1003.8451847293119,983.1433812068677,988.361488978068,3343821.8333333335,0.0,0.0
2023-06-01 00:00:00-04:00,987.6660188958681,995.0408440545302,982.6353357046879,991.9589716593424,1431414.1666666667,0.0,0.0
2023-06-02 00:00:00-04:00,998.5635415131619,1021.264835887804,993.7945106416981,1017.5961570739746,2005241.8333333333,0.0,0.0
2023-06-05 00:00:00-04:00,1033.1937184426092,1033.6707621726362,1004.8494922872572,1009.2194182078043,1340320.0,0.0,0.0
2023-06-06 00:00:00-04:00,1013.7529994468695,1035.8626231485462,1011.883981472232,1034.001329421997,2094970.1666666667,0.0,0.0
2023-06-07 00:00:00-04:00,1034.0564443368642,1044.2351815489058,1027.0358330979163,1029.4529666900635,1939626.8333333333,0.0,0.0
2023-06-08 00:00:00-04:00,1026.4257691472578,1039.7323625038225,1026.0420844290004,1035.017168045044,1592508.5,0.0,0.0
2023-06-09 00:00:00-04:00,1036.9737427129805,1045.9503105519093,1028.641799457421,1037.4802055358887,1457794.1666666667,0.0,0.0
2023-06-12 00:00:00-04:00,1037.3236064761056,1053.3147753631636,1031.3993439464123,1046.9408836364746,2396754.6666666665,0.0,0.0
2023-06-13 00:00:00-04:00,1049.4319241964029,1063.2235293683746,1049.1633203488789,1057.3410549163818,1872273.1666666667,0.0,0.0
2023-06-14 00:00:00-04:00,1055.5972488865639,1066.2066231320803,1046.2410333801865,1049.1398226420085,2383100.0,0.0,0.0
2023-06-15 00:00:00-04:00,1051.86570303764,1063.3962203250353,1049.9895353290137,1060.287742614746,2530931.3333333335,0.0,0.0
2023-06-16 00:00:00-04:00,1069.8210598721369,1070.601542490507,1053.8326119030883,1067.9745623270671,3630384.1666666665,0.02666666666666667,0.0
2023-06-20 00:00:00-04:00,1065.574383180448,1084.451408736967,1063.283566399263,1067.7711143493652,1947046.1666666667,0.0,0.0
2023-06-21 00:00:00-04:00,1059.7083916172169,1076.5793950441282,1057.3797774735724,1075.4864126841228,2279148.8333333335,0.0,0.0
2023-06-22 00:00:00-04:00,1076.0135391697006,1081.9495502893521,1071.067506205199,1081.6509787241619,2359058.8333333335,0.0,0.0
2023-06-23 00:00:00-04:00,1078.6297580043895,1100.1258841977776,1078.4983169361321,1098.3577582041423,3069903.5,0.0,0.0
2023-06-26 00:00:00-04:00,1102.5024963122444,1114.7573124293388,1094.0289561038321,1096.0137182871501,1535362.8333333333,0.0,0.0
2023-06-27 00:00:00-04:00,1097.2487198223641,1133.3202772963123,1097.2035986404023,1128.4958260854085,2329281.8333333335,0.0,0.0
2023-06-28 00:00:00-04:00,1124.4526505802478,1138.5202193163807,1118.6140549108698,1125.1646277109783,2316233.8333333335,0.0,0.0
2023-06-29 00:00:00-04:00,1120.2344788594014,1128.1152931881375,1105.0613320331865,1121.5652612050374,1909603.6666666667,0.0,0.0
2023-06-30 00:00:00-04:00,1130.2752012232856,1133.5678431740728,1118.4007687186431,1131.4329725901287,1959790.1666666667,0.0,0.0
2023-07-03 00:00:00-04:00,1126.5473370662812,1131.252167016723,1116.084350693446,1120.4020284016926,933791.5,0.0,0.0
2023-07-05 00:00:00-04:00,1119.8693112077128,1123.8054159190708,1103.0185088047094,1110.4473921457927,1652499.6666666667,0.0,0.0
2023-07-06 00:00:00-04:00,1098.4838648493844,1103.274159888285,1070.6871156709092,1083.3599376678467,2744664.1666666665,0.09550333333333333,0.0
2023-07-07 00:00:00-04:00,1078.256399611298,1095.4916630759906,1078.0733124183553,1080.3802312215169,2045343.6666666667,0.0,0.0
2023-07-10 00:00:00-04:00,1083.2071436455392,1108.3437452449914,1083.1040898869335,1107.817590077718,1655530.1666666667,0.0,0.0
2023-07-11 00:00:00-04:00,1114.3920368715017,1118.2508049350429,1104.7082965725497,1106.9252541859944,1819652.8333333333,0.0,0.0
2023-07-12 00:00:00-04:00,1114.4948617042562,1140.4238431328254,1110.4874295461525,1133.0778261820476,1817339.0,0.0,0.0
2023-07-13 00:00:00-04:00,1136.5702009510185,1141.3225305482542,1128.5316374349898,1130.0130729675293,1988615.8333333333,0.0,0.0
2023-07-14 00:00:00-04:00,1136.3372507795088,1148.673986971564,1132.6736586466359,1143.780840555827,2074510.5,0.0,0.0
2023-07-17 00:00:00-04:00,1138.4730803987447,1151.6541910948777,1134.4362327450833,1144.7544269561768,1753638.0,0.0,0.0
2023-07-18 00:00:00-04:00,1143.9045867551577,1156.097345026032,1141.7343660900146,1154.4201978047688,1579899.1666666667,0.0,0.0
2023-07-19 00:00:00-04:00,1151.591912347346,1155.1530960721589,1143.3062907542226,1150.9157155354817,1836099.0,0.0,0.0
2023-07-20 00:00:00-04:00,1156.6433776252518,1156.9493501946718,1104.339004228534,1111.4280961354573,3125126.1666666665,0.0,0.0
2023-07-21 00:00:00-04:00,1120.747509706796,1126.6827353181113,1105.3180768385203,1115.1937039693196,1900923.6666666667,0.0,0.0
2023-07-24 00:00:00-04:00,1113.7390146156824,1125.042198421919,1110.7005998733455,1113.5013701121013,1694288.5,0.0,0.0
2023-07-25 00:00:00-04:00,1110.3702933253599,1140.9865787612134,1110.0658273000072,1136.7119757334392,2393601.1666666665,0.0,0.0
2023-07-26 00:00:00-04:00,1138.7610681716153,1151.1792779702437,1132.2219288647912,1139.9369977315266,2076912.3333333333,0.0,0.0
2023-07-27 00:00:00-04:00,1137.0100423784793,1141.9013376337834,1119.1504640734133,1125.541955312093,1803468.1666666667,0.0,0.0
2023-07-28 00:00:00-04:00,1138.7339066225982,1139.064330517451,1125.545281608817,1133.4138717651367,1517646.0,0.0,0.0
2023-07-31 00:00:00-04:00,1138.1430961764293,1138.3139557707443,1118.667952207168,1126.928424835205,1417893.8333333333,0.0,0.0
2023-08-01 00:00:00-04:00,1127.239166774966,1134.870589102956,1122.5839987524653,1130.2089773813884,1113458.3333333333,0.0,0.0
2023-08-02 00:00:00-04:00,1123.5333649348186,1130.4054241349806,1107.7726897937207,1125.9093602498372,1365036.5,0.03333333333333333,0.0
2023-08-03 00:00:00-04:00,1122.1661574449633,1123.2605527193152,1102.71217948948,1114.9171759287517,1887032.5,0.0,0.0
2023-08-04 00:00:00-04:00,1119.8532433371001,1132.3274583567782,1114.756479529534,1128.9078400929768,1596057.1666666667,0.041666666666666664,0.0
2023-08-07 00:00:00-04:00,1128.7176806727705,1141.7585765960414,1126.0281145091478,1141.021058400472,1213811.5,0.0,0.0
2023-08-08 00:00:00-04:00,1132.4138831849912,1138.3524623985256,1121.3623648211048,1134.6407019297283,1093162.3333333333,0.0,0.0
2023-08-09 00:00:00-04:00,1131.3768523053056,1135.0375663499292,1117.5637019348958,1119.3302040100098,1075159.6666666667,0.0,0.0
2023-08-10 00:00:00-04:00,1122.920248387855,1130.1346248861557,1087.1180784238247,1094.1290639241536,1446199.8333333333,0.0,0.0
2023-08-11 00:00:00-04:00,1087.235763071317,1108.6533900364736,1086.9541232210167,1100.1834386189778,1145745.6666666667,0.0,0.0
2023-08-14 00:00:00-04:00,1095.7787218951423,1102.2195421834997,1086.852801252038,1101.198237101237,1317499.1666666667,0.0,0.0
2023-08-15 00:00:00-04:00,1109.080375831216,1124.5128697371977,1093.7395134415676,1107.7277749379475,1899526.5,0.0,0.0
2023-08-16 00:00:00-04:00,1109.1894821158417,1116.825182661941,1097.2040493974794,1098.5052165985107,1672475.0,0.0,0.0
2023-08-17 00:00:00-04:00,1096.5597897289692,1105.8576006532596,1070.09812843324,1073.9339389801025,2764505.8333333335,0.0,0.0
2023-08-18 00:00:00-04:00,1069.6893906498176,1085.3652592527624,1069.465813752404,1083.7209873199463,2034293.1666666667,0.0,0.0
2023-08-21 00:00:00-04:00,1086.0660858933895,1088.2724739983394,1060.5976662402068,1071.173505783081,1807046.5,0.0,0.0
2023-08-22 00:00:00-04:00,1072.8120167728773,1094.1774449625898,1072.5537770423634,1087.0466245015461,1742133.5,0.0,0.0
2023-08-23 00:00:00-04:00,1094.24676599975,1108.4327932776657,1091.831648485446,1093.5072479248047,2301430.5,0.0,0.0
2023-08-24 00:00:00-04:00,1095.8006839006846,1101.025972861092,1081.216308009862,1081.997995376587,1574269.3333333333,0.0,0.0
2023-08-25 00:00:00-04:00,1086.8631013251045,1091.2051660968707,1065.890333797942,1082.869592666626,2180199.0,0.0,0.0
2023-08-28 00:00:00-04:00,1085.7180627908815,1094.3893211268767,1077.5610969649922,1092.8124930063884,1424569.5,0.0,0.0
2023-08-29 00:00:00-04:00,1087.8358103607725,1122.1087330706036,1084.3270609083008,1120.0817890167236,1834038.8333333333,0.0,0.0
2023-08-30 00:00:00-04:00,1119.8969341678142,1137.7234030618677,1119.536353819943,1134.118808110555,2210346.8333333335,0.0,0.0
2023-08-31 00:00:00-04:00,1133.4807699848946,1142.361414819727,1128.0263249916695,1135.6854508717854,1725076.8333333333,0.0,0.0
2023-09-01 00:00:00-04:00,1143.4071411038205,1161.7774140649901,1138.51631142143,1158.6835289001465,1441237.0,0.0,0.0
2023-09-05 00:00:00-04:00,1155.1815320114827,1158.5334067134575,1099.6591024103775,1100.2255007425945,2075689.0,0.0,0.0
2023-09-06 00:00:00-04:00,1103.6407870067926,1129.698311761262,1103.3805940057737,1124.2462056477864,1559199.5,0.0,0.0
2023-09-07 00:00:00-04:00,1121.7914850032178,1141.5797051029647,1117.6677729146766,1139.783426920573,1688891.1666666667,0.0,0.0
2023-09-08 00:00:00-04:00,1136.9825676841658,1151.277347952231,1119.0439378345911,1123.1976070404053,1155558.0,0.0,0.0
2023-09-11 00:00:00-04:00,1130.5612426679534,1147.1595735067579,1125.4116171866951,1131.5755736033123,1290363.5,0.0,0.0
2023-09-12 00:00:00-04:00,1130.453835273258,1143.866678990574,1097.6322062541383,1098.7284158070881,1641009.5,0.0,0.0
2023-09-13 00:00:00-04:00,1100.7760384404505,1107.8624787590907,1074.394413414124,1086.3687966664631,1749131.6666666667,0.0,0.0
2023-09-14 00:00:00-04:00,1096.6093722999583,1108.0853324136992,1085.0553818704295,1104.5924186706543,1840866.5,0.0,0.0
2023-09-15 00:00:00-04:00,1102.393885965558,1103.2485397526177,1066.463260532115,1081.7411556243896,4400296.0,0.02666666666666667,0.0
2023-09-18 00:00:00-04:00,1085.2890917987622,1101.2391078138041,1083.561523533711,1090.7628358205159,1735253.3333333333,0.0,0.0
2023-09-19 00:00:00-04:00,1091.7626049711905,1101.9907103604382,1083.1418937606363,1100.3076299031575,1561619.3333333333,0.0,0.0
2023-09-20 00:00:00-04:00,1107.1070012240484,1119.3060087044084,1090.4601034762977,1091.2749087015789,1978112.3333333333,0.0,0.0
2023-09-21 00:00:00-04:00,1077.7015794703848,1078.0341169616413,1040.7354227604262,1048.2272268931072,2834989.0,0.0,0.0
2023-09-22 00:00:00-04:00,1055.4152052210693,1066.2969278979542,1050.962949345986,1060.7891000111897,1586142.6666666667,0.0,0.0
2023-09-25 00:00:00-04:00,1057.9420525941816,1074.8101185700104,1056.278875608152,1060.9598019917805,1462100.8333333333,0.0,0.0
2023-09-26 00:00:00-04:00,1056.4231148096362,1067.1604372913323,1046.081773073082,1047.7774035135906,1510656.1666666667,0.0,0.0
2023-09-27 00:00:00-04:00,1056.667990640687,1068.9037077351045,1052.8250457962656,1056.2148520151775,1477329.0,0.0,0.0
2023-09-28 00:00:00-04:00,1057.7795149247113,1078.4611666295923,1055.9545042310808,1077.6628437042236,1559916.3333333333,0.0,0.0
2023-09-29 00:00:00-04:00,1087.9978018393515,1091.3869007547448,1056.1657992132602,1060.425563176473,1388685.3333333333,0.0,0.0
2023-10-02 00:00:00-04:00,1051.86503690897,1076.7061777250667,1050.6203737626527,1059.2963174184163,1771894.1666666667,0.0,0.0
2023-10-03 00:00:00-04:00,1055.0387106432042,1059.8198511915361,1036.850032551922,1039.7898330688477,2328553.6666666665,0.0,0.0
2023-10-04 00:00:00-04:00,1041.6469304832326,1059.1654035657743,1035.563383379267,1054.5462538401287,1947338.6666666667,0.0,0.0
2023-10-05 00:00:00-04:00,1054.3603106086962,1066.5104350490528,1051.2629223795163,1056.1374696095784,1764704.5,0.034999999999999996,0.0
2023-10-06 00:00:00-04:00,1051.8813958804792,1082.5511185264256,1041.6067143542712,1072.678020477295,1598014.5,0.0,0.0
2023-10-09 00:00:00-04:00,1068.9243260107676,1096.5114446111645,1063.4635594603885,1093.0301787058513,1172489.5,0.0,0.0
2023-10-10 00:00:00-04:00,1093.3882044786076,1112.80014627291,1084.1504810222661,1085.3251768747966,1859068.0,0.0,0.0
2023-10-11 00:00:00-04:00,1093.4736484008738,1114.8741740130301,1090.378578889273,1097.3222694396973,1522824.8333333333,0.06050333333333333,0.0
2023-10-12 00:00:00-04:00,1089.5509692601834,1093.8757749897707,1040.4902227038128,1046.596274693807,1958060.3333333333,0.0,0.0
2023-10-13 00:00:00-04:00,1051.5247763170457,1065.1004854438647,1044.2118591762217,1053.2995738983154,1501776.5,0.0,0.0
2023-10-16 00:00:00-04:00,1062.0718228225885,1066.2055705577477,1047.274198908667,1050.8313077290852,1333891.0,0.0,0.0
2023-10-17 00:00:00-04:00,1042.0039841935104,1055.9296115840682,1037.5566158033746,1038.5374037424724,1448694.0,0.0,0.0
2023-10-18 00:00:00-04:00,1031.1583925237676,1041.32648774702,1019.6252491334961,1021.3361066182455,1240025.1666666667,0.0,0.0
2023-10-19 00:00:00-04:00,1021.024770914204,1028.8632364802772,987.1911334997427,989.7076435089111,1832467.6666666667,0.0,0.0
2023-10-20 00:00:00-04:00,1000.0627402049087,1003.0423304850301,970.4099779338653,976.6721789042155,1628837.3333333333,0.0,0.0
2023-10-23 00:00:00-04:00,980.8228462209817,1000.1845501029007,973.6958282228603,980.4994246164957,1666512.8333333333,0.0,0.0
2023-10-24 00:00:00-04:00,980.1488055696609,986.9663651378024,952.1256919390277,960.5666618347168,1844134.0,0.0,0.0
2023-10-25 00:00:00-04:00,954.9783720581332,972.6919163474695,930.2159256700455,958.240640004476,1459562.6666666667,0.0,0.0
2023-10-26 00:00:00-04:00,959.2309421160365,976.3802289979843,958.7077548394308,967.3121693929037,1628604.6666666667,0.0,0.0
2023-10-27 00:00:00-04:00,966.5078007184461,969.0083130447092,951.1548408384324,959.7177448272705,1280455.1666666667,0.0,0.0
2023-10-30 00:00:00-04:00,967.7073471205559,968.1944242290679,949.9374162250142,963.3375689188639,1470925.0,0.0,0.0
2023-10-31 00:00:00-04:00,965.9303276492511,978.758527797584,964.9475875978743,966.4336007436117,1388591.0,0.0,0.0
2023-11-01 00:00:00-04:00,971.6883762348093,997.2121763910081,967.0099051476042,994.1331475575765,2280727.6666666665,0.0,0.0
2023-11-02 00:00:00-04:00,1016.5003302019112,1024.951276056245,1002.4484699845776,1020.153200785319,2546168.3333333335,0.0,0.0
2023-11-03 00:00:00-04:00,1043.954315492437,1067.859196973705,1040.826820606712,1054.952428817749,2332685.0,0.0,0.0
2023-11-06 00:00:00-05:00,1049.0932092514684,1061.996130342848,1048.2187232518618,1059.0249608357747,1749298.5,0.0,0.0
2023-11-07 00:00:00-05:00,1062.0399828089478,1081.2071202345517,1058.881770952802,1073.7242342631023,1759830.8333333333,0.0,0.0
2023-11-08 00:00:00-05:00,1069.755445258051,1073.3750407335835,1054.8283288219561,1056.947136561076,1315115.6666666667,0.03333333333333333,0.0
2023-11-09 00:00:00-05:00,1061.2333330848421,1064.9278973230446,1041.828066025087,1045.2238839467366,1286813.0,0.0,0.0
2023-11-10 00:00:00-05:00,1053.910249939053,1082.6803204934652,1048.4501870491517,1079.7637475331624,1321588.8333333333,0.0,0.0
2023-11-13 00:00:00-05:00,1069.2113640112536,1083.5779371743954,1064.4856224691514,1078.6762371063232,1249478.1666666667,0.0,0.0
2023-11-14 00:00:00-05:00,1104.8493138182318,1138.6541921579026,1104.7229075898679,1126.62974802653,2582941.0,0.0,0.0
2023-11-15 00:00:00-05:00,1123.6821033008066,1137.2346792571857,1121.8806783527662,1126.120677312215,1481020.6666666667,0.0,0.0
2023-11-16 00:00:00-05:00,1126.5385167602296,1136.4854088724371,1116.5917697139603,1125.871452967326,1354327.1666666667,0.0,0.0
2023-11-17 00:00:00-05:00,1133.333011465961,1133.881193533134,1119.686047919397,1127.5518112182617,1284488.8333333333,0.0,0.0
2023-11-20 00:00:00-05:00,1124.259745545494,1134.1393747574145,1110.761032242387,1129.267557144165,1084615.6666666667,0.049999999999999996,0.0
2023-11-21 00:00:00-05:00,1126.0249463103867,1135.649359004258,1116.9809564914433,1117.8814684549968,1106410.0,0.0,0.0
2023-11-22 00:00:00-05:00,1124.0240925413489,1136.8427993382356,1109.4726881076156,1114.6291103363037,818049.0,0.0,0.0
2023-11-24 00:00:00-05:00,1109.9099593356273,1116.6241548679006,1100.9738019837293,1110.1655375162761,393098.0,0.0,0.0
2023-11-27 00:00:00-05:00,1110.3154335126678,1110.8170122404729,1098.057204062796,1101.7178961435955,1020283.0,0.0,0.0
2023-11-28 00:00:00-05:00,1101.7069371867553,1102.634026567112,1091.3002640811212,1098.1962623596191,1038118.3333333334,0.0,0.0
2023-11-29 00:00:00-05:00,1104.9892539536577,1105.8126654951618,1092.1405417163926,1095.3171577453613,1395452.0,0.0,0.0
2023-11-30 00:00:00-05:00,1095.0430798906775,1104.38987048982,1085.0650420871818,1103.5868555704753,1793057.6666666667,0.0,0.0
2023-12-01 00:00:00-05:00,1103.6969126219008,1135.5158518683904,1095.183953347099,1133.1911608378093,1722832.3333333333,0.0,0.0
2023-12-04 00:00:00-05:00,1127.092559635791,1149.4281212384344,1126.727970658041,1144.4436105092366,1441111.1666666667,0.0,0.0
2023-12-05 00:00:00-05:00,1141.6734047923576,1146.2777664122323,1134.9649901326313,1139.6569601694744,1275621.6666666667,0.0,0.0
2023-12-06 00:00:00-05:00,1154.6017117302465,1166.9224070192388,1136.4423866295758,1142.2986176808674,2019148.1666666667,0.0,0.0
2023-12-07 00:00:00-05:00,1144.9143094612418,1157.426751447182,1136.7890504402026,1157.2862542470295,1891346.5,0.0,0.0
2023-12-08 00:00:00-05:00,1157.747587046915,1174.4500948669317,1155.1479836859357,1173.7464135487874,1661990.6666666667,0.0,0.0
2023-12-11 00:00:00-05:00,1166.2252154779278,1178.504017849222,1159.011038406296,1172.5728130340576,1725686.1666666667,0.0,0.0
2023-12-12 00:00:00-05:00,1174.908128563634,1180.050881570006,1167.5042989616047,1174.206054051717,1310477.3333333333,0.0,0.0
2023-12-13 00:00:00-05:00,1179.9859247972574,1212.6889720192148,1170.8551735466367,1201.432845433553,2506898.3333333335,0.0,0.0
2023-12-14 00:00:00-05:00,1219.982206489021,1258.5056618693595,1217.8310983859005,1249.3429768880208,3428392.8333333335,0.0,0.0
2023-12-15 00:00:00-05:00,1240.90609793436,1260.3396679090804,1232.204623716759,1237.8605066935222,5024707.333333333,0.0,0.0
2023-12-18 00:00:00-05:00,1234.531262179781,1234.6330079565575,1217.0196048002283,1230.2415313720703,1972796.6666666667,0.03333333333333333,0.0
2023-12-19 00:00:00-05:00,1237.9614195893819,1255.3123283525986,1234.5061335972525,1247.5942878723145,1657484.8333333333,0.0,0.0
2023-12-20 00:00:00-05:00,1244.6273286386936,1259.1798207105587,1231.6868365871178,1231.7759793599446,1303251.6666666667,0.0,0.0
2023-12-21 00:00:00-05:00,1244.6670661489309,1249.6300538679584,1231.1736464762228,1247.942117055257,1229830.0,0.0,0.0
2023-12-22 00:00:00-05:00,1252.3009064073135,1258.3513579818061,1247.8470807888375,1254.5494893391926,932735.3333333334,0.0,0.0
2023-12-26 00:00:00-05:00,1257.7635167440474,1266.8871187926036,1254.6868882722636,1259.6877892812092,701660.3333333334,0.0,0.0
2023-12-27 00:00:00-05:00,1263.2173813566362,1271.8594131022644,1257.6645382951262,1263.0651213328044,840424.3333333334,0.0,0.0
2023-12-28 00:00:00-05:00,1259.9333557396142,1263.2856732565976,1250.3329899255307,1255.7205448150635,744437.1666666666,0.0,0.0
2023-12-29 00:00:00-05:00,1255.4292389743437,1263.5996987935139,1248.1230728490816,1258.577672958374,967739.0,0.0,0.0
2024-01-02 00:00:00-05:00,1240.841562333939,1254.4292416790665,1235.7801274775493,1252.0765488942463,1436907.8333333333,0.0,0.0
2024-01-03 00:00:00-05:00,1237.5772697796378,1256.7359638597607,1221.7005413369213,1247.3923714955647,1656732.1666666667,0.0,0.0
2024-01-04 00:00:00-05:00,1243.1703464082977,1262.0774231160178,1237.64514360695,1241.245875676473,1294089.3333333333,0.0,0.0
2024-01-05 00:00:00-05:00,1238.8699425258949,1259.1417110993623,1238.6028927832515,1246.1911144256592,1293457.3333333333,0.0,0.0
2024-01-08 00:00:00-05:00,1253.2350007194823,1271.7177876290123,1250.866258551177,1269.777567545573,1314646.1666666667,0.0,0.0
2024-01-09 00:00:00-05:00,1265.5264617098849,1271.336920013022,1257.496347951596,1263.955716451009,1142219.8333333333,0.0,0.0
2024-01-10 00:00:00-05:00,1271.2799963945474,1293.189301907103,1255.1030178586166,1284.640120824178,1847647.6666666667,0.0,0.0
2024-01-11 00:00:00-05:00,1283.9175013142751,1304.194940687931,1280.291550269323,1300.9195251464844,1855246.0,0.034999999999999996,0.0
2024-01-12 00:00:00-05:00,1301.203058881175,1305.4179945880883,1290.0764341441657,1293.8338368733723,1340742.6666666667,0.0,0.0
2024-01-16 00:00:00-05:00,1287.5991219654186,1300.7473560657056,1278.6864291081206,1285.0467936197917,1429017.8333333333,0.0,0.0
2024-01-17 00:00:00-05:00,1277.073981762482,1290.391751038226,1270.1216566647258,1275.1086184183757,1311005.8333333333,0.0,0.0
2024-01-18 00:00:00-05:00,1289.042218803755,1294.5263435555294,1268.865529144682,1289.031941095988,1369832.8333333333,0.0,0.0
2024-01-19 00:00:00-05:00,1290.6081575497367,1301.4741260438432,1280.3946776012544,1294.1818943023682,1441599.3333333333,0.0,0.0
2024-01-22 00:00:00-05:00,1303.1348052508135,1332.2758167656866,1302.472980730569,1330.88525390625,1784172.0,0.0,0.0
2024-01-23 00:00:00-05:00,1319.33511643684,1326.2053174083846,1242.7211779337952,1245.3836854298909,3705995.8333333335,0.08067116666666667,0.0
2024-01-24 00:00:00-05:00,1256.406809793309,1263.3439388280497,1223.7047568666453,1230.2446613311768,2090980.0,0.0,0.0
2024-01-25 00:00:00-05:00,1226.7202654791192,1262.458299951554,1220.9418624694238,1259.2379372914631,1993077.8333333333,0.0,0.0
2024-01-26 00:00:00-05:00,1255.0617921266019,1271.450694912605,1251.8852612743751,1261.7336673736572,1534684.1666666667,0.0,0.0
2024-01-29 00:00:00-05:00,1259.8360501755758,1280.188577048774,1255.1956363825605,1274.164010365804,1935099.0,0.0,0.0
2024-01-30 00:00:00-05:00,1278.686599073927,1295.4871978320123,1272.3856407697072,1277.2353280385335,1877290.8333333333,0.0,0.0
2024-01-31 00:00:00-05:00,1276.0828428038087,1293.5233553193432,1259.1182922069063,1269.003090540568,1726309.6666666667,0.0,0.0
2024-02-01 00:00:00-05:00,1279.2645773412717,1295.6251197715499,1261.382694881687,1293.8614018758137,1575590.8333333333,0.0,0.0
2024-02-02 00:00:00-05:00,1285.4237266123034,1325.7478198879558,1277.5998011702688,1311.5030428568523,1481036.8333333333,0.0,0.0
2024-02-05 00:00:00-05:00,1298.788784230728,1305.7520383892504,1283.729021631246,1284.9286155700684,1310105.5,0.049999999999999996,0.0
2024-02-06 00:00:00-05:00,1297.2311366603378,1313.7874732910652,1290.0199236776975,1311.6901187896729,1488584.1666666667,0.0,0.0
2024-02-07 00:00:00-05:00,1323.3981743500535,1331.4036236183733,1311.9949622224256,1327.2522576649983,1132569.1666666667,0.03333333333333333,0.0
2024-02-08 00:00:00-05:00,1323.887244263206,1341.0538488612149,1322.938813377559,1338.5708535512288,1095709.5,0.0,0.0
2024-02-09 00:00:00-05:00,1335.5916855816674,1337.4736070781576,1317.1200508812547,1332.2664470672607,1150577.5,0.0,0.0
2024-02-12 00:00:00-05:00,1332.8548837199476,1363.8393871135872,1327.742618380961,1363.353946050008,1626666.1666666667,0.0,0.0
2024-02-13 00:00:00-05:00,1319.5886379605597,1330.813574542474,1302.6670990842842,1314.72819964091,1865351.0,0.0,0.0
2024-02-14 00:00:00-05:00,1326.0659475760872,1344.1512378386958,1311.331866244473,1341.9738667805989,1224447.1666666667,0.0,0.0
2024-02-15 00:00:00-05:00,1349.2153455902937,1350.0988411882438,1332.773209972809,1348.080114364624,1171732.6666666667,0.0,0.0
2024-02-16 00:00:00-05:00,1332.6036790792602,1341.231641393949,1321.5749686274498,1321.6583429972331,1317641.1666666667,0.0,0.0
2024-02-20 00:00:00-05:00,1316.514249614875,1333.0554936457831,1310.3885314048434,1327.5866635640461,1619079.0,0.0,0.0
2024-02-21 00:00:00-05:00,1340.877876741216,1345.5030743476848,1314.4581594174037,1324.8959897359211,1531176.8333333333,0.0,0.0
2024-02-22 00:00:00-05:00,1336.0952860901957,1350.684621744255,1332.8185963043509,1348.6105677286785,1173826.5,0.0,0.0
2024-02-23 00:00:00-05:00,1349.8442144290268,1364.0986330209435,1348.3780034577328,1358.1423536936443,957774.8333333334,0.0,0.0
2024-02-26 00:00:00-05:00,1362.8524973784017,1366.4049882391873,1355.3460622680684,1355.667994817098,992519.0,0.0,0.0
2024-02-27 00:00:00-05:00,1354.8351233914534,1367.661040549379,1344.3808752986274,1351.1006100972493,1062092.5,0.0,0.0
2024-02-28 00:00:00-05:00,1349.1949118826487,1362.3527781560115,1348.7554628407818,1358.2687149047852,1021910.8333333334,0.0,0.0
2024-02-29 00:00:00-05:00,1361.6610084982165,1380.0996965885236,1356.3478205193783,1367.4581464131672,2131223.3333333335,0.0,0.0
2024-03-01 00:00:00-05:00,1351.6915147131986,1384.2053278672668,1351.0292065320857,1379.8852844238281,1391821.1666666667,0.0,0.0
2024-03-04 00:00:00-05:00,1382.5247846257796,1396.617728035456,1373.5496621648717,1373.7448259989421,1487287.6666666667,0.0,0.0
2024-03-05 00:00:00-05:00,1373.5114627467292,1395.0090832290887,1361.1406029072828,1363.5329767862956,1504736.6666666667,0.0,0.0
2024-03-06 00:00:00-05:00,1378.456778550737,1391.4240402271018,1369.9027866683962,1383.6038449605305,1453093.6666666667,0.0,0.0
2024-03-07 00:00:00-05:00,1393.107983950007,1406.0032928710727,1379.5703585547888,1381.142478942871,1734225.1666666667,0.0,0.0
2024-03-08 00:00:00-05:00,1383.4894799439653,1395.5886333842725,1371.7013648489647,1376.1109402974446,1191622.6666666667,0.0,0.0
2024-03-11 00:00:00-04:00,1373.2323701740258,1376.1336213484446,1354.3636554327759,1370.3761164347331,1424165.0,0.0,0.0
2024-03-12 00:00:00-04:00,1367.9353858846196,1396.8516589309459,1356.360117212301,1388.038609822591,1336041.5,0.0,0.0
2024-03-13 00:00:00-04:00,1388.3829148908878,1405.9828465371784,1387.6278856200763,1392.5681241353352,1783119.6666666667,0.0,0.0
2024-03-14 00:00:00-04:00,1399.2829268817768,1408.08387995431,1347.9313988091233,1356.621337890625,2855286.8333333335,0.03333333333333333,0.0
2024-03-15 00:00:00-04:00,1345.7363943734933,1377.347422122697,1345.6195755535466,1359.1855354309082,4308260.333333333,0.0,0.0
2024-03-18 00:00:00-04:00,1371.0753764190595,1379.8095275554408,1351.2612458859837,1369.6167386372883,1449920.0,0.0,0.0
2024-03-19 00:00:00-04:00,1373.2496904313184,1403.28082648335,1371.8013056961117,1398.3264541625977,1341251.0,0.0,0.0
2024-03-20 00:00:00-04:00,1400.7974424475103,1432.4210081758074,1396.2424507894546,1428.2256698608398,1225288.5,0.0,0.0
2024-03-21 00:00:00-04:00,1440.381147522645,1457.6700890131476,1429.9619036730255,1436.8096834818523,1678108.3333333333,0.0,0.0
2024-03-22 00:00:00-04:00,1434.5299629495619,1443.1846806046397,1412.9207119952973,1432.0066426595051,1171299.0,0.0,0.0
2024-03-25 00:00:00-04:00,1430.881391249257,1439.7414977573524,1420.3864949243589,1420.6087239583333,1035332.3333333334,0.0,0.0
2024-03-26 00:00:00-04:00,1423.1481505735658,1437.1134185346864,1409.5364633287643,1413.4821395874023,977139.3333333334,0.0,0.0
2024-03-27 00:00:00-04:00,1421.8498420429944,1441.7993366621506,1411.7720831344338,1434.4921849568684,891647.5,0.0,0.0
2024-03-28 00:00:00-04:00,1439.5596652386796,1466.6190845260192,1439.437026156792,1456.2771822611492,1392997.6666666667,0.0,0.0
2024-04-01 00:00:00-04:00,1455.861373433576,1475.4595065408732,1433.779461432069,1442.1657066345215,1088837.6666666667,0.0,0.0
2024-04-02 00:00:00-04:00,1422.7558736418493,1423.7729707507867,1401.1735506992152,1409.7402572631836,1622193.1666666667,0.0,0.0
2024-04-03 00:00:00-04:00,1406.8968088298552,1431.2506882801865,1404.0519971512142,1421.5070877075195,1208627.1666666667,0.0,0.0
2024-04-04 00:00:00-04:00,1437.130342046052,1437.6321034581833,1397.2676101814752,1399.093906402588,1356201.1666666667,0.03833333333333334,0.0
2024-04-05 00:00:00-04:00,1400.8332489899296,1422.98447514341,1400.6916947848767,1420.4525146484375,1144007.0,0.0,0.0
2024-04-08 00:00:00-04:00,1423.9983145206954,1429.6859735414039,1407.9638552186536,1413.3815663655598,1139141.3333333333,0.0,0.0
2024-04-09 00:00:00-04:00,1424.7581855191636,1431.5682765403265,1402.5683428840632,1430.8742980957031,1076218.5,0.0,0.0
2024-04-10 00:00:00-04:00,1394.5222860169108,1400.1329467617197,1371.0634676657335,1372.813082377116,2067233.6666666667,0.0,0.0
2024-04-11 00:00:00-04:00,1384.893561075936,1405.2709923087257,1384.5410496051588,1390.84512201945,1318816.5,0.0,0.0
2024-04-12 00:00:00-04:00,1388.9649192926747,1401.6202845972023,1381.429588560568,1401.1335716247559,1413334.1666666667,0.0,0.0
2024-04-15 00:00:00-04:00,1409.732584247133,1423.9525713573382,1386.4984729236837,1389.797873179118,1558553.6666666667,0.0,0.0
2024-04-16 00:00:00-04:00,1383.268935812949,1393.7381368029644,1358.457799006315,1370.2384001413982,1763506.1666666667,0.0,0.0
2024-04-17 00:00:00-04:00,1382.7063155651706,1385.2033637123259,1365.1567670713644,1371.8198890686035,1350390.1666666667,0.0,0.0
2024-04-18 00:00:00-04:00,1387.1377178752155,1406.9287638652813,1376.7034606084887,1377.1683928171794,2111352.3333333335,0.0,0.0
2024-04-19 00:00:00-04:00,1387.8364897994509,1397.3212227933352,1369.6397476923687,1373.1865221659343,1862516.6666666667,0.0,0.0
2024-04-22 00:00:00-04:00,1378.130812635958,1398.3720991413727,1366.4427048206805,1394.7704308827717,1598875.1666666667,0.0,0.0
2024-04-23 00:00:00-04:00,1399.702385837586,1409.602397052486,1360.5202182644514,1403.2480799357097,1743279.0,0.08067116666666667,0.0
2024-04-24 00:00:00-04:00,1400.3159936532768,1421.7814854508472,1386.8452169298646,1396.200454711914,1281357.6666666667,0.0,0.0
2024-04-25 00:00:00-04:00,1382.0199495798206,1396.6269813264862,1358.3583766406025,1383.0126838684082,1377001.8333333333,0.0,0.0
2024-04-26 00:00:00-04:00,1384.5519632226399,1394.6777104328721,1364.8847173194113,1371.5256271362305,1112450.1666666667,0.0,0.0
2024-04-29 00:00:00-04:00,1377.2151880173158,1382.7204876722424,1346.982976768365,1354.412806193034,1049115.5,0.0,0.0
2024-04-30 00:00:00-04:00,1344.6935530940195,1354.7144028979017,1335.1026299811108,1335.2349713643391,1183321.6666666667,0.0,0.0
2024-05-01 00:00:00-04:00,1337.4139306572772,1369.3900326102141,1327.6428296260203,1338.7161909739177,1306864.0,0.049999999999999996,0.0
2024-05-02 00:00:00-04:00,1344.2775166544134,1352.5250293657214,1329.8268729913484,1343.9945755004883,1005356.5,0.0,0.0
2024-05-03 00:00:00-04:00,1366.4535613684247,1383.9002719702828,1348.7294294275246,1364.1487617492676,1631730.1666666667,0.0,0.0
2024-05-06 00:00:00-04:00,1378.1511857639155,1379.1769187110112,1366.906623197013,1372.4903551737468,1252647.0,0.0,0.0
2024-05-07 00:00:00-04:00,1372.1586438648521,1400.4334770090675,1361.7606788005448,1393.7418772379558,1338817.0,0.0,0.0
2024-05-08 00:00:00-04:00,1392.3216303149582,1401.0894288580655,1359.548640722064,1362.2256813049316,1444391.1666666667,0.041666666666666664,0.0
2024-05-09 00:00:00-04:00,1361.4878783402971,1386.0984250113218,1349.8147022830872,1379.62109375,1557032.6666666667,0.0,0.0
2024-05-10 00:00:00-04:00,1380.001986259538,1384.1528381779892,1366.851939070395,1377.6127382914226,1074455.8333333333,0.0,0.0
2024-05-13 00:00:00-04:00,1384.7608412412803,1393.9976913255057,1358.2131111918918,1360.2379709879558,1237910.3333333333,0.0,0.0
2024-05-14 00:00:00-04:00,1366.4961413462504,1376.5966255047088,1354.0710376125178,1359.7552439371746,1080140.0,0.0,0.0
2024-05-15 00:00:00-04:00,1383.514774411189,1418.3847162645186,1383.3187227426968,1410.0256601969402,2238525.3333333335,0.0,0.0
2024-05-16 00:00:00-04:00,1405.9827782936566,1406.319600676463,1375.9830808787553,1387.3241551717122,1756877.5,0.0,0.0
2024-05-17 00:00:00-04:00,1396.7583922831689,1397.1486347958007,1373.0028760870161,1381.9063415527344,1096381.5,0.0,0.0
2024-05-20 00:00:00-04:00,1384.7145897760145,1396.8417875564703,1380.514548760716,1382.8461659749348,1094905.8333333333,0.0,0.0
2024-05-21 00:00:00-04:00,1382.9029886291528,1383.055140634188,1371.7257591152847,1372.3703219095867,1260172.5,0.0,0.0
2024-05-22 00:00:00-04:00,1364.3057164355016,1373.6065293498261,1335.9944011259176,1340.765084584554,2537554.5,0.0,0.0
2024-05-23 00:00:00-04:00,1341.5633071825177,1348.6277323462598,1323.2923217761797,1329.0553932189941,1410528.5,0.0,0.0
2024-05-24 00:00:00-04:00,1339.2722484720953,1344.7903985879038,1322.5564610244412,1334.691401163737,948006.8333333334,0.0,0.0
2024-05-28 00:00:00-04:00,1337.859273501724,1346.9711123682482,1318.3782882402022,1323.3019205729167,1098053.5,0.0,0.0
2024-05-29 00:00:00-04:00,1313.5799953051874,1322.6739678349152,1299.9491519554115,1318.8577410380046,1224560.0,0.0,0.0
2024-05-30 00:00:00-04:00,1323.1072651697389,1345.0807765646553,1322.95617867431,1341.2153396606445,1084050.5,0.0,0.0
2024-05-31 00:00:00-04:00,1342.7242951165074,1385.8394680340373,1340.6899209126211,1380.2072982788086,2724701.1666666665,0.0,0.0
2024-06-03 00:00:00-04:00,1380.0434684178783,1393.1671454174582,1364.9887307986044,1370.7125053405762,1151677.8333333333,0.0,0.0
2024-06-04 00:00:00-04:00,1363.5879583596136,1374.2724747841887,1348.1903886465293,1354.461447397868,1373230.1666666667,0.0,0.0
2024-06-05 00:00:00-04:00,1356.1787053860392,1374.3799355576957,1339.987625879881,1373.0595359802246,1121292.6666666667,0.0,0.0
2024-06-06 00:00:00-04:00,1374.1859239137477,1377.2188219912766,1346.6005773374452,1362.7735786437988,1086232.0,0.0,0.0
2024-06-07 00:00:00-04:00,1344.8339988312835,1358.7733213978133,1340.9629049077346,1345.3678792317708,1505325.3333333333,0.0,0.0
2024-06-10 00:00:00-04:00,1339.6580498426686,1358.7685410316046,1332.976977976053,1354.533706665039,1228228.3333333333,0.0,0.0
2024-06-11 00:00:00-04:00,1352.3280744252731,1352.3986756877111,1334.2490163654368,1344.1106656392415,1252889.3333333333,0.0,0.0
2024-06-12 00:00:00-04:00,1376.3476682088797,1422.9298547793633,1360.8408636891684,1373.6338793436687,2001110.1666666667,0.0,0.0
2024-06-13 00:00:00-04:00,1362.6469009718678,1380.869256578624,1355.9870068580265,1374.221736907959,1141320.5,0.0,0.0
2024-06-14 00:00:00-04:00,1365.9532160448227,1366.9351458251233,1346.1989068608402,1364.2260551452637,1436485.1666666667,0.0,0.0
2024-06-17 00:00:00-04:00,1357.220144133809,1382.2880839264817,1355.3686895256676,1379.2077166239421,1869241.6666666667,0.0,0.0
2024-06-18 00:00:00-04:00,1368.6934454916081,1376.4954768057908,1345.2962829008636,1351.4326731363933,2648741.5,0.03333333333333333,0.0
2024-06-20 00:00:00-04:00,1346.2442613399342,1357.0528181185557,1331.0675324883425,1347.6062240600586,2164621.8333333335,0.0,0.0
2024-06-21 00:00:00-04:00,1356.9256240090915,1378.7022798788412,1343.3322361932444,1367.2231381734211,2839514.3333333335,0.0,0.0
2024-06-24 00:00:00-04:00,1371.0522913607665,1395.1981537508755,1367.139887133421,1387.0045649210613,1429677.8333333333,0.0,0.0
2024-06-25 00:00:00-04:00,1386.2706278367286,1386.3172044056944,1348.214915160563,1356.722146352132,1446985.6666666667,0.0,0.0
2024-06-26 00:00:00-04:00,1353.6809475654136,1373.3249846499684,1350.641612717567,1370.7146898905437,1238262.0,0.0,0.0
2024-06-27 00:00:00-04:00,1373.8447808298968,1381.2211799065399,1366.623778076171,1370.9429550170898,1125174.0,0.0,0.0
2024-06-28 00:00:00-04:00,1372.523694852405,1388.6634755956509,1352.5910814431822,1359.7911847432454,2268355.1666666665,0.0,0.0
2024-07-01 00:00:00-04:00,1368.2450213810764,1378.1708766596075,1338.0215016790107,1339.2493476867676,1555067.0,0.0,0.0
2024-07-02 00:00:00-04:00,1330.8106618060124,1343.2048482763678,1326.7411449097738,1334.3795649210613,1965766.8333333333,0.0,0.0
2024-07-03 00:00:00-04:00,1331.7520712736527,1347.1488232418635,1325.8260395091447,1334.0915807088215,883290.1666666666,0.0,0.0
2024-07-05 00:00:00-04:00,1330.610937911393,1337.4159644763333,1321.4272728277995,1327.3513793945312,1249514.8333333333,0.1190045,0.0
2024-07-08 00:00:00-04:00,1335.5761363867164,1343.4476836831154,1323.4662165120296,1333.4642651875813,1353266.1666666667,0.0,0.0
2024-07-09 00:00:00-04:00,1331.64902169869,1353.7478058837676,1328.121672525865,1338.0863310496013,1253560.6666666667,0.0,0.0
2024-07-10 00:00:00-04:00,1346.2174467057905,1365.8166913723671,1342.702173050345,1363.5753084818523,1544430.1666666667,0.0,0.0
2024-07-11 00:00:00-04:00,1393.3862690586323,1453.6136050420348,1392.9983764416259,1444.7500864664714,2736822.8333333335,0.0,0.0
2024-07-12 00:00:00-04:00,1444.315312948821,1477.4079401247038,1440.8885568845444,1445.840409596761,2596117.1666666665,0.0,0.0
2024-07-15 00:00:00-04:00,1449.145538523537,1470.3885650190814,1434.8617293044906,1446.704064687093,1595259.6666666667,0.0,0.0
2024-07-16 00:00:00-04:00,1460.2944610175298,1532.4783545448493,1460.0346488581233,1525.5726076761882,2193238.8333333335,0.0,0.0
2024-07-17 00:00:00-04:00,1517.2686254562566,1520.462286472439,1489.7817982603347,1491.6359380086262,1970968.1666666667,0.0,0.0
2024-07-18 00:00:00-04:00,1501.1562144204217,1558.4174347827732,1500.3476285726908,1511.5825831095378,3832082.8333333335,0.0,0.0
2024-07-19 00:00:00-04:00,1525.8903153087092,1529.8013873155453,1500.575790348702,1515.322177886963,1743159.8333333333,0.0,0.0
2024-07-22 00:00:00-04:00,1523.5641633634398,1552.4826534835427,1503.2520112654686,1552.1933911641438,1929147.0,0.0,0.0
2024-07-23 00:00:00-04:00,1529.2726876609488,1561.1369061720704,1502.8191236703058,1545.6166928609211,1811994.3333333333,0.0,0.0
2024-07-24 00:00:00-04:00,1540.4225617737995,1561.8948573319005,1503.6613261861055,1509.9048461914062,1939286.5,0.0,0.0
2024-07-25 00:00:00-04:00,1513.1805947916766,1555.143399406602,1500.6781476499248,1522.8633931477864,1643994.6666666667,0.0,0.0
2024-07-26 00:00:00-04:00,1539.3614031270733,1563.4316021725015,1526.3337379550003,1548.1807467142742,2060378.8333333333,0.0,0.0
2024-07-29 00:00:00-04:00,1551.55408614041,1555.3483716873507,1535.9032188121657,1549.8704096476238,1507908.6666666667,0.0,0.0
2024-07-30 00:00:00-04:00,1552.9711850488295,1568.189377587085,1543.4953630218763,1561.0219993591309,1335658.6666666667,0.0,0.0
2024-07-31 00:00:00-04:00,1567.9911963746902,1569.9208829898746,1543.8141440612856,1551.0957171122234,1841083.3333333333,0.0,0.0
2024-08-01 00:00:00-04:00,1553.0971220240979,1557.5939295336257,1518.7534655806155,1540.386329650879,1749294.3333333333,0.049999999999999996,0.0
2024-08-02 00:00:00-04:00,1524.516317065316,1538.9573601380525,1509.2209147224878,1537.389461517334,1797983.5,0.0,0.0
2024-08-05 00:00:00-04:00,1483.6455799608436,1513.7554538327222,1454.7004043824575,1488.7028884887695,1951435.6666666667,0.0,0.0
2024-08-06 00:00:00-04:00,1488.1772472186055,1528.578679629858,1467.39170537029,1495.1010309855144,1467018.3333333333,0.0,0.0
2024-08-07 00:00:00-04:00,1505.1519663411418,1523.2001713618465,1483.56103260455,1484.2523155212402,1891896.8333333333,0.0,0.0
2024-08-08 00:00:00-04:00,1497.81179288941,1517.3193793577439,1491.0001253594917,1513.1683235168457,1173970.6666666667,0.041666666666666664,0.0
2024-08-09 00:00:00-04:00,1518.227854541887,1530.0997917780048,1503.0626752248515,1527.1137924194336,1338210.3333333333,0.0,0.0
2024-08-12 00:00:00-04:00,1526.0120917703769,1555.342586594308,1520.8879792926525,1535.131643931071,1110178.8333333333,0.0,0.0
2024-08-13 00:00:00-04:00,1535.6154193835325,1553.0255826814007,1519.757653930522,1538.2206840515137,1111505.0,0.0,0.0
2024-08-14 00:00:00-04:00,1539.047955730338,1544.5200183891368,1522.5933078344817,1537.5925280253093,1164822.6666666667,0.0,0.0
2024-08-15 00:00:00-04:00,1543.7639190087768,1547.4617910949344,1528.3060641460727,1543.5319506327312,1081130.3333333333,0.0,0.0
2024-08-16 00:00:00-04:00,1548.2781075823352,1562.4159196320977,1540.310358829747,1555.4403864542644,1022319.0,0.0,0.0
2024-08-19 00:00:00-04:00,1564.8709989701565,1592.2659782064354,1560.2160731028362,1589.040355682373,1158558.0,0.0,0.0
2024-08-20 00:00:00-04:00,1592.8123293975668,1606.497238212183,1570.490880778147,1576.4675280253093,1164749.8333333333,0.0,0.0
2024-08-21 00:00:00-04:00,1584.3018444197753,1624.6434713790513,1583.9080452199412,1602.8771514892578,2215189.1666666665,0.0,0.0
2024-08-22 00:00:00-04:00,1610.1963128489072,1617.6906352519036,1597.7945421410247,1613.7120755513508,1274760.3333333333,0.0,0.0
2024-08-23 00:00:00-04:00,1629.9666620968173,1680.3811606853524,1610.5416101587487,1674.8373387654622,2073841.0,0.0,0.0
2024-08-26 00:00:00-04:00,1676.2917262333895,1682.3959586388312,1639.7133795841212,1645.1151949564617,1386450.0,0.0,0.0
2024-08-27 00:00:00-04:00,1636.0299879010283,1639.4324863965792,1626.1340010742676,1631.1165618896484,1195811.3333333333,0.0,0.0
2024-08-28 00:00:00-04:00,1627.2391943877071,1636.519892140371,1605.396120303107,1622.7548243204753,1066773.6666666667,0.0,0.0
2024-08-29 00:00:00-04:00,1629.862318578861,1635.4705680713887,1611.3421390983237,1625.3309160868328,765032.5,0.0,0.0
2024-08-30 00:00:00-04:00,1636.8306050897988,1655.106755164479,1617.1151714287168,1647.388816833496,1299387.3333333333,0.0,0.0
2024-09-03 00:00:00-04:00,1654.3523525219287,1659.3058293541835,1612.9961004485901,1624.6991539001465,1302556.5,0.0,0.0
2024-09-04 00:00:00-04:00,1629.435951589495,1643.817925857984,1618.2042854490467,1640.5286242167156,1151219.3333333333,0.0,0.0
2024-09-05 00:00:00-04:00,1645.1583269801322,1645.8846311276177,1619.1188972992877,1622.2263196309407,1186852.0,0.0,0.0
2024-09-06 00:00:00-04:00,1631.64912472974,1662.0707727033503,1622.9636651770925,1627.404145558675,1709019.8333333333,0.0,0.0
2024-09-09 00:00:00-04:00,1629.3650646907938,1668.9158908364327,1617.2617873996185,1641.723326365153,1318831.6666666667,0.0,0.0
2024-09-10 00:00:00-04:00,1651.2664868119982,1651.6879451870282,1629.7136353682417,1635.9543965657551,1145638.8333333333,0.0,0.0
2024-09-11 00:00:00-04:00,1637.0533308871297,1637.782674152784,1599.6469701259864,1630.6782353719075,1512965.6666666667,0.0,0.0
2024-09-12 00:00:00-04:00,1630.6677999989734,1662.511587711503,1624.6216651257555,1648.9177525838215,1109743.6666666667,0.0,0.0
2024-09-13 00:00:00-04:00,1662.6728135279138,1693.7886963817116,1660.077088852623,1684.4612503051758,1506364.8333333333,0.0,0.0
2024-09-16 00:00:00-04:00,1688.7728859811414,1705.6329531660365,1673.8077871791863,1694.1169980367024,1366042.0,0.0,0.0
2024-09-17 00:00:00-04:00,1702.5053387771377,1717.9211204410624,1685.8679621110653,1704.868315378825,1099538.0,0.03333333333333333,0.0
2024-09-18 00:00:00-04:00,1703.4846676411335,1727.7632649559027,1693.1329799679797,1700.5808092753093,1597068.0,0.0,0.0
2024-09-19 00:00:00-04:00,1726.5409009157408,1743.5235170134083,1714.2028712714246,1736.2682062784831,1610780.0,0.0,0.0
2024-09-20 00:00:00-04:00,1725.5947794853582,1726.6926857539568,1690.455482689082,1701.351656595866,4535518.166666667,0.0,0.0
2024-09-23 00:00:00-04:00,1708.8720040784212,1746.5859714596893,1703.3011726690772,1742.2332051595051,1366439.0,0.0,0.0
2024-09-24 00:00:00-04:00,1739.680555016602,1752.218922001464,1720.8950356419655,1731.0028495788574,1308723.6666666667,0.0,0.0
2024-09-25 00:00:00-04:00,1717.8642942087538,1725.8738088128014,1696.937803882605,1706.8548672993977,1722100.5,0.0,0.0
2024-09-26 00:00:00-04:00,1714.3047506917235,1735.6663842120388,1707.1766044638498,1714.5808041890461,1213364.1666666667,0.0,0.0
2024-09-27 00:00:00-04:00,1729.3413426109207,1761.7707698019688,1720.7720390363781,1746.2665697733562,1182255.0,0.0,0.0
2024-09-30 00:00:00-04:00,1744.547281758929,1764.8872810776495,1734.0554559841703,1759.1583493550618,1171942.3333333333,0.0,0.0
2024-10-01 00:00:00-04:00,1759.6624585799425,1777.2412513188438,1742.4706901810493,1773.171506245931,1181094.1666666667,0.0,0.0
2024-10-02 00:00:00-04:00,1763.1996607310791,1764.2815311312409,1743.1851244728039,1745.2977612813313,1127300.0,0.0,0.0
2024-10-03 00:00:00-04:00,1746.1365779453088,1750.3833821439669,1712.887592285485,1729.1292101542156,1008586.8333333334,0.0,0.0
2024-10-04 00:00:00-04:00,1726.8962284388424,1727.1396722253094,1685.8403653745972,1705.793217976888,1500407.1666666667,0.0,0.0
2024-10-07 00:00:00-04:00,1686.8180263991808,1697.3498481030647,1673.6875146363238,1690.0953152974446,1368743.6666666667,0.0,0.0
2024-10-08 00:00:00-04:00,1701.270661872778,1725.4751217671608,1689.619434733256,1713.3461405436199,938159.3333333334,0.0,0.0
2024-10-09 00:00:00-04:00,1714.0911061565341,1728.0956679327207,1705.5252930003624,1724.4783210754395,908202.5,0.08067116666666667,0.0
2024-10-10 00:00:00-04:00,1708.6723379588382,1720.9308175484214,1698.2388529963594,1699.53715133667,1020246.3333333334,0.0,0.0
2024-10-11 00:00:00-04:00,1704.1870902792996,1721.0299626070446,1701.5735242030412,1707.7916819254558,984880.8333333334,0.03833333333333334,0.0
2024-10-14 00:00:00-04:00,1706.980948376092,1767.8197555047702,1702.9009741841264,1743.493584950765,1113581.5,0.0,0.0
2024-10-15 00:00:00-04:00,1751.474488560855,1774.6981470097608,1750.163885699514,1751.1828155517578,1201870.5,0.0,0.0
2024-10-16 00:00:00-04:00,1763.550375944892,1781.5755291508713,1748.0422189059634,1771.153097788493,1014118.3333333334,0.0,0.0
2024-10-17 00:00:00-04:00,1769.9185641478145,1770.454539092598,1748.150371101335,1753.0679270426433,1142415.5,0.0,0.0
2024-10-18 00:00:00-04:00,1777.302256789144,1787.8136833604756,1756.462754818418,1780.5750948588054,1182555.3333333333,0.0,0.0
2024-10-21 00:00:00-04:00,1763.2665827191784,1770.8135167166429,1724.8475506652874,1730.6390202840169,1303854.0,0.0,0.0
2024-10-22 00:00:00-04:00,1718.5105680136596,1726.375643258516,1661.8724349078805,1689.2874704996746,2076528.3333333333,0.0,0.0
2024-10-23 00:00:00-04:00,1683.46209436401,1694.5317035243625,1672.8524643717203,1684.1085739135742,1668154.5,0.0,0.0
2024-10-24 00:00:00-04:00,1692.4288492363366,1713.8356366875335,1684.1618401672051,1693.8554140726726,1307401.1666666667,0.0,0.0
2024-10-25 00:00:00-04:00,1696.596964116977,1700.1939658262756,1665.4297872360376,1670.8336639404297,1198443.6666666667,0.0,0.0
2024-10-28 00:00:00-04:00,1683.8159951391442,1696.1991317723496,1655.1459075782261,1668.317066192627,1116821.8333333333,0.0,0.0
2024-10-29 00:00:00-04:00,1598.0210680623275,1640.286764695906,1576.8253237682209,1636.1792691548665,3747551.1666666665,0.0,0.0
2024-10-30 00:00:00-04:00,1638.7309895097553,1652.8941253504806,1621.60389449572,1627.364351908366,1605318.1666666667,0.0,0.0
2024-10-31 00:00:00-04:00,1621.055346545073,1652.22293271715,1613.752141107919,1638.3592287699382,1445316.5,0.0,0.0
2024-11-01 00:00:00-04:00,1650.0380038368946,1682.5985612730803,1632.4081629167201,1635.5309143066406,1628837.8333333333,0.0,0.0
2024-11-04 00:00:00-05:00,1640.7499186146215,1689.2201651123403,1640.5391771244629,1657.0136693318684,1451559.3333333333,0.0,0.0
2024-11-05 00:00:00-05:00,1646.2392416325,1705.1465213884305,1645.603372976988,1693.0272903442383,1290838.3333333333,0.0,0.0
2024-11-06 00:00:00-05:00,1665.8214850053184,1671.1369058021592,1615.6252999425903,1646.9980125427246,3177700.0,0.0,0.0
2024-11-07 00:00:00-05:00,1653.6775144754595,1673.7120682997095,1625.3360273843966,1651.5909881591797,1256881.3333333333,0.0,0.0
2024-11-08 00:00:00-05:00,1653.1175833932566,1674.8900368245015,1645.6368968063316,1667.3377749125164,1268312.8333333333,0.0,0.0
2024-11-11 00:00:00-05:00,1662.6633859147648,1678.840380731396,1646.8059944247077,1657.6473401387532,957289.5,0.0,0.0
2024-11-12 00:00:00-05:00,1649.1438252447472,1649.7406737293302,1618.7471800465744,1631.061471303304,1570934.1666666667,0.06666666666666667,0.0
2024-11-13 00:00:00-05:00,1648.1762563419709,1655.3855087301483,1628.3365006460447,1629.1574567159016,1372705.5,0.0,0.0
2024-11-14 00:00:00-05:00,1638.745839708893,1657.5685384341214,1634.3534410956588,1643.1779136657715,1359941.8333333333,0.041666666666666664,0.0
2024-11-15 00:00:00-05:00,1644.9182550818552,1645.6992412953707,1608.122462987027,1616.8156471252441,1214389.5,0.0,0.0
2024-11-18 00:00:00-05:00,1609.8567255677688,1617.9787653254768,1579.4268001662524,1589.6144104003906,1080823.1666666667,0.0,0.0
2024-11-19 00:00:00-05:00,1581.9451151064038,1608.5323455211126,1565.9982766423848,1604.7694829305012,1236380.3333333333,0.0,0.0
2024-11-20 00:00:00-05:00,1605.4772992927437,1616.3628708031613,1594.1761960161994,1612.2786509195964,913942.8333333334,0.0,0.0
2024-11-21 00:00:00-05:00,1620.3229779445367,1643.0204537250813,1598.2587419904823,1603.189562479655,1263640.3333333333,0.0,0.0
2024-11-22 00:00:00-05:00,1608.3213779684395,1623.092537644673,1587.3497812683065,1615.1520525614421,1316316.6666666667,0.0,0.0
2024-11-25 00:00:00-05:00,1630.6162149950433,1685.0307510321672,1625.9138873442269,1669.738129933675,2464913.1666666665,0.0,0.0
2024-11-26 00:00:00-05:00,1653.0139454390371,1663.5450648046217,1641.9699619699393,1655.047082265218,1267168.5,0.0,0.0
2024-11-27 00:00:00-05:00,1668.9084916430575,1670.3444209603242,1646.8508321680054,1650.8260955810547,980532.1666666666,0.0,0.0
2024-11-29 00:00:00-05:00,1659.5332650511828,1667.4177098215407,1651.0205632515408,1657.6002197265625,638073.5,0.0,0.0
2024-12-02 00:00:00-05:00,1656.2761576717437,1659.805196293127,1633.1884773707868,1647.7992820739746,1043327.1666666666,0.0,0.0
2024-12-03 00:00:00-05:00,1654.0735939006584,1661.5836082149906,1635.4861051842397,1648.048683166504,941758.8333333334,0.0,0.0
2024-12-04 00:00:00-05:00,1632.5480457440426,1649.4775366674637,1618.7583350006219,1621.3304506937664,1535191.3333333333,0.0,0.0
2024-12-05 00:00:00-05:00,1622.7344657086553,1637.534737491617,1602.980394738546,1604.1053708394368,1347982.6666666667,0.0,0.0
2024-12-06 00:00:00-05:00,1620.3108865857573,1630.8676141350168,1593.541785364587,1602.069616953532,1527663.0,0.0,0.0
2024-12-09 00:00:00-05:00,1606.8291683622874,1634.06059955868,1605.292870398043,1632.6396039326985,1734125.3333333333,0.0,0.0
2024-12-10 00:00:00-05:00,1616.3903909468181,1621.8967795176675,1581.2407724508903,1584.892069498698,1979078.8333333333,0.0,0.0
2024-12-11 00:00:00-05:00,1603.2984757328438,1607.664823910928,1573.1950848826302,1580.7434717814128,2127051.8333333335,0.0,0.0
2024-12-12 00:00:00-05:00,1576.631736359177,1591.7820668137686,1565.5078593694197,1570.2476437886555,1831402.0,0.0,0.0
2024-12-13 00:00:00-05:00,1561.1110775438685,1566.8083038636948,1526.2809154617541,1533.5492401123047,2309248.8333333335,0.0,0.0
2024-12-16 00:00:00-05:00,1536.146791374499,1558.0253314083436,1519.7448816067797,1520.117748260498,2055562.3333333333,0.0,0.0
2024-12-17 00:00:00-05:00,1517.8650399816397,1535.5185052669142,1509.5522710435373,1511.9862518310547,1816560.5,0.03666666666666667,0.0
2024-12-18 00:00:00-05:00,1512.1236135022236,1535.591576340743,1460.9530711864709,1465.9740231831868,2688569.0,0.0,0.0
2024-12-19 00:00:00-05:00,1438.4990599232663,1456.3404536032565,1422.739946403781,1443.7671750386555,3275228.0,0.0,0.0
2024-12-20 00:00:00-05:00,1447.171083268259,1482.5163416596754,1443.7533755774136,1473.9174499511719,4799376.166666667,0.0,0.0
2024-12-23 00:00:00-05:00,1469.0952117488202,1473.0646859116862,1450.2894423154296,1465.1412111918132,1678449.5,0.0,0.0
2024-12-24 00:00:00-05:00,1463.0009234704805,1475.0855000972704,1456.6325050413152,1471.7649841308594,866907.8333333334,0.0,0.0
2024-12-26 00:00:00-05:00,1459.289849607949,1479.0614477287093,1449.2278659240562,1469.3933550516765,1166224.1666666667,0.0,0.0
2024-12-27 00:00:00-05:00,1464.327070835936,1485.6141526682661,1451.779099819192,1462.4603513081868,1018453.6666666666,0.0,0.0
2024-12-30 00:00:00-05:00,1457.135265050944,1462.3975701798936,1440.253298205527,1456.6826171875,1376338.3333333333,0.0,0.0
2024-12-31 00:00:00-05:00,1464.4206916984547,1469.2835671774583,1453.703462371498,1457.1602452596028,1169635.5,0.0,0.0
2025-01-02 00:00:00-05:00,1465.480186084511,1471.368536840787,1412.4067141904259,1424.3708089192708,1250774.5,0.0,0.0
2025-01-03 00:00:00-05:00,1427.4201962697534,1455.6220206154028,1426.616291533208,1439.2382850646973,1426478.6666666667,0.0,0.0
2025-01-06 00:00:00-05:00,1448.018405907692,1466.7211326281022,1411.3569261364644,1425.096413930257,1604429.8333333333,0.0,0.0
2025-01-07 00:00:00-05:00,1428.5558284459094,1437.7172494271701,1403.2294427659372,1408.6159133911133,1589134.3333333333,0.0,0.0
2025-01-08 00:00:00-05:00,1408.9424431018906,1437.6321917068283,1396.7799470882092,1428.2755489349365,1928443.1666666667,0.0,0.0
2025-01-10 00:00:00-05:00,1413.189162760721,1413.6653614116015,1391.596854572209,1398.942632675171,2207910.1666666665,0.03833333333333334,0.0
2025-01-13 00:00:00-05:00,1393.6079513955717,1425.1284081464266,1393.1595312915113,1419.8384761810303,2070207.5,0.0,0.0
2025-01-14 00:00:00-05:00,1443.51637464385,1459.606717374032,1438.0233195822273,1453.3318519592285,2916795.6666666665,0.0,0.0
2025-01-15 00:00:00-05:00,1490.7445154518698,1499.133159048408,1468.4605860639124,1474.8211580912273,2757961.8333333335,0.0,0.0
2025-01-16 00:00:00-05:00,1468.9295835223384,1494.5376295515487,1457.370080531092,1491.6008745829265,2082213.5,0.0,0.0
2025-01-17 00:00:00-05:00,1517.25496138771,1517.7380423308061,1488.9746353572534,1493.180929819743,2225092.5,0.0,0.0
2025-01-21 00:00:00-05:00,1510.739723618908,1535.8926092316262,1481.5900740228408,1488.9966316223145,2989433.3333333335,0.0,0.17216666666666666
2025-01-22 00:00:00-05:00,1480.2531746148695,1498.2335563148933,1478.2684186314727,1496.1665356953938,2004066.6666666667,0.0,0.0
2025-01-23 00:00:00-05:00,1487.7507132433057,1501.5233774193912,1477.372859972413,1489.5965372721355,1616850.0,0.0,0.0
2025-01-24 00:00:00-05:00,1490.3269989213823,1498.7442269480298,1463.8550223161944,1464.1861216227214,1439566.6666666667,0.0,0.0
2025-01-27 00:00:00-05:00,1474.834094934502,1514.6057516816093,1474.783309548073,1497.8487485249836,2996866.6666666665,0.0,0.0
2025-01-28 00:00:00-05:00,1512.8742999461138,1513.0904523421468,1436.8340533389858,1442.7744026184082,2145450.0,0.0,0.0
2025-01-29 00:00:00-05:00,1442.8210081366542,1443.4616021432978,1423.1600007567629,1424.541862487793,2050666.6666666667,0.08333333333333333,0.0
2025-01-30 00:00:00-05:00,1431.1635510456174,1468.9928623488283,1430.1887136528849,1456.9451154073079,2205900.0,0.0,0.0
2025-01-31 00:00:00-05:00,1453.4478910877615,1463.0082040616646,1428.9050957613945,1433.0339075724285,1933300.0,0.0,0.0
2025-02-03 00:00:00-05:00,1414.3415979673698,1414.6879227181278,1378.379062295621,1383.2741114298503,2378000.0,0.0,0.0
2025-02-04 00:00:00-05:00,1378.451925327521,1396.4997676148269,1370.673960248342,1393.2802874247234,1831983.3333333333,0.0,0.0
2025-02-05 00:00:00-05:00,1401.744885198764,1412.2302927984601,1389.4714395077,1393.7224515279133,1780633.3333333333,0.0,0.0
2025-02-06 00:00:00-05:00,1395.1218104479883,1405.361756223415,1381.7833460729898,1384.204537709554,2377233.3333333335,0.041666666666666664,0.0
2025-02-07 00:00:00-05:00,1381.9078551762177,1389.3182854193958,1341.6646494300628,1349.34090868632,3288416.6666666665,0.06666666666666667,0.0
2025-02-10 00:00:00-05:00,1360.4201285306792,1364.566678812036,1335.8193242694417,1343.349142710368,2247450.0,0.0,0.0
2025-02-11 00:00:00-05:00,1335.3731788255907,1355.8811611616015,1332.358371064971,1339.9557126363118,2014116.6666666667,0.0,0.0
2025-02-12 00:00:00-05:00,1318.4728739379727,1329.4203538572456,1300.344715977802,1305.940346399943,3097666.6666666665,0.0,0.0
2025-02-13 00:00:00-05:00,1312.0251459990104,1317.5775263976802,1304.8673915883842,1313.718017578125,1635783.3333333333,0.0,0.0
2025-02-14 00:00:00-05:00,1321.6412645405348,1334.1272331610962,1312.9618432346415,1318.2469800313313,1470633.3333333333,0.0,0.0
2025-02-18 00:00:00-05:00,1313.2231742593813,1315.1017106246293,1287.0078944110708,1300.0706793467205,1888816.6666666667,0.0,0.0
2025-02-19 00:00:00-05:00,1269.0726836214878,1288.1478673639097,1263.811732226234,1283.3433361053467,2764816.6666666665,0.0,0.0
2025-02-20 00:00:00-05:00,1277.9968460139526,1299.0224620093777,1272.4115679131444,1297.7758547465007,1703483.3333333333,0.0,0.0
2025-02-21 00:00:00-05:00,1301.785918652751,1302.0611177111268,1264.478972207241,1268.4688421885173,1690533.3333333333,0.0,0.0
2025-02-24 00:00:00-05:00,1268.6156755892703,1271.793217394105,1253.4993538163953,1262.5421829223633,2042616.6666666667,0.0,0.0
2025-02-25 00:00:00-05:00,1270.1792856417972,1321.8726706129717,1269.7972188822632,1311.540324529012,2420900.0,0.0,0.0
2025-02-26 00:00:00-05:00,1303.3049009262877,1308.2607719896473,1282.0244319994133,1288.7469031016033,1696733.3333333333,0.0,0.0
2025-02-27 00:00:00-05:00,1288.8950172737834,1300.3692756995129,1281.4107217375658,1282.8290526072185,1418233.3333333333,0.0,0.0
2025-02-28 00:00:00-05:00,1286.5358230133547,1295.1591120450312,1276.6544634290296,1293.593641281128,2544583.3333333335,0.0,0.0
2025-03-03 00:00:00-05:00,1302.7378006628358,1309.0071392728426,1276.8326211988483,1284.6486352284749,1879650.0,0.0,0.0
2025-03-04 00:00:00-05:00,1281.3425374984754,1300.1983708637983,1271.4002959666261,1285.302489598592,2872366.6666666665,0.0,0.0
2025-03-05 00:00:00-05:00,1288.9114659409208,1323.5565230056804,1288.5285962881994,1318.5203673044841,1859483.3333333333,0.0,0.0
2025-03-06 00:00:00-05:00,1321.163845262797,1349.820366255855,1320.0127289692693,1338.7000980377197,2686350.0,0.0,0.0
2025-03-07 00:00:00-05:00,1342.7484926847267,1348.610387138103,1306.7756837226427,1321.066556930542,2211600.0,0.0,0.0
2025-03-10 00:00:00-04:00,1322.387414404889,1362.6430446815473,1321.6078953571443,1339.0346609751384,2308283.3333333335,0.0,0.0
2025-03-11 00:00:00-04:00,1341.8129579616095,1346.8470863153898,1308.2700183402978,1314.0027103424072,2098616.6666666665,0.0,0.0
2025-03-12 00:00:00-04:00,1316.8168551001434,1334.548707218953,1292.6662820415888,1310.5460205078125,2037583.3333333333,0.0,0.0
2025-03-13 00:00:00-04:00,1301.7636666185351,1315.0257995997972,1252.4643996234256,1271.696128209432,1935433.3333333333,0.0,0.0
2025-03-14 00:00:00-04:00,1284.1233331026626,1295.430367583658,1277.119541152407,1290.5991446177165,1823300.0,0.0,0.0
2025-03-17 00:00:00-04:00,1290.6732638991384,1303.0054164735243,1279.7295599388765,1287.2499758402507,1408383.3333333333,0.0,0.0
2025-03-18 00:00:00-04:00,1285.1585975510027,1296.1662003568474,1272.4158148440645,1281.922368367513,1275466.6666666667,0.03666666666666667,0.0
2025-03-19 00:00:00-04:00,1284.5903139419977,1303.7266959914994,1273.8696105779356,1298.834259668986,1913833.3333333333,0.0,0.0
2025-03-20 00:00:00-04:00,1297.0009682078985,1324.2947373700167,1296.6989344591764,1301.1170698801677,2181233.3333333335,0.0,0.0
2025-03-21 00:00:00-04:00,1281.8133040859277,1294.6667657812814,1268.9972953500317,1281.905667622884,6128833.333333333,0.0,0.0
2025-03-24 00:00:00-04:00,1289.722413931919,1313.7340576175168,1289.5676723439674,1313.517993291219,2030700.0,0.0,0.0
2025-03-25 00:00:00-04:00,1301.9115077630515,1319.4387216737146,1293.977987142209,1306.2144006093342,2764866.6666666665,0.0,0.0
2025-03-26 00:00:00-04:00,1303.5026797525031,1323.1743031759067,1294.833613038682,1304.933562596639,1371066.6666666667,0.0,0.0
2025-03-27 00:00:00-04:00,1306.6221681338307,1314.5413546330778,1297.9588398138317,1304.905689875285,1138600.0,0.0,0.0
2025-03-28 00:00:00-04:00,1307.9124217569813,1317.4350529153944,1275.2549540834234,1280.0365098317463,1590300.0,0.0,0.0
2025-03-31 00:00:00-04:00,1279.7031992198367,1298.7351175751749,1271.467272560414,1291.1389478047688,1900033.3333333333,0.0,0.0
2025-04-01 00:00:00-04:00,1295.1561555574988,1301.3189910040205,1276.934841396638,1286.0453300476074,1438766.6666666667,0.0,0.0
2025-04-02 00:00:00-04:00,1278.4660215329227,1306.1261476629318,1278.258640544642,1301.6390571594238,1557200.0,0.0,0.0
2025-04-03 00:00:00-04:00,1271.6577521745314,1283.731429997787,1247.9372765673854,1264.4625027974446,2605016.6666666665,0.0,0.0
2025-04-04 00:00:00-04:00,1244.6774311703684,1375.5311642790866,1243.807430284215,1317.268330891927,4313466.666666667,0.0,0.0
2025-04-07 00:00:00-04:00,1293.860746166223,1309.0555180630292,1244.0286961496836,1252.3923257191975,3549700.0,0.0,0.0
2025-04-08 00:00:00-04:00,1265.8558348598892,1281.1550629885335,1180.1945201866229,1191.2043679555256,3070816.6666666665,0.0,0.0
2025-04-09 00:00:00-04:00,1173.0753458521901,1271.7606627628888,1165.1822684236834,1265.3346741994221,3899850.0,0.0,0.0
2025-04-10 00:00:00-04:00,1258.5838537315763,1268.057864894137,1199.0797492671747,1242.2663873036702,2260783.3333333335,0.0,0.0
2025-04-11 00:00:00-04:00,1241.7105480861205,1283.3850394521849,1219.6868176183755,1277.028262456258,2299750.0,0.041666666666666664,0.0
2025-04-14 00:00:00-04:00,1293.4046631424799,1303.2837273613893,1269.4164256253496,1283.916664759318,1715083.3333333333,0.0,0.0
2025-04-15 00:00:00-04:00,1283.428325451326,1299.7896126220414,1269.354028738438,1277.4526462554932,1466566.6666666667,0.0,0.0
2025-04-16 00:00:00-04:00,1275.927880394918,1291.238033784813,1243.5626442241312,1249.172020594279,1845100.0,0.0,0.0
2025-04-17 00:00:00-04:00,1270.4697982018472,1279.4989356331985,1257.1989275458134,1275.2273578643799,2543233.3333333335,0.0,0.0
2025-04-21 00:00:00-04:00,1265.399823570146,1278.2436006417186,1242.7648063426302,1264.9081789652507,1897950.0,0.0,0.0
2025-04-22 00:00:00-04:00,1243.8855507012706,1275.727293530343,1214.215937960746,1274.4010111490886,2339616.6666666665,0.0,0.0
2025-04-23 00:00:00-04:00,1295.6986891405609,1311.5762214442052,1254.8320679065826,1260.5423463185627,2288400.0,0.08333333333333333,0.0
2025-04-24 00:00:00-04:00,1254.6821153743383,1279.1767808411812,1247.0888657912117,1272.554578781128,1699250.0,0.0,0.0
2025-04-25 00:00:00-04:00,1266.3118451119133,1270.368110952665,1249.9550335617284,1259.0560658772786,1583633.3333333333,0.0,0.0
2025-04-28 00:00:00-04:00,1260.4777799690394,1267.998380754512,1243.92779551651,1254.3616326649983,1352150.0,0.0,0.0
2025-04-29 00:00:00-04:00,1251.5409869132357,1269.0487777326618,1246.4876272216004,1266.1384741465251,1475916.6666666667,0.0,0.0
2025-04-30 00:00:00-04:00,1245.387907722309,1269.171682837695,1243.1710090949427,1268.8664576212566,1527266.6666666667,0.0,0.0
2025-05-01 00:00:00-04:00,1265.0026204756941,1274.7487364607994,1250.9710569306374,1253.413444519043,1372633.3333333333,0.0,0.0
2025-05-02 00:00:00-04:00,1270.8751204691953,1281.9329203466314,1261.2654438970753,1270.095443089803,1308800.0,0.06666666666666667,0.0
2025-05-05 00:00:00-04:00,1260.3858341537768,1280.7197953210614,1258.4413129152888,1261.5016962687175,1395333.3333333333,0.0,0.0
2025-05-06 00:00:00-04:00,1258.0246302743208,1265.8923389178813,1238.9278234184167,1240.0085430145264,1557400.0,0.0,0.0
2025-05-07 00:00:00-04:00,1249.7297567508567,1269.5001829632176,1249.2089211363593,1263.1854254404705,1697316.6666666667,0.0,0.0
2025-05-08 00:00:00-04:00,1266.0314688434091,1300.4608499370484,1264.7867098283043,1286.4014797210693,1595533.3333333333,0.041666666666666664,0.0
2025-05-09 00:00:00-04:00,1286.777115912718,1298.7675489995145,1271.8173924124574,1272.7464358011882,1446516.6666666667,0.0,0.0
2025-05-12 00:00:00-04:00,1309.2392871027403,1346.5688049600305,1300.6643714038553,1314.6272532145183,1762716.6666666667,0.0,0.0
2025-05-13 00:00:00-04:00,1320.9212672456736,1337.7191012593228,1314.711991085849,1318.116864522298,1648883.3333333333,0.0,0.0
2025-05-14 00:00:00-04:00,1321.3592584037117,1323.2587183075223,1274.4812040155273,1275.7909653981526,2184316.6666666665,0.0,0.0
2025-05-15 00:00:00-04:00,1279.7155965723107,1290.929937512324,1263.9427797959597,1289.8823954264324,1654683.3333333333,0.0,0.0
2025-05-16 00:00:00-04:00,1291.0286603750055,1311.8007766202456,1287.1530143236405,1311.7181415557861,1423400.0,0.0,0.0
2025-05-19 00:00:00-04:00,1293.976054936116,1307.9147215156709,1285.8820673912335,1301.3854916890461,1386550.0,0.0,0.0
2025-05-20 00:00:00-04:00,1296.0182516886973,1302.3754549245002,1278.544231890574,1282.2687886555989,1631883.3333333333,0.0,0.0
2025-05-21 00:00:00-04:00,1277.6272648236531,1288.0664320659696,1247.127722595694,1258.931157430013,2547616.6666666665,0.0,0.0
2025-05-22 00:00:00-04:00,1252.055997053869,1261.5877734788983,1244.5745568602772,1257.5252685546875,1919866.6666666667,0.0,0.0
2025-05-23 00:00:00-04:00,1244.789377897587,1263.0965086833824,1244.4870634116076,1256.6244080861409,1515500.0,0.0,0.0
2025-05-27 00:00:00-04:00,1263.2035778633624,1287.1853353600006,1250.1906948549351,1282.950661977132,1591766.6666666667,0.0,0.0
2025-05-28 00:00:00-04:00,1280.3114061523813,1289.2757990702205,1245.1328339103818,1245.31787109375,1755266.6666666667,0.0,0.0
2025-05-29 00:00:00-04:00,1253.7592958634693,1263.496554702551,1249.6982752149406,1262.1908219655354,1593300.0,0.0,0.0
2025-05-30 00:00:00-04:00,1265.565164193042,1268.0347384156873,1247.3432283453703,1264.9561195373535,2203433.3333333335,0.0,0.0
2025-06-02 00:00:00-04:00,1254.6312363279496,1255.942089656899,1233.8942892566372,1252.1693210601807,1719400.0,0.0,0.0
2025-06-03 00:00:00-04:00,1250.62591640904,1261.522628227865,1246.2385106872764,1257.6105264027913,1588050.0,0.0,0.0
2025-06-04 00:00:00-04:00,1260.7896141370961,1291.5577231452887,1260.045117698194,1283.89883295695,1857616.6666666667,0.0,0.0
2025-06-05 00:00:00-04:00,1279.9714812273612,1287.3021094670887,1273.2665961476046,1281.0269718170166,1294616.6666666667,0.0,0.0
2025-06-06 00:00:00-04:00,1281.2064029697237,1283.3583715443017,1260.5709696449196,1266.783431371053,1360450.0,0.0,0.0
2025-06-09 00:00:00-04:00,1269.1185149370165,1279.2079895311845,1255.916447838152,1271.8740533192952,1402866.6666666667,0.0,0.0
2025-06-10 00:00:00-04:00,1278.3732357351919,1318.49859175499,1276.4360298147853,1317.733299891154,1917966.6666666667,0.0,0.0
2025-06-11 00:00:00-04:00,1327.766105130203,1335.826648761994,1294.705397545242,1299.1174488067627,2194933.3333333335,0.0,0.0
2025-06-12 00:00:00-04:00,1298.4662109773774,1318.6932106846155,1287.0731854929788,1314.7898031870525,1395433.3333333333,0.0,0.0
2025-06-13 00:00:00-04:00,1305.061872234171,1313.1650465814591,1278.227688594496,1285.7800191243489,1764366.6666666667,0.0,0.0
2025-06-16 00:00:00-04:00,1305.4462410115336,1305.6345836921428,1273.3504614978608,1285.6561953226726,1992216.6666666667,0.0,0.0
2025-06-17 00:00:00-04:00,1279.1019532783837,1299.3363016959688,1239.9361506609318,1244.6109568277996,2949266.6666666665,0.03666666666666667,0.0
2025-06-18 00:00:00-04:00,1252.904953114113,1262.3781236100929,1235.3759998624512,1242.5990524291992,2278416.6666666665,0.0,0.0
2025-06-20 00:00:00-04:00,1246.8566819526052,1278.3128058227828,1246.1115767825797,1274.335220336914,3702333.3333333335,0.0,0.0
2025-06-23 00:00:00-04:00,1266.8378019330123,1309.0954733936671,1259.1387869352086,1307.480452855428,2615850.0,0.0,0.0
2025-06-24 00:00:00-04:00,1307.2174535201052,1312.9929724300025,1289.1264623018808,1297.7544174194336,2715550.0,0.0,0.0
2025-06-25 00:00:00-04:00,1291.6536811018352,1299.2096993184107,1277.2695286652136,1282.1144536336262,1624400.0,0.0,0.0
2025-06-26 00:00:00-04:00,1281.305903279675,1298.9705463595171,1271.7981816288216,1297.2674261728923,1699016.6666666667,0.0,0.0
2025-06-27 00:00:00-04:00,1301.583692969027,1324.3756555830971,1297.221109314686,1313.7870222727458,2724733.3333333335,0.0,0.0
2025-06-30 00:00:00-04:00,1315.642000132184,1327.3661528460118,1305.0281482726414,1315.5855808258057,1563400.0,0.0,0.0
2025-07-01 00:00:00-04:00,1312.5473679150246,1389.1032960124576,1312.256132893878,1366.018232981364,3140216.6666666665,0.0,0.0
2025-07-02 00:00:00-04:00,1369.130428433904,1391.7677016524692,1368.312872720406,1383.7206268310547,2513200.0,0.0,0.0
2025-07-03 00:00:00-04:00,1380.1064528004129,1381.7073634265246,1346.2732800403312,1357.121280034383,1723433.3333333333,0.08333333333333333,0.0
2025-07-07 00:00:00-04:00,1359.0627519428701,1359.6814431670205,1328.4686426850674,1348.1055335998535,1619566.6666666667,0.0,0.0
2025-07-08 00:00:00-04:00,1341.972845633563,1352.9827831084124,1338.0004819808566,1339.2445170084636,1770450.0,0.0,0.0
2025-07-09 00:00:00-04:00,1344.5302757714865,1377.5743102535728,1338.2907623642197,1373.639539718628,3353733.3333333335,0.0,0.0
2025-07-10 00:00:00-04:00,1362.0307507655189,1392.2801153858506,1361.6684860158798,1372.6237684885662,2992733.3333333335,0.0,0.0
2025-07-11 00:00:00-04:00,1358.1342978708915,1369.7528699737875,1347.3215505818782,1361.6590868632,2084583.3333333333,0.041666666666666664,0.0
2025-07-14 00:00:00-04:00,1352.6193694103695,1358.016905671903,1335.9167851505144,1354.1673405965169,2074883.3333333333,0.0,0.0
2025-07-15 00:00:00-04:00,1357.7027486919906,1360.2193176204107,1301.6115759806212,1301.7386150360107,2690966.6666666665,0.0,0.0
2025-07-16 00:00:00-04:00,1308.0539350170295,1321.61247290907,1296.9009898976183,1315.7202326456706,2451666.6666666665,0.0,0.0
2025-07-17 00:00:00-04:00,1314.284306078939,1333.1661701405371,1314.0048168603375,1326.3926633199055,1759666.6666666667,0.0,0.0
2025-07-18 00:00:00-04:00,1335.4485024149992,1335.7546594564901,1313.9433082886253,1323.3452593485515,1977016.6666666667,0.0,0.0
2025-07-21 00:00:00-04:00,1330.5606849285114,1339.466411755525,1314.1549099472795,1315.4674339294434,2243300.0,0.0,0.0
2025-07-22 00:00:00-04:00,1342.8857430950377,1420.4074170144665,1341.7748123203867,1414.0555629730225,4801350.0,0.0,0.0
2025-07-23 00:00:00-04:00,1429.98236868211,1437.2394120481933,1403.154272460265,1411.013282775879,2563233.3333333335,0.0,0.0
2025-07-24 00:00:00-04:00,1405.701229206322,1415.7936690156341,1381.4664079640786,1389.832691192627,2219633.3333333335,0.0,0.0
2025-07-25 00:00:00-04:00,1391.9185679934599,1392.4746495869877,1366.5420858142386,1390.999760945638,1658716.6666666667,0.0,0.0
2025-07-28 00:00:00-04:00,1385.6106553362172,1411.3121916613165,1373.997366763215,1400.1597951253254,1607116.6666666667,0.0,0.0
2025-07-29 00:00:00-04:00,1396.6430577935687,1402.725593990239,1386.727172122383,1396.2007077534993,1455483.3333333333,0.0,0.0
2025-07-30 00:00:00-04:00,1392.4525444311923,1400.6543461680903,1355.3219943202103,1362.2177721659343,1939716.6666666667,0.0,0.0
2025-07-31 00:00:00-04:00,1350.4314516345403,1366.7412658609135,1340.9915114446137,1347.8861834208171,1681783.3333333333,0.0,0.0
2025-08-01 00:00:00-04:00,1361.402300623225,1393.3896090143132,1358.12137960253,1386.4882176717122,2671783.3333333335,0.0,0.0
2025-08-04 00:00:00-04:00,1388.2598855216786,1409.2674105279941,1385.115698770346,1406.932772954305,1689100.0,0.0,0.0
2025-08-05 00:00:00-04:00,1403.598344141379,1430.9201783676715,1403.5174134854897,1414.2139593760173,1868183.3333333333,0.0,0.0
2025-08-06 00:00:00-04:00,1421.6339227505048,1429.9764666023304,1405.9741787205612,1407.3937435150146,1699733.3333333333,0.0,0.0
2025-08-07 00:00:00-04:00,1419.3388830482038,1431.71792334412,1398.2734855598512,1400.9624729156494,1461933.3333333333,0.10833333333333334,0.0
2025-08-08 00:00:00-04:00,1409.0829509188804,1413.5157990401824,1394.2744640557166,1406.6080137888591,1534666.6666666667,0.0,0.0
2025-08-11 00:00:00-04:00,1408.4763397982013,1417.3739568081744,1376.847265535469,1394.7679220835369,1553183.3333333333,0.0,0.0
2025-08-12 00:00:00-04:00,1399.802237588653,1433.1759952041668,1393.2525755013746,1425.7493648529053,1977716.6666666667,0.0,0.0
2025-08-13 00:00:00-04:00,1436.1063986085812,1494.034311457948,1435.5032470018693,1486.0806821187336,2939900.0,0.0,0.0
2025-08-14 00:00:00-04:00,1469.3734438172462,1473.7319038516816,1458.414822065025,1468.651237487793,2107616.6666666665,0.0,0.0
2025-08-15 00:00:00-04:00,1482.5655276170946,1487.393874767058,1465.373475810682,1475.1728432973225,2667933.3333333335,0.0,0.0
2025-08-18 00:00:00-04:00,1475.8348005036178,1481.1825768096603,1459.0079768684857,1461.0565274556477,1794783.3333333333,0.0,0.0
2025-08-19 00:00:00-04:00,1469.911128693718,1495.1334532079916,1460.0374355816336,1478.5710436503093,2339166.6666666665,0.0,0.0
2025-08-20 00:00:00-04:00,1482.6609150460297,1492.263529928896,1436.4372578286393,1440.2154394785564,2445033.3333333335,0.0,0.0
2025-08-21 00:00:00-04:00,1430.9132208142648,1431.4502813756526,1405.1675114880134,1426.4850648244221,1753800.0,0.0,0.0
2025-08-22 00:00:00-04:00,1431.456657240922,1491.3565626363636,1418.6819117862362,1475.2937240600586,3000050.0,0.0,0.0
2025-08-25 00:00:00-04:00,1471.44333021719,1477.9712985792237,1456.9222967303212,1460.2352695465088,1888483.3333333333,0.0,0.0
2025-08-26 00:00:00-04:00,1452.8857072554592,1467.4879691161843,1445.1963466212026,1449.7018082936604,2035650.0,0.0,0.0
2025-08-27 00:00:00-04:00,1446.32631331381,1452.1461957646554,1435.0302538042224,1443.8789107004802,1471700.0,0.0,0.0
2025-08-28 00:00:00-04:00,1445.4827744282593,1451.7912580066325,1431.7931961473005,1451.1601053873699,1662233.3333333333,0.0,0.0
2025-08-29 00:00:00-04:00,1449.705407798264,1463.7617299814135,1442.5015656563548,1458.525660832723,1233116.6666666667,0.0,0.0
2025-09-02 00:00:00-04:00,1441.7641594656743,1471.8002741441962,1441.412612236184,1467.035436630249,1593283.3333333333,0.0,0.0
2025-09-03 00:00:00-04:00,1463.21420856784,1488.9526086055378,1462.8844728272268,1471.7644901275635,1841983.3333333333,0.0,0.0
2025-09-04 00:00:00-04:00,1491.0901311722903,1512.0279054905156,1474.8309541656643,1511.2773056030273,2101683.3333333335,0.0,0.0
2025-09-05 00:00:00-04:00,1529.0262228243885,1550.4607443618152,1518.285581304779,1529.609380086263,2446350.0,0.0,0.0
2025-09-08 00:00:00-04:00,1530.2177828279766,1540.6558091997401,1514.6962845062815,1537.1207033793132,1798466.6666666667,0.0,0.0
2025-09-09 00:00:00-04:00,1522.4323618593944,1525.5491347210739,1478.2277365512543,1489.201400756836,2378650.0,0.0,0.0
2025-09-10 00:00:00-04:00,1484.7723140616974,1499.9564009347557,1478.8983040802323,1498.1632868448894,1869816.6666666667,0.0,0.0
2025-09-11 00:00:00-04:00,1507.0171451204114,1539.459144153924,1500.0765155565687,1533.86172358195,1485316.6666666667,0.0,0.0
2025-09-12 00:00:00-04:00,1528.5546524501635,1535.5927255825657,1505.5973043161264,1512.0973930358887,1410200.0,0.0,0.0
2025-09-15 00:00:00-04:00,1513.5576937933654,1524.8742465534876,1474.1167296861097,1486.9549471537273,2563350.0,0.0,0.0
2025-09-16 00:00:00-04:00,1487.1809475011426,1488.4114030562787,1459.7597916738723,1475.4155591328938,2082466.6666666667,0.03666666666666667,0.0
2025-09-17 00:00:00-04:00,1481.1449051785642,1516.1293989817152,1453.670060047026,1462.676144917806,2582050.0,0.0,0.0
2025-09-18 00:00:00-04:00,1471.5078965742093,1472.6287302676417,1447.6272036076762,1469.4035352071126,2183916.6666666665,0.0,0.0
2025-09-19 00:00:00-04:00,1459.9517972029907,1473.0955151787691,1449.2227765265106,1453.7385114034016,6315450.0,0.0,0.0
2025-09-22 00:00:00-04:00,1448.171288640041,1448.390501813986,1418.8765054986295,1422.6521606445312,2665666.6666666665,0.0,0.0
2025-09-23 00:00:00-04:00,1427.304300907179,1439.0267188990113,1417.8952984778064,1432.5560003916423,1860533.3333333333,0.0,0.0
2025-09-24 00:00:00-04:00,1421.2879406982029,1454.2807969698406,1420.8123323447323,1442.812344233195,1977816.6666666667,0.0,0.0
2025-09-25 00:00:00-04:00,1434.3700838917155,1442.0727661022345,1419.162124590586,1419.686503092448,1992700.0,0.0,0.0
2025-09-26 00:00:00-04:00,1428.1694266327759,1449.175464616609,1422.3456749822642,1442.3807525634766,1302250.0,0.0,0.0
2025-09-29 00:00:00-04:00,1454.3448494483707,1457.496251755875,1433.208761823359,1454.1299985249836,1432483.3333333333,0.0,0.0
2025-09-30 00:00:00-04:00,1444.6683375216214,1451.0867543358324,1435.897498270242,1443.4455083211262,1307333.3333333333,0.0,0.0
2025-10-01 00:00:00-04:00,1449.25297981388,1461.2531239805385,1433.2283392675856,1445.4544194539387,1328166.6666666667,0.0,0.0
2025-10-02 00:00:00-04:00,1445.9300042372943,1461.3631991984978,1435.346641255803,1451.1852048238118,1123283.3333333333,0.0,0.0
2025-10-03 00:00:00-04:00,1452.9855647074971,1473.3380003846532,1452.7784370544287,1470.9316139221191,1334066.6666666667,0.0,0.0
2025-10-06 00:00:00-04:00,1474.7417297820748,1475.0366681831285,1444.287701277354,1450.650712966919,1370433.3333333333,0.0,0.0
2025-10-07 00:00:00-04:00,1434.6369634632993,1436.4623291778678,1402.6640078682046,1407.29349899292,2577316.6666666665,0.0,0.0
2025-10-08 00:00:00-04:00,1401.7386283232902,1401.7718926442612,1381.309819127264,1392.0828641255696,2534416.6666666665,0.0,0.0
2025-10-09 00:00:00-04:00,1380.2043321094015,1384.9587446556159,1347.5130229750011,1365.5245691935222,3463833.3333333335,0.0,0.0
2025-10-10 00:00:00-04:00,1370.3019437636847,1373.3912906540709,1335.8542834015636,1337.3123480478923,2682466.6666666665,0.125,0.0
2025-10-13 00:00:00-04:00,1335.9814319274437,1367.2374740831274,1335.3638395115918,1359.886178970337,1772866.6666666667,0.0,0.0
2025-10-14 00:00:00-04:00,1351.3289253841567,1396.53208448021,1350.5518192805841,1388.8246542612712,2286450.0,0.0,0.0
2025-10-15 00:00:00-04:00,1392.2565955935763,1397.307495979504,1372.0609353706013,1373.505335489909,1687166.6666666667,0.0,0.0
2025-10-16 00:00:00-04:00,1373.384378687585,1376.056373685861,1353.4799275659007,1366.4612471262615,1896533.3333333333,0.0,0.0
2025-10-17 00:00:00-04:00,1366.8799231043322,1381.2707910479314,1364.7008141427734,1373.0269209543865,2117400.0,0.0,0.0
2025-10-20 00:00:00-04:00,1379.229699975432,1392.2967117462665,1366.8640334324446,1379.8489233652751,2067233.3333333333,0.0,0.0
2025-10-21 00:00:00-04:00,1370.4287452648678,1407.1245027989205,1362.9001289025898,1400.18452835083,2603816.6666666665,0.0,0.0
2025-10-22 00:00:00-04:00,1388.7641950297273,1400.7833657274268,1369.0771057089612,1383.1602579752605,1743066.6666666667,0.0,0.0
2025-10-23 00:00:00-04:00,1375.0021755085327,1388.729026128491,1370.8260415491204,1380.560433069865,1189750.0,0.0,0.0
2025-10-24 00:00:00-04:00,1388.5209363664546,1389.0303722432348,1338.219136211039,1339.2338778177898,1513400.0,0.0,0.0
2025-10-27 00:00:00-04:00,1344.4160256004584,1349.151096895255,1333.9308197425123,1340.911891301473,1410733.3333333333,0.0,0.0
2025-10-28 00:00:00-04:00,1314.1051681236283,1346.6563556626131,1309.0329101264224,1344.0178305308025,2127733.3333333335,0.0,0.0
2025-10-29 00:00:00-04:00,1329.2357125546964,1351.1287173941623,1309.7003252013994,1319.8148466746013,3013533.3333333335,0.0,0.0
2025-10-30 00:00:00-04:00,1319.7217591523352,1330.7839576914978,1293.895746015358,1305.2826951344807,1991833.3333333333,0.0,0.0
2025-10-31 00:00:00-04:00,1293.372903416944,1309.6365665155747,1292.5359899134162,1299.7457237243652,1968350.0,0.0,0.0
2025-11-03 00:00:00-05:00,1288.4332858281664,1289.1877074143547,1268.659247626232,1274.7847855885823,1987616.6666666667,0.0,0.0
2025-11-04 00:00:00-05:00,1273.9295475172678,1290.5087237478558,1262.2544010798144,1287.5165901184082,1679716.6666666667,0.0,0.0
2025-11-05 00:00:00-05:00,1287.044160184905,1305.783371940827,1280.2656128497508,1293.25461769104,1482383.3333333333,0.0,0.0
2025-11-06 00:00:00-05:00,1290.7899832501353,1302.9474941649821,1284.5859752830913,1295.0788186391194,1112050.0,0.0,0.0
2025-11-07 00:00:00-05:00,1292.1389225891792,1306.3961534556847,1287.8131652004306,1304.9258931477864,1889850.0,0.0,0.0
2025-11-10 00:00:00-05:00,1301.6964642320886,1324.960747261277,1297.424157468823,1319.5960515340169,1527383.3333333333,0.0,0.0
2025-11-11 00:00:00-05:00,1325.899558662031,1326.7275035661162,1307.2096187809705,1314.9370854695637,1308050.0,0.0,0.0
2025-11-12 00:00:00-05:00,1320.3258225832371,1329.0075879825729,1305.8194292662772,1312.109510421753,1521883.3333333333,0.0,0.0
2025-11-13 00:00:00-05:00,1305.9874456007162,1325.430084974534,1303.7287843108431,1304.858414332072,1797066.6666666667,0.11666666666666665,0.0
2025-11-14 00:00:00-05:00,1312.3282150004434,1316.499874585481,1297.355474220433,1307.1046206156414,1706150.0,0.0,0.0
2025-11-17 00:00:00-05:00,1304.5027012968242,1309.0807141357013,1282.284426735023,1284.334114074707,2674566.6666666665,0.0,0.0
2025-11-18 00:00:00-05:00,1274.991347706166,1285.4724558451155,1261.4075863065095,1283.0293776194255,2334316.6666666665,0.0,0.0
2025-11-19 00:00:00-05:00,1278.4530085175802,1293.7875631911445,1273.1389738311268,1278.192211786906,3762283.3333333335,0.0,0.0
2025-11-20 00:00:00-05:00,1290.1548987200158,1293.89709701642,1271.3751294622427,1285.6264902750652,6398066.666666667,0.0,0.0
2025-11-21 00:00:00-05:00,1297.8018126231666,1341.529341347818,1297.680625368633,1328.4322732289631,4617750.0,0.0,0.0
2025-11-24 00:00:00-05:00,1300.4991459213106,1322.9848294045262,1299.186206171425,1306.938850402832,3211466.6666666665,0.0,0.0
2025-11-25 00:00:00-05:00,1320.7539739449435,1348.7761660282265,1319.6414760786804,1344.1706943511963,4136316.6666666665,0.0,0.0
2025-11-26 00:00:00-05:00,1340.9930482963134,1369.4436838321044,1340.772202020102,1364.2958323160808,3342233.3333333335,0.0,0.0
2025-11-28 00:00:00-05:00,1370.9680134392377,1371.5811798661769,1350.3117133094531,1354.5220896402996,1435150.0,0.0,0.0
2025-12-01 00:00:00-05:00,1343.704365293857,1373.282794171484,1343.3385671389199,1355.6804122924805,4277450.0,0.0,0.0
2025-12-02 00:00:00-05:00,1363.3803668126175,1379.4345951916541,1354.196579411028,1369.5656840006511,3243333.3333333335,0.0,0.0
2025-12-03 00:00:00-05:00,1377.62835353616,1397.3604212893006,1374.120822043351,1385.7582372029622,2272916.6666666665,0.0,0.0
2025-12-04 00:00:00-05:00,1379.8978323634317,1384.3497951200122,1350.0151042268947,1356.4141025543213,2418283.3333333335,0.0,0.0
2025-12-05 00:00:00-05:00,1348.8902367008516,1367.2661254154755,1347.1656145434933,1358.0154425303142,1915833.3333333333,0.0,0.0
2025-12-08 00:00:00-05:00,1351.5699460922503,1358.219626608321,1338.0258781727125,1338.8729127248127,2207950.0,0.0,0.0
2025-12-09 00:00:00-05:00,1332.9217858718314,1342.0102845849015,1311.8696340940573,1316.8074436187744,2266200.0,0.0,0.0
2025-12-10 00:00:00-05:00,1321.76260626318,1355.188209117198,1321.658014976613,1351.4872538248699,2189800.0,0.0,0.0
2025-12-11 00:00:00-05:00,1358.318935444703,1371.1394942516808,1347.2148612692004,1352.7022857666016,1476666.6666666667,0.0,0.0
2025-12-12 00:00:00-05:00,1352.9126353213849,1366.7178528589566,1345.2095520880894,1353.8334490458171,1508900.0,0.0,0.0
2025-12-15 00:00:00-05:00,1363.1747232871714,1374.3593535340087,1355.6236400606515,1373.1264584859211,1603033.3333333333,0.0,0.0
2025-12-16 00:00:00-05:00,1372.8604322207127,1377.5881778938349,1351.9554974603882,1354.7366733551025,2112700.0,0.043333333333333335,0.0
2025-12-17 00:00:00-05:00,1338.4958653664064,1367.3073075527006,1332.6251510105985,1343.3725490570068,3275816.6666666665,0.0,0.0
2025-12-18 00:00:00-05:00,1363.0461759402904,1368.7310352001277,1346.023410136433,1357.3041350046794,3000283.3333333335,0.0,0.0
2025-12-19 00:00:00-05:00,1350.2685018121817,1362.1436634538034,1321.6425641762837,1328.4015769958496,5258183.333333333,0.0,0.0
2025-12-22 00:00:00-05:00,1336.5206367431329,1344.560980344095,1322.1716919461107,1327.213830947876,1683750.0,0.0,0.0
2025-12-23 00:00:00-05:00,1334.4737511670971,1334.8111992142533,1303.846056142603,1316.3994204203289,1815583.3333333333,0.0,0.0
2025-12-24 00:00:00-05:00,1311.4912900440606,1333.974703476456,1309.755656051456,1325.3307126363118,747316.6666666666,0.0,0.0
2025-12-26 00:00:00-05:00,1327.5743664567137,1332.4136625806057,1317.194820881704,1324.606237411499,870616.6666666666,0.0,0.0
2025-12-29 00:00:00-05:00,1324.0329180692256,1331.1739068615236,1314.6957613182103,1319.5576826731365,1129933.3333333333,0.0,0.0
2025-12-30 00:00:00-05:00,1318.7637091125214,1321.277229435229,1306.5434731880382,1314.4900499979656,1123716.6666666667,0.0,0.0
2025-12-31 00:00:00-05:00,1314.9990048600464,1325.4397710682085,1305.6841106010777,1307.8573328653972,1009216.6666666666,0.0,0.0
2026-01-02 00:00:00-05:00,1307.2402968965507,1324.9392852608778,1298.4189264838521,1306.528268814087,1232850.0,0.0,0.0
2026-01-05 00:00:00-05:00,1301.2047437013605,1332.8431713507232,1301.0070265838506,1314.2978242238362,1409700.0,0.0,0.0
2026-01-06 00:00:00-05:00,1300.9715962170249,1303.001548481739,1261.6352191367962,1300.6086673736572,2085950.0,0.0,0.0
2026-01-07 00:00:00-05:00,1307.8594450572698,1317.4171619615875,1279.3711511680317,1282.6146863301594,2455533.3333333335,0.0,0.0
2026-01-08 00:00:00-05:00,1276.3795617066946,1327.4470804011537,1275.9090773860423,1325.9955348968506,2220550.0,0.0,0.0
2026-01-09 00:00:00-05:00,1347.4534587759752,1373.6748335627751,1320.6170184443095,1366.0268777211506,3868883.3333333335,0.041666666666666664,0.0
2026-01-12 00:00:00-05:00,1370.0450257574194,1390.277169793155,1348.2195840286965,1368.8344484965007,2526250.0,0.0,0.0
2026-01-13 00:00:00-05:00,1372.2752943033156,1384.9191071693176,1353.0971999270748,1383.546495437622,1798116.6666666667,0.0,0.0
2026-01-14 00:00:00-05:00,1373.1297087813157,1386.8341075631622,1361.8545145356045,1366.2476278940837,2054133.3333333333,0.0,0.0
2026-01-15 00:00:00-05:00,1373.3684831386443,1380.711640839687,1351.0117408760075,1374.8591016133626,1411950.0,0.0,0.0
2026-01-16 00:00:00-05:00,1372.010214591349,1375.5732374673405,1337.6256767244024,1362.1832071940105,2311616.6666666665,0.0,0.0
2026-01-20 00:00:00-05:00,1340.9347231456832,1361.438797613489,1335.4789497298334,1355.7128079732258,2107033.3333333335,0.0,0.0
2026-01-21 00:00:00-05:00,1359.7483337300805,1409.8194278503415,1358.800578422357,1401.9657274882,2100550.0,0.0,0.0
2026-01-22 00:00:00-05:00,1406.5891689451175,1420.4941940670444,1393.6809543366628,1394.5435021718342,1834800.0,0.0,0.0
2026-01-23 00:00:00-05:00,1396.9402902841318,1425.914347791603,1363.166096231225,1372.5756511688232,1429483.3333333333,0.0,0.0
2026-01-26 00:00:00-05:00,1376.9607155742035,1386.1763862734597,1356.8418154223289,1375.2372010548909,1340966.6666666667,0.0,0.0
2026-01-27 00:00:00-05:00,1374.6601213538145,1375.1543480245352,1338.5752491803166,1346.9638582865398,1454116.6666666667,0.0,0.0
2026-01-28 00:00:00-05:00,1363.5802708747328,1408.5478835430629,1360.152974306693,1368.6823616027832,1644466.6666666667,0.0,0.0
2026-01-29 00:00:00-05:00,1378.6231470231241,1399.3630941009596,1354.1968532189096,1369.3936506907146,1860650.0,0.0,0.0
2026-01-30 00:00:00-05:00,1358.964540601814,1373.5728831948138,1332.4943159027846,1369.9826545715332,1527166.6666666667,0.0,0.0
2026-02-02 00:00:00-05:00,1359.9361187811344,1386.4842407864624,1353.8506145650513,1384.3192596435547,1457850.0,0.0,0.0
2026-02-03 00:00:00-05:00,1379.1300877330912,1437.809590790631,1377.2136069487824,1395.3949788411458,2527916.6666666665,0.0,0.0
2026-02-04 00:00:00-05:00,1404.570312598933,1454.5891123001722,1401.1142359418584,1440.8216412862141,2174816.6666666665,0.08333333333333333,0.0
2026-02-05 00:00:00-05:00,1444.921667734782,1462.0133673350017,1435.566666285197,1444.0916760762532,1401666.6666666667,0.11666666666666665,0.0
2026-02-06 00:00:00-05:00,1446.9683634440105,1455.4499994913738,1398.199972788493,1438.2399730682373,2291533.3333333335,0.0,0.0
2026-02-09 00:00:00-05:00,1442.5566310882568,1446.0182965596516,1414.1116994222004,1415.8233318328857,1281000.0,0.0,0.0
2026-02-10 00:00:00-05:00,1430.9250195821126,1461.9083061218262,1427.8233076731365,1456.344964981079,1613300.0,0.0,0.0
2026-02-11 00:00:00-05:00,1449.4300009409587,1462.5950012207031,1437.5316270192463,1457.8000017801921,1725400.0,0.0,0.0
2026-02-12 00:00:00-05:00,1467.2983322143555,1477.7416648864746,1453.2732938130696,1457.840025583903,1957133.3333333333,0.0,0.0
2026-02-13 00:00:00-05:00,1463.0216484069824,1466.2949816385906,1358.3149846394856,1362.0883611043294,1693500.0,0.0,0.0
2026-02-17 00:00:00-05:00,1352.9649823506672,1356.703333536784,1318.5000394185383,1346.6483332316081,1501683.3333333333,0.0,0.0
2026-02-18 00:00:00-05:00,1341.889980316162,1369.1200052897136,1335.243315378825,1363.2550214131672,1563250.0,0.0,0.0
2026-02-19 00:00:00-05:00,1361.5033340454102,1374.1483510335286,1352.0016899108887,1361.776688893636,1440766.6666666667,0.0,0.0
2026-02-20 00:00:00-05:00,1366.5983352661133,1393.4383544921875,1356.2183570861816,1371.4166831970215,1184233.3333333333,0.0,0.0
2026-02-23 00:00:00-05:00,1373.723326365153,1385.8516527811687,1341.654971440633,1350.0483474731445,1193650.0,0.0,0.0
2026-02-24 00:00:00-05:00,1351.4300155639648,1369.3866869608562,1347.2733624776204,1358.4200057983398,1027716.6666666666,0.0,0.0
2026-02-25 00:00:00-05:00,1354.5433133443196,1359.1299654642742,1308.3282992045085,1317.6850248972576,1730350.0,0.0,0.0
2026-02-26 00:00:00-05:00,1324.5883299509685,1347.109962463379,1321.5033226013184,1343.8150227864583,1010716.6666666666,0.0,0.0
2026-02-27 00:00:00-05:00,1339.8650347391765,1368.2632942199707,1332.1200256347656,1358.4266738891602,1706016.6666666667,0.0,0.0
